bootstrap_iteration,crossover_R,crossover_pct
1,84.76522525283005,8.277854028596684
2,84.62459288585667,8.26412039900944
3,85.39412370603368,8.339269893167351
4,1.4221627406752453,0.13888308014406692
5,84.78056515329313,8.279352065751281
6,84.56704356763748,8.258500348402098
7,85.39412370603368,8.339269893167351
8,84.53992958897125,8.255852498922973
9,85.19965697177103,8.320279001149515
10,84.21093359522516,8.223723983908707
11,1.520057629385323,0.14844312786966044
12,84.36131712533233,8.238409875520736
13,85.19965697177103,8.320279001149515
14,85.04020020576866,8.304707051344595
15,1.5017345588662612,0.14665376551428333
16,85.39412370603368,8.339269893167351
17,1.5017345588662612,0.14665376551428333
18,83.56148017806512,8.160300798639172
19,84.37649927238789,8.23989250706913
20,85.04020020576866,8.304707051344595
21,84.62459288585667,8.26412039900944
22,84.76522525283005,8.277854028596684
23,84.21093359522516,8.223723983908707
24,83.9567779083644,8.198904092613711
25,1.514590945738493,0.1479092720447747
26,84.1446629218648,8.21725223846336
27,84.37649927238789,8.23989250706913
28,84.1446629218648,8.21725223846336
29,85.39412370603368,8.339269893167351
30,84.36131712533233,8.238409875520736
31,84.28355310890812,8.23081573329181
32,83.56148017806512,8.160300798639172
33,85.19965697177103,8.320279001149515
34,84.36708519405525,8.238973163481958
35,85.39412370603368,8.339269893167351
36,85.02476188194754,8.30319940253394
37,84.1446629218648,8.21725223846336
38,84.76522525283005,8.277854028596684
39,84.37649927238789,8.23989250706913
40,84.78056515329313,8.279352065751281
41,1.5017345588662612,0.14665376551428333
42,83.81911087563785,8.185460046449009
43,84.78056515329313,8.279352065751281
44,84.8317095725281,8.284346637942196
45,84.97307133777325,8.29815149782942
46,84.37649927238789,8.23989250706913
47,1.515298757929704,0.14797839432907264
48,84.1446629218648,8.21725223846336
49,1.520057629385323,0.14844312786966044
50,85.02476188194754,8.30319940253394
51,84.76522525283005,8.277854028596684
52,84.28355310890812,8.23081573329181
53,85.19965697177103,8.320279001149515
54,85.02476188194754,8.30319940253394
55,83.81911087563785,8.185460046449009
56,84.1446629218648,8.21725223846336
57,1.514590945738493,0.1479092720447747
58,83.9567779083644,8.198904092613711
59,85.04020020576866,8.304707051344595
60,84.56704356763748,8.258500348402098
61,85.02476188194754,8.30319940253394
62,84.69742160456961,8.27123257857125
63,85.04020020576866,8.304707051344595
64,84.78056515329313,8.279352065751281
65,84.78056515329313,8.279352065751281
66,1.5017345588662612,0.14665376551428333
67,84.36708519405525,8.238973163481958
68,84.78056515329313,8.279352065751281
69,83.88470500402718,8.19186572304953
70,84.21093359522516,8.223723983908707
71,85.39412370603368,8.339269893167351
72,84.78056515329313,8.279352065751281
73,84.62459288585667,8.26412039900944
74,84.97307133777325,8.29815149782942
75,1.4221627406752453,0.13888308014406692
76,84.53992958897125,8.255852498922973
77,84.53992958897125,8.255852498922973
78,84.78056515329313,8.279352065751281
79,83.9567779083644,8.198904092613711
80,84.28355310890812,8.23081573329181
81,1.514590945738493,0.1479092720447747
82,1.515298757929704,0.14797839432907264
83,85.04020020576866,8.304707051344595
84,84.21093359522516,8.223723983908707
85,83.88470500402718,8.19186572304953
86,84.62459288585667,8.26412039900944
87,84.53992958897125,8.255852498922973
88,83.81911087563785,8.185460046449009
89,85.19965697177103,8.320279001149515
90,84.28355310890812,8.23081573329181
91,85.18415934150133,8.318765560693489
92,84.62459288585667,8.26412039900944
93,84.97307133777325,8.29815149782942
94,84.63987849275809,8.265613134058407
95,84.97307133777325,8.29815149782942
96,84.37649927238789,8.23989250706913
97,85.23392990164103,8.323625966957133
98,1.515298757929704,0.14797839432907264
99,85.04020020576866,8.304707051344595
100,84.78056515329313,8.279352065751281
101,84.1446629218648,8.21725223846336
102,84.1446629218648,8.21725223846336
103,84.21093359522516,8.223723983908707
104,85.02476188194754,8.30319940253394
105,1.520057629385323,0.14844312786966044
106,84.56704356763748,8.258500348402098
107,84.1446629218648,8.21725223846336
108,83.56148017806512,8.160300798639172
109,84.1446629218648,8.21725223846336
110,84.69742160456961,8.27123257857125
111,84.62459288585667,8.26412039900944
112,1.5017345588662612,0.14665376551428333
113,83.56148017806512,8.160300798639172
114,1.4221627406752453,0.13888308014406692
115,84.76522525283005,8.277854028596684
116,83.9567779083644,8.198904092613711
117,84.36708519405525,8.238973163481958
118,83.56148017806512,8.160300798639172
119,84.21093359522516,8.223723983908707
120,84.76522525283005,8.277854028596684
121,84.37649927238789,8.23989250706913
122,1.515298757929704,0.14797839432907264
123,84.56704356763748,8.258500348402098
124,84.97307133777325,8.29815149782942
125,85.04020020576866,8.304707051344595
126,1.5017345588662612,0.14665376551428333
127,84.63987849275809,8.265613134058407
128,85.04020020576866,8.304707051344595
129,85.19965697177103,8.320279001149515
130,85.18415934150133,8.318765560693489
131,1.4221627406752453,0.13888308014406692
132,85.19965697177103,8.320279001149515
133,1.5017345588662612,0.14665376551428333
134,84.56704356763748,8.258500348402098
135,84.1446629218648,8.21725223846336
136,83.81911087563785,8.185460046449009
137,83.88470500402718,8.19186572304953
138,85.39412370603368,8.339269893167351
139,84.97307133777325,8.29815149782942
140,84.56704356763748,8.258500348402098
141,83.56148017806512,8.160300798639172
142,84.62459288585667,8.26412039900944
143,1.520057629385323,0.14844312786966044
144,1.520057629385323,0.14844312786966044
145,84.8317095725281,8.284346637942196
146,84.36708519405525,8.238973163481958
147,85.18415934150133,8.318765560693489
148,84.1446629218648,8.21725223846336
149,83.9567779083644,8.198904092613711
150,84.28355310890812,8.23081573329181
151,83.9567779083644,8.198904092613711
152,84.37649927238789,8.23989250706913
153,85.02476188194754,8.30319940253394
154,84.36131712533233,8.238409875520736
155,84.78056515329313,8.279352065751281
156,84.36708519405525,8.238973163481958
157,1.520057629385323,0.14844312786966044
158,85.18415934150133,8.318765560693489
159,1.514590945738493,0.1479092720447747
160,83.88470500402718,8.19186572304953
161,84.21093359522516,8.223723983908707
162,84.63987849275809,8.265613134058407
163,84.1446629218648,8.21725223846336
164,83.56148017806512,8.160300798639172
165,84.36708519405525,8.238973163481958
166,84.36131712533233,8.238409875520736
167,85.19965697177103,8.320279001149515
168,84.36708519405525,8.238973163481958
169,1.515298757929704,0.14797839432907264
170,85.23392990164103,8.323625966957133
171,84.62459288585667,8.26412039900944
172,83.81911087563785,8.185460046449009
173,83.88470500402718,8.19186572304953
174,84.53992958897125,8.255852498922973
175,1.514590945738493,0.1479092720447747
176,1.515298757929704,0.14797839432907264
177,84.1446629218648,8.21725223846336
178,85.19965697177103,8.320279001149515
179,84.36708519405525,8.238973163481958
180,84.76522525283005,8.277854028596684
181,84.97307133777325,8.29815149782942
182,85.23392990164103,8.323625966957133
183,84.1446629218648,8.21725223846336
184,84.78056515329313,8.279352065751281
185,85.02476188194754,8.30319940253394
186,84.62459288585667,8.26412039900944
187,85.19965697177103,8.320279001149515
188,84.36708519405525,8.238973163481958
189,83.9567779083644,8.198904092613711
190,1.520057629385323,0.14844312786966044
191,1.5017345588662612,0.14665376551428333
192,85.19965697177103,8.320279001149515
193,83.56148017806512,8.160300798639172
194,84.36131712533233,8.238409875520736
195,84.78056515329313,8.279352065751281
196,84.28355310890812,8.23081573329181
197,1.515298757929704,0.14797839432907264
198,84.76522525283005,8.277854028596684
199,83.88470500402718,8.19186572304953
200,85.04020020576866,8.304707051344595
201,1.4221627406752453,0.13888308014406692
202,1.515298757929704,0.14797839432907264
203,84.69742160456961,8.27123257857125
204,85.02476188194754,8.30319940253394
205,83.9567779083644,8.198904092613711
206,84.78056515329313,8.279352065751281
207,83.88470500402718,8.19186572304953
208,1.520057629385323,0.14844312786966044
209,84.97307133777325,8.29815149782942
210,83.56148017806512,8.160300798639172
211,1.4221627406752453,0.13888308014406692
212,1.515298757929704,0.14797839432907264
213,85.02476188194754,8.30319940253394
214,84.36131712533233,8.238409875520736
215,84.8317095725281,8.284346637942196
216,84.8317095725281,8.284346637942196
217,84.56704356763748,8.258500348402098
218,84.36708519405525,8.238973163481958
219,84.36131712533233,8.238409875520736
220,84.97307133777325,8.29815149782942
221,84.76522525283005,8.277854028596684
222,84.28355310890812,8.23081573329181
223,1.520057629385323,0.14844312786966044
224,84.97307133777325,8.29815149782942
225,83.88470500402718,8.19186572304953
226,84.76522525283005,8.277854028596684
227,84.36131712533233,8.238409875520736
228,83.56148017806512,8.160300798639172
229,84.69742160456961,8.27123257857125
230,85.18415934150133,8.318765560693489
231,1.514590945738493,0.1479092720447747
232,1.515298757929704,0.14797839432907264
233,84.56704356763748,8.258500348402098
234,84.63987849275809,8.265613134058407
235,84.76522525283005,8.277854028596684
236,84.37649927238789,8.23989250706913
237,84.76522525283005,8.277854028596684
238,84.97307133777325,8.29815149782942
239,84.36131712533233,8.238409875520736
240,84.37649927238789,8.23989250706913
241,85.19965697177103,8.320279001149515
242,85.02476188194754,8.30319940253394
243,84.76522525283005,8.277854028596684
244,84.69742160456961,8.27123257857125
245,84.76522525283005,8.277854028596684
246,84.37649927238789,8.23989250706913
247,84.36708519405525,8.238973163481958
248,83.9567779083644,8.198904092613711
249,84.36708519405525,8.238973163481958
250,1.5017345588662612,0.14665376551428333
251,84.56704356763748,8.258500348402098
252,84.62459288585667,8.26412039900944
253,85.04020020576866,8.304707051344595
254,1.520057629385323,0.14844312786966044
255,85.18415934150133,8.318765560693489
256,84.69742160456961,8.27123257857125
257,83.88470500402718,8.19186572304953
258,1.515298757929704,0.14797839432907264
259,84.36131712533233,8.238409875520736
260,85.23392990164103,8.323625966957133
261,84.76522525283005,8.277854028596684
262,84.36131712533233,8.238409875520736
263,84.37649927238789,8.23989250706913
264,1.5017345588662612,0.14665376551428333
265,84.62459288585667,8.26412039900944
266,84.62459288585667,8.26412039900944
267,84.63987849275809,8.265613134058407
268,1.515298757929704,0.14797839432907264
269,84.78056515329313,8.279352065751281
270,1.514590945738493,0.1479092720447747
271,1.515298757929704,0.14797839432907264
272,85.39412370603368,8.339269893167351
273,83.88470500402718,8.19186572304953
274,1.5017345588662612,0.14665376551428333
275,84.53992958897125,8.255852498922973
276,83.88470500402718,8.19186572304953
277,85.04020020576866,8.304707051344595
278,85.04020020576866,8.304707051344595
279,84.36708519405525,8.238973163481958
280,1.514590945738493,0.1479092720447747
281,85.39412370603368,8.339269893167351
282,84.76522525283005,8.277854028596684
283,83.81911087563785,8.185460046449009
284,83.81911087563785,8.185460046449009
285,84.76522525283005,8.277854028596684
286,85.19965697177103,8.320279001149515
287,84.78056515329313,8.279352065751281
288,84.76522525283005,8.277854028596684
289,85.04020020576866,8.304707051344595
290,83.9567779083644,8.198904092613711
291,1.520057629385323,0.14844312786966044
292,1.515298757929704,0.14797839432907264
293,85.39412370603368,8.339269893167351
294,84.28355310890812,8.23081573329181
295,1.5017345588662612,0.14665376551428333
296,84.97307133777325,8.29815149782942
297,84.1446629218648,8.21725223846336
298,83.81911087563785,8.185460046449009
299,1.515298757929704,0.14797839432907264
300,84.53992958897125,8.255852498922973
301,84.36708519405525,8.238973163481958
302,84.76522525283005,8.277854028596684
303,1.5017345588662612,0.14665376551428333
304,84.97307133777325,8.29815149782942
305,1.520057629385323,0.14844312786966044
306,84.97307133777325,8.29815149782942
307,83.56148017806512,8.160300798639172
308,83.88470500402718,8.19186572304953
309,84.56704356763748,8.258500348402098
310,84.97307133777325,8.29815149782942
311,83.88470500402718,8.19186572304953
312,1.520057629385323,0.14844312786966044
313,1.4221627406752453,0.13888308014406692
314,85.23392990164103,8.323625966957133
315,1.4221627406752453,0.13888308014406692
316,1.520057629385323,0.14844312786966044
317,84.1446629218648,8.21725223846336
318,84.37649927238789,8.23989250706913
319,1.4221627406752453,0.13888308014406692
320,84.1446629218648,8.21725223846336
321,85.04020020576866,8.304707051344595
322,84.21093359522516,8.223723983908707
323,85.18415934150133,8.318765560693489
324,84.28355310890812,8.23081573329181
325,84.69742160456961,8.27123257857125
326,84.76522525283005,8.277854028596684
327,85.02476188194754,8.30319940253394
328,84.76522525283005,8.277854028596684
329,84.76522525283005,8.277854028596684
330,85.18415934150133,8.318765560693489
331,84.53992958897125,8.255852498922973
332,83.9567779083644,8.198904092613711
333,83.9567779083644,8.198904092613711
334,85.04020020576866,8.304707051344595
335,1.5017345588662612,0.14665376551428333
336,1.514590945738493,0.1479092720447747
337,1.514590945738493,0.1479092720447747
338,84.63987849275809,8.265613134058407
339,84.1446629218648,8.21725223846336
340,84.62459288585667,8.26412039900944
341,84.69742160456961,8.27123257857125
342,85.39412370603368,8.339269893167351
343,1.515298757929704,0.14797839432907264
344,83.9567779083644,8.198904092613711
345,85.19965697177103,8.320279001149515
346,85.18415934150133,8.318765560693489
347,84.36131712533233,8.238409875520736
348,84.28355310890812,8.23081573329181
349,84.36131712533233,8.238409875520736
350,85.04020020576866,8.304707051344595
351,85.19965697177103,8.320279001149515
352,85.19965697177103,8.320279001149515
353,83.56148017806512,8.160300798639172
354,1.514590945738493,0.1479092720447747
355,1.520057629385323,0.14844312786966044
356,83.56148017806512,8.160300798639172
357,84.8317095725281,8.284346637942196
358,1.5017345588662612,0.14665376551428333
359,83.81911087563785,8.185460046449009
360,84.37649927238789,8.23989250706913
361,84.1446629218648,8.21725223846336
362,84.36131712533233,8.238409875520736
363,84.69742160456961,8.27123257857125
364,84.63987849275809,8.265613134058407
365,84.78056515329313,8.279352065751281
366,85.18415934150133,8.318765560693489
367,85.39412370603368,8.339269893167351
368,84.69742160456961,8.27123257857125
369,85.18415934150133,8.318765560693489
370,1.520057629385323,0.14844312786966044
371,84.63987849275809,8.265613134058407
372,84.69742160456961,8.27123257857125
373,1.5017345588662612,0.14665376551428333
374,85.23392990164103,8.323625966957133
375,84.62459288585667,8.26412039900944
376,83.9567779083644,8.198904092613711
377,85.04020020576866,8.304707051344595
378,1.520057629385323,0.14844312786966044
379,84.8317095725281,8.284346637942196
380,84.1446629218648,8.21725223846336
381,85.23392990164103,8.323625966957133
382,84.37649927238789,8.23989250706913
383,84.69742160456961,8.27123257857125
384,84.97307133777325,8.29815149782942
385,85.02476188194754,8.30319940253394
386,84.62459288585667,8.26412039900944
387,84.37649927238789,8.23989250706913
388,85.18415934150133,8.318765560693489
389,83.56148017806512,8.160300798639172
390,85.18415934150133,8.318765560693489
391,84.76522525283005,8.277854028596684
392,1.515298757929704,0.14797839432907264
393,84.1446629218648,8.21725223846336
394,84.36131712533233,8.238409875520736
395,1.5017345588662612,0.14665376551428333
396,84.36708519405525,8.238973163481958
397,84.53992958897125,8.255852498922973
398,84.76522525283005,8.277854028596684
399,1.5017345588662612,0.14665376551428333
400,84.56704356763748,8.258500348402098
401,85.23392990164103,8.323625966957133
402,1.515298757929704,0.14797839432907264
403,85.19965697177103,8.320279001149515
404,83.88470500402718,8.19186572304953
405,84.63987849275809,8.265613134058407
406,84.69742160456961,8.27123257857125
407,1.5017345588662612,0.14665376551428333
408,84.76522525283005,8.277854028596684
409,1.520057629385323,0.14844312786966044
410,84.63987849275809,8.265613134058407
411,83.9567779083644,8.198904092613711
412,84.8317095725281,8.284346637942196
413,85.19965697177103,8.320279001149515
414,1.4221627406752453,0.13888308014406692
415,84.69742160456961,8.27123257857125
416,83.81911087563785,8.185460046449009
417,84.69742160456961,8.27123257857125
418,84.62459288585667,8.26412039900944
419,85.04020020576866,8.304707051344595
420,83.81911087563785,8.185460046449009
421,84.28355310890812,8.23081573329181
422,1.5017345588662612,0.14665376551428333
423,85.19965697177103,8.320279001149515
424,84.69742160456961,8.27123257857125
425,83.88470500402718,8.19186572304953
426,84.63987849275809,8.265613134058407
427,85.39412370603368,8.339269893167351
428,1.520057629385323,0.14844312786966044
429,83.81911087563785,8.185460046449009
430,1.4221627406752453,0.13888308014406692
431,1.5017345588662612,0.14665376551428333
432,83.88470500402718,8.19186572304953
433,84.1446629218648,8.21725223846336
434,84.36131712533233,8.238409875520736
435,1.515298757929704,0.14797839432907264
436,84.69742160456961,8.27123257857125
437,83.88470500402718,8.19186572304953
438,84.97307133777325,8.29815149782942
439,84.36708519405525,8.238973163481958
440,84.36708519405525,8.238973163481958
441,1.514590945738493,0.1479092720447747
442,84.78056515329313,8.279352065751281
443,84.37649927238789,8.23989250706913
444,84.36708519405525,8.238973163481958
445,85.04020020576866,8.304707051344595
446,84.37649927238789,8.23989250706913
447,84.69742160456961,8.27123257857125
448,83.9567779083644,8.198904092613711
449,1.5017345588662612,0.14665376551428333
450,84.97307133777325,8.29815149782942
451,83.81911087563785,8.185460046449009
452,83.56148017806512,8.160300798639172
453,83.81911087563785,8.185460046449009
454,84.62459288585667,8.26412039900944
455,84.76522525283005,8.277854028596684
456,1.520057629385323,0.14844312786966044
457,83.9567779083644,8.198904092613711
458,84.21093359522516,8.223723983908707
459,84.78056515329313,8.279352065751281
460,84.69742160456961,8.27123257857125
461,84.97307133777325,8.29815149782942
462,84.28355310890812,8.23081573329181
463,84.28355310890812,8.23081573329181
464,84.28355310890812,8.23081573329181
465,84.76522525283005,8.277854028596684
466,84.36131712533233,8.238409875520736
467,84.28355310890812,8.23081573329181
468,1.4221627406752453,0.13888308014406692
469,85.04020020576866,8.304707051344595
470,83.81911087563785,8.185460046449009
471,1.4221627406752453,0.13888308014406692
472,84.78056515329313,8.279352065751281
473,84.69742160456961,8.27123257857125
474,84.36708519405525,8.238973163481958
475,84.28355310890812,8.23081573329181
476,85.18415934150133,8.318765560693489
477,83.56148017806512,8.160300798639172
478,84.21093359522516,8.223723983908707
479,84.36708519405525,8.238973163481958
480,84.28355310890812,8.23081573329181
481,85.18415934150133,8.318765560693489
482,1.4221627406752453,0.13888308014406692
483,84.56704356763748,8.258500348402098
484,85.02476188194754,8.30319940253394
485,85.39412370603368,8.339269893167351
486,83.9567779083644,8.198904092613711
487,1.5017345588662612,0.14665376551428333
488,84.36131712533233,8.238409875520736
489,83.56148017806512,8.160300798639172
490,1.4221627406752453,0.13888308014406692
491,85.02476188194754,8.30319940253394
492,84.69742160456961,8.27123257857125
493,84.63987849275809,8.265613134058407
494,83.88470500402718,8.19186572304953
495,84.36131712533233,8.238409875520736
496,85.02476188194754,8.30319940253394
497,1.520057629385323,0.14844312786966044
498,83.88470500402718,8.19186572304953
499,85.04020020576866,8.304707051344595
500,84.37649927238789,8.23989250706913
501,84.36131712533233,8.238409875520736
502,84.78056515329313,8.279352065751281
503,1.514590945738493,0.1479092720447747
504,1.5017345588662612,0.14665376551428333
505,84.36708519405525,8.238973163481958
506,84.97307133777325,8.29815149782942
507,1.514590945738493,0.1479092720447747
508,83.88470500402718,8.19186572304953
509,84.1446629218648,8.21725223846336
510,84.53992958897125,8.255852498922973
511,1.520057629385323,0.14844312786966044
512,84.28355310890812,8.23081573329181
513,84.76522525283005,8.277854028596684
514,84.62459288585667,8.26412039900944
515,85.04020020576866,8.304707051344595
516,1.5017345588662612,0.14665376551428333
517,84.56704356763748,8.258500348402098
518,84.36708519405525,8.238973163481958
519,84.53992958897125,8.255852498922973
520,83.9567779083644,8.198904092613711
521,84.56704356763748,8.258500348402098
522,85.39412370603368,8.339269893167351
523,84.62459288585667,8.26412039900944
524,1.4221627406752453,0.13888308014406692
525,84.21093359522516,8.223723983908707
526,83.56148017806512,8.160300798639172
527,85.23392990164103,8.323625966957133
528,85.18415934150133,8.318765560693489
529,1.520057629385323,0.14844312786966044
530,85.18415934150133,8.318765560693489
531,84.76522525283005,8.277854028596684
532,83.88470500402718,8.19186572304953
533,84.21093359522516,8.223723983908707
534,84.76522525283005,8.277854028596684
535,84.56704356763748,8.258500348402098
536,84.78056515329313,8.279352065751281
537,84.21093359522516,8.223723983908707
538,1.515298757929704,0.14797839432907264
539,1.5017345588662612,0.14665376551428333
540,84.36708519405525,8.238973163481958
541,84.53992958897125,8.255852498922973
542,84.62459288585667,8.26412039900944
543,84.8317095725281,8.284346637942196
544,1.5017345588662612,0.14665376551428333
545,84.63987849275809,8.265613134058407
546,84.63987849275809,8.265613134058407
547,83.56148017806512,8.160300798639172
548,85.39412370603368,8.339269893167351
549,84.28355310890812,8.23081573329181
550,1.515298757929704,0.14797839432907264
551,84.63987849275809,8.265613134058407
552,1.4221627406752453,0.13888308014406692
553,84.62459288585667,8.26412039900944
554,85.39412370603368,8.339269893167351
555,1.5017345588662612,0.14665376551428333
556,83.88470500402718,8.19186572304953
557,84.36131712533233,8.238409875520736
558,1.514590945738493,0.1479092720447747
559,84.78056515329313,8.279352065751281
560,84.1446629218648,8.21725223846336
561,85.39412370603368,8.339269893167351
562,84.76522525283005,8.277854028596684
563,83.81911087563785,8.185460046449009
564,84.8317095725281,8.284346637942196
565,84.97307133777325,8.29815149782942
566,85.18415934150133,8.318765560693489
567,84.21093359522516,8.223723983908707
568,83.81911087563785,8.185460046449009
569,83.9567779083644,8.198904092613711
570,84.28355310890812,8.23081573329181
571,83.88470500402718,8.19186572304953
572,84.63987849275809,8.265613134058407
573,84.63987849275809,8.265613134058407
574,1.515298757929704,0.14797839432907264
575,83.9567779083644,8.198904092613711
576,84.1446629218648,8.21725223846336
577,84.62459288585667,8.26412039900944
578,84.97307133777325,8.29815149782942
579,85.18415934150133,8.318765560693489
580,84.21093359522516,8.223723983908707
581,84.36131712533233,8.238409875520736
582,84.56704356763748,8.258500348402098
583,1.514590945738493,0.1479092720447747
584,1.514590945738493,0.1479092720447747
585,85.19965697177103,8.320279001149515
586,85.02476188194754,8.30319940253394
587,1.4221627406752453,0.13888308014406692
588,1.5017345588662612,0.14665376551428333
589,85.19965697177103,8.320279001149515
590,85.23392990164103,8.323625966957133
591,84.8317095725281,8.284346637942196
592,85.39412370603368,8.339269893167351
593,84.69742160456961,8.27123257857125
594,83.81911087563785,8.185460046449009
595,1.515298757929704,0.14797839432907264
596,1.4221627406752453,0.13888308014406692
597,84.36131712533233,8.238409875520736
598,84.78056515329313,8.279352065751281
599,84.1446629218648,8.21725223846336
600,1.5017345588662612,0.14665376551428333
601,85.39412370603368,8.339269893167351
602,84.53992958897125,8.255852498922973
603,83.88470500402718,8.19186572304953
604,84.37649927238789,8.23989250706913
605,83.56148017806512,8.160300798639172
606,1.5017345588662612,0.14665376551428333
607,84.62459288585667,8.26412039900944
608,84.69742160456961,8.27123257857125
609,84.56704356763748,8.258500348402098
610,84.37649927238789,8.23989250706913
611,1.5017345588662612,0.14665376551428333
612,83.56148017806512,8.160300798639172
613,83.9567779083644,8.198904092613711
614,84.63987849275809,8.265613134058407
615,85.02476188194754,8.30319940253394
616,1.520057629385323,0.14844312786966044
617,85.04020020576866,8.304707051344595
618,84.76522525283005,8.277854028596684
619,84.36131712533233,8.238409875520736
620,84.62459288585667,8.26412039900944
621,84.21093359522516,8.223723983908707
622,85.39412370603368,8.339269893167351
623,85.04020020576866,8.304707051344595
624,1.515298757929704,0.14797839432907264
625,84.21093359522516,8.223723983908707
626,1.5017345588662612,0.14665376551428333
627,84.69742160456961,8.27123257857125
628,84.78056515329313,8.279352065751281
629,1.514590945738493,0.1479092720447747
630,1.520057629385323,0.14844312786966044
631,84.62459288585667,8.26412039900944
632,84.37649927238789,8.23989250706913
633,84.36708519405525,8.238973163481958
634,84.53992958897125,8.255852498922973
635,84.21093359522516,8.223723983908707
636,83.56148017806512,8.160300798639172
637,85.23392990164103,8.323625966957133
638,84.56704356763748,8.258500348402098
639,83.56148017806512,8.160300798639172
640,84.37649927238789,8.23989250706913
641,84.78056515329313,8.279352065751281
642,85.39412370603368,8.339269893167351
643,84.1446629218648,8.21725223846336
644,85.23392990164103,8.323625966957133
645,83.56148017806512,8.160300798639172
646,84.37649927238789,8.23989250706913
647,85.04020020576866,8.304707051344595
648,85.23392990164103,8.323625966957133
649,83.9567779083644,8.198904092613711
650,85.39412370603368,8.339269893167351
651,85.18415934150133,8.318765560693489
652,84.53992958897125,8.255852498922973
653,1.520057629385323,0.14844312786966044
654,85.39412370603368,8.339269893167351
655,1.514590945738493,0.1479092720447747
656,85.02476188194754,8.30319940253394
657,85.39412370603368,8.339269893167351
658,84.28355310890812,8.23081573329181
659,84.37649927238789,8.23989250706913
660,1.4221627406752453,0.13888308014406692
661,1.4221627406752453,0.13888308014406692
662,85.18415934150133,8.318765560693489
663,84.76522525283005,8.277854028596684
664,85.19965697177103,8.320279001149515
665,83.9567779083644,8.198904092613711
666,83.9567779083644,8.198904092613711
667,83.9567779083644,8.198904092613711
668,85.04020020576866,8.304707051344595
669,85.02476188194754,8.30319940253394
670,83.88470500402718,8.19186572304953
671,84.8317095725281,8.284346637942196
672,1.520057629385323,0.14844312786966044
673,85.19965697177103,8.320279001149515
674,84.53992958897125,8.255852498922973
675,84.36131712533233,8.238409875520736
676,1.5017345588662612,0.14665376551428333
677,1.520057629385323,0.14844312786966044
678,84.8317095725281,8.284346637942196
679,1.514590945738493,0.1479092720447747
680,1.515298757929704,0.14797839432907264
681,83.88470500402718,8.19186572304953
682,1.520057629385323,0.14844312786966044
683,1.514590945738493,0.1479092720447747
684,85.23392990164103,8.323625966957133
685,85.04020020576866,8.304707051344595
686,84.53992958897125,8.255852498922973
687,84.69742160456961,8.27123257857125
688,84.97307133777325,8.29815149782942
689,84.8317095725281,8.284346637942196
690,84.28355310890812,8.23081573329181
691,83.9567779083644,8.198904092613711
692,84.78056515329313,8.279352065751281
693,1.4221627406752453,0.13888308014406692
694,85.39412370603368,8.339269893167351
695,84.28355310890812,8.23081573329181
696,84.69742160456961,8.27123257857125
697,84.97307133777325,8.29815149782942
698,84.28355310890812,8.23081573329181
699,84.97307133777325,8.29815149782942
700,84.36131712533233,8.238409875520736
701,83.9567779083644,8.198904092613711
702,84.56704356763748,8.258500348402098
703,84.8317095725281,8.284346637942196
704,85.39412370603368,8.339269893167351
705,84.21093359522516,8.223723983908707
706,1.514590945738493,0.1479092720447747
707,1.4221627406752453,0.13888308014406692
708,83.9567779083644,8.198904092613711
709,1.520057629385323,0.14844312786966044
710,84.78056515329313,8.279352065751281
711,84.78056515329313,8.279352065751281
712,84.36708519405525,8.238973163481958
713,1.515298757929704,0.14797839432907264
714,1.514590945738493,0.1479092720447747
715,1.5017345588662612,0.14665376551428333
716,84.37649927238789,8.23989250706913
717,84.36708519405525,8.238973163481958
718,1.515298757929704,0.14797839432907264
719,85.39412370603368,8.339269893167351
720,83.81911087563785,8.185460046449009
721,84.21093359522516,8.223723983908707
722,84.63987849275809,8.265613134058407
723,84.53992958897125,8.255852498922973
724,84.69742160456961,8.27123257857125
725,85.02476188194754,8.30319940253394
726,84.37649927238789,8.23989250706913
727,1.515298757929704,0.14797839432907264
728,84.76522525283005,8.277854028596684
729,84.76522525283005,8.277854028596684
730,83.81911087563785,8.185460046449009
731,85.39412370603368,8.339269893167351
732,84.1446629218648,8.21725223846336
733,84.69742160456961,8.27123257857125
734,84.69742160456961,8.27123257857125
735,85.39412370603368,8.339269893167351
736,85.18415934150133,8.318765560693489
737,84.97307133777325,8.29815149782942
738,1.515298757929704,0.14797839432907264
739,83.88470500402718,8.19186572304953
740,85.18415934150133,8.318765560693489
741,85.04020020576866,8.304707051344595
742,84.37649927238789,8.23989250706913
743,84.56704356763748,8.258500348402098
744,1.515298757929704,0.14797839432907264
745,84.97307133777325,8.29815149782942
746,1.520057629385323,0.14844312786966044
747,1.5017345588662612,0.14665376551428333
748,1.514590945738493,0.1479092720447747
749,84.69742160456961,8.27123257857125
750,84.69742160456961,8.27123257857125
751,85.23392990164103,8.323625966957133
752,85.19965697177103,8.320279001149515
753,84.36708519405525,8.238973163481958
754,84.78056515329313,8.279352065751281
755,84.56704356763748,8.258500348402098
756,85.23392990164103,8.323625966957133
757,84.63987849275809,8.265613134058407
758,83.88470500402718,8.19186572304953
759,1.514590945738493,0.1479092720447747
760,1.514590945738493,0.1479092720447747
761,84.78056515329313,8.279352065751281
762,83.56148017806512,8.160300798639172
763,83.81911087563785,8.185460046449009
764,1.5017345588662612,0.14665376551428333
765,85.23392990164103,8.323625966957133
766,84.36131712533233,8.238409875520736
767,84.21093359522516,8.223723983908707
768,84.76522525283005,8.277854028596684
769,84.21093359522516,8.223723983908707
770,84.78056515329313,8.279352065751281
771,1.515298757929704,0.14797839432907264
772,84.97307133777325,8.29815149782942
773,85.02476188194754,8.30319940253394
774,84.53992958897125,8.255852498922973
775,84.78056515329313,8.279352065751281
776,83.9567779083644,8.198904092613711
777,85.39412370603368,8.339269893167351
778,84.69742160456961,8.27123257857125
779,83.56148017806512,8.160300798639172
780,84.8317095725281,8.284346637942196
781,85.02476188194754,8.30319940253394
782,84.53992958897125,8.255852498922973
783,85.02476188194754,8.30319940253394
784,85.02476188194754,8.30319940253394
785,84.69742160456961,8.27123257857125
786,84.76522525283005,8.277854028596684
787,85.02476188194754,8.30319940253394
788,84.56704356763748,8.258500348402098
789,84.21093359522516,8.223723983908707
790,84.78056515329313,8.279352065751281
791,85.18415934150133,8.318765560693489
792,85.39412370603368,8.339269893167351
793,84.21093359522516,8.223723983908707
794,1.5017345588662612,0.14665376551428333
795,84.62459288585667,8.26412039900944
796,85.04020020576866,8.304707051344595
797,1.514590945738493,0.1479092720447747
798,1.515298757929704,0.14797839432907264
799,1.4221627406752453,0.13888308014406692
800,84.63987849275809,8.265613134058407
801,85.23392990164103,8.323625966957133
802,84.36131712533233,8.238409875520736
803,84.63987849275809,8.265613134058407
804,84.21093359522516,8.223723983908707
805,83.88470500402718,8.19186572304953
806,84.76522525283005,8.277854028596684
807,84.8317095725281,8.284346637942196
808,84.63987849275809,8.265613134058407
809,84.8317095725281,8.284346637942196
810,85.19965697177103,8.320279001149515
811,84.1446629218648,8.21725223846336
812,84.36708519405525,8.238973163481958
813,84.63987849275809,8.265613134058407
814,1.5017345588662612,0.14665376551428333
815,1.515298757929704,0.14797839432907264
816,1.4221627406752453,0.13888308014406692
817,1.5017345588662612,0.14665376551428333
818,83.88470500402718,8.19186572304953
819,85.19965697177103,8.320279001149515
820,84.56704356763748,8.258500348402098
821,83.56148017806512,8.160300798639172
822,85.39412370603368,8.339269893167351
823,1.515298757929704,0.14797839432907264
824,85.19965697177103,8.320279001149515
825,1.514590945738493,0.1479092720447747
826,84.56704356763748,8.258500348402098
827,1.5017345588662612,0.14665376551428333
828,83.9567779083644,8.198904092613711
829,84.78056515329313,8.279352065751281
830,84.36131712533233,8.238409875520736
831,84.53992958897125,8.255852498922973
832,84.78056515329313,8.279352065751281
833,84.53992958897125,8.255852498922973
834,84.63987849275809,8.265613134058407
835,84.62459288585667,8.26412039900944
836,83.56148017806512,8.160300798639172
837,84.78056515329313,8.279352065751281
838,83.56148017806512,8.160300798639172
839,85.19965697177103,8.320279001149515
840,85.39412370603368,8.339269893167351
841,83.56148017806512,8.160300798639172
842,84.37649927238789,8.23989250706913
843,84.78056515329313,8.279352065751281
844,84.69742160456961,8.27123257857125
845,83.56148017806512,8.160300798639172
846,85.04020020576866,8.304707051344595
847,83.88470500402718,8.19186572304953
848,83.9567779083644,8.198904092613711
849,85.19965697177103,8.320279001149515
850,1.515298757929704,0.14797839432907264
851,84.69742160456961,8.27123257857125
852,83.9567779083644,8.198904092613711
853,84.62459288585667,8.26412039900944
854,83.56148017806512,8.160300798639172
855,84.28355310890812,8.23081573329181
856,84.63987849275809,8.265613134058407
857,1.5017345588662612,0.14665376551428333
858,1.514590945738493,0.1479092720447747
859,1.5017345588662612,0.14665376551428333
860,83.56148017806512,8.160300798639172
861,1.515298757929704,0.14797839432907264
862,84.1446629218648,8.21725223846336
863,1.4221627406752453,0.13888308014406692
864,84.56704356763748,8.258500348402098
865,1.5017345588662612,0.14665376551428333
866,85.23392990164103,8.323625966957133
867,83.56148017806512,8.160300798639172
868,84.62459288585667,8.26412039900944
869,1.4221627406752453,0.13888308014406692
870,84.62459288585667,8.26412039900944
871,1.520057629385323,0.14844312786966044
872,84.69742160456961,8.27123257857125
873,84.63987849275809,8.265613134058407
874,1.515298757929704,0.14797839432907264
875,83.88470500402718,8.19186572304953
876,1.5017345588662612,0.14665376551428333
877,85.39412370603368,8.339269893167351
878,1.520057629385323,0.14844312786966044
879,84.63987849275809,8.265613134058407
880,1.5017345588662612,0.14665376551428333
881,83.56148017806512,8.160300798639172
882,84.36708519405525,8.238973163481958
883,84.63987849275809,8.265613134058407
884,1.4221627406752453,0.13888308014406692
885,1.4221627406752453,0.13888308014406692
886,84.63987849275809,8.265613134058407
887,84.36708519405525,8.238973163481958
888,84.69742160456961,8.27123257857125
889,83.81911087563785,8.185460046449009
890,85.19965697177103,8.320279001149515
891,84.36131712533233,8.238409875520736
892,1.5017345588662612,0.14665376551428333
893,1.4221627406752453,0.13888308014406692
894,84.53992958897125,8.255852498922973
895,84.8317095725281,8.284346637942196
896,84.63987849275809,8.265613134058407
897,1.5017345588662612,0.14665376551428333
898,84.37649927238789,8.23989250706913
899,85.18415934150133,8.318765560693489
900,83.9567779083644,8.198904092613711
901,84.76522525283005,8.277854028596684
902,84.8317095725281,8.284346637942196
903,85.23392990164103,8.323625966957133
904,83.81911087563785,8.185460046449009
905,84.63987849275809,8.265613134058407
906,84.28355310890812,8.23081573329181
907,1.520057629385323,0.14844312786966044
908,84.28355310890812,8.23081573329181
909,84.21093359522516,8.223723983908707
910,84.56704356763748,8.258500348402098
911,1.515298757929704,0.14797839432907264
912,84.69742160456961,8.27123257857125
913,85.18415934150133,8.318765560693489
914,85.23392990164103,8.323625966957133
915,83.56148017806512,8.160300798639172
916,84.1446629218648,8.21725223846336
917,1.515298757929704,0.14797839432907264
918,84.21093359522516,8.223723983908707
919,1.520057629385323,0.14844312786966044
920,85.18415934150133,8.318765560693489
921,85.39412370603368,8.339269893167351
922,84.69742160456961,8.27123257857125
923,84.56704356763748,8.258500348402098
924,84.97307133777325,8.29815149782942
925,84.97307133777325,8.29815149782942
926,1.515298757929704,0.14797839432907264
927,1.5017345588662612,0.14665376551428333
928,84.1446629218648,8.21725223846336
929,84.78056515329313,8.279352065751281
930,83.88470500402718,8.19186572304953
931,84.37649927238789,8.23989250706913
932,1.5017345588662612,0.14665376551428333
933,84.1446629218648,8.21725223846336
934,1.520057629385323,0.14844312786966044
935,83.9567779083644,8.198904092613711
936,84.78056515329313,8.279352065751281
937,85.04020020576866,8.304707051344595
938,85.02476188194754,8.30319940253394
939,84.36131712533233,8.238409875520736
940,84.36708519405525,8.238973163481958
941,84.53992958897125,8.255852498922973
942,84.62459288585667,8.26412039900944
943,1.4221627406752453,0.13888308014406692
944,84.8317095725281,8.284346637942196
945,84.97307133777325,8.29815149782942
946,84.69742160456961,8.27123257857125
947,83.88470500402718,8.19186572304953
948,84.56704356763748,8.258500348402098
949,1.515298757929704,0.14797839432907264
950,85.19965697177103,8.320279001149515
951,84.78056515329313,8.279352065751281
952,83.56148017806512,8.160300798639172
953,1.515298757929704,0.14797839432907264
954,84.97307133777325,8.29815149782942
955,84.76522525283005,8.277854028596684
956,1.514590945738493,0.1479092720447747
957,84.21093359522516,8.223723983908707
958,84.36708519405525,8.238973163481958
959,84.37649927238789,8.23989250706913
960,85.18415934150133,8.318765560693489
961,84.21093359522516,8.223723983908707
962,84.56704356763748,8.258500348402098
963,1.515298757929704,0.14797839432907264
964,85.19965697177103,8.320279001149515
965,84.63987849275809,8.265613134058407
966,84.69742160456961,8.27123257857125
967,84.37649927238789,8.23989250706913
968,85.19965697177103,8.320279001149515
969,84.56704356763748,8.258500348402098
970,85.19965697177103,8.320279001149515
971,84.36131712533233,8.238409875520736
972,85.39412370603368,8.339269893167351
973,85.02476188194754,8.30319940253394
974,83.88470500402718,8.19186572304953
975,85.39412370603368,8.339269893167351
976,85.19965697177103,8.320279001149515
977,85.39412370603368,8.339269893167351
978,84.1446629218648,8.21725223846336
979,85.23392990164103,8.323625966957133
980,1.5017345588662612,0.14665376551428333
981,83.9567779083644,8.198904092613711
982,85.02476188194754,8.30319940253394
983,84.28355310890812,8.23081573329181
984,1.4221627406752453,0.13888308014406692
985,84.1446629218648,8.21725223846336
986,85.18415934150133,8.318765560693489
987,1.4221627406752453,0.13888308014406692
988,83.88470500402718,8.19186572304953
989,84.37649927238789,8.23989250706913
990,84.63987849275809,8.265613134058407
991,83.9567779083644,8.198904092613711
992,84.56704356763748,8.258500348402098
993,1.5017345588662612,0.14665376551428333
994,83.9567779083644,8.198904092613711
995,83.88470500402718,8.19186572304953
996,84.21093359522516,8.223723983908707
997,1.514590945738493,0.1479092720447747
998,1.515298757929704,0.14797839432907264
999,85.02476188194754,8.30319940253394
1000,84.78056515329313,8.279352065751281
1001,84.36708519405525,8.238973163481958
1002,84.36131712533233,8.238409875520736
1003,84.21093359522516,8.223723983908707
1004,1.520057629385323,0.14844312786966044
1005,84.53992958897125,8.255852498922973
1006,84.36131712533233,8.238409875520736
1007,85.23392990164103,8.323625966957133
1008,84.36131712533233,8.238409875520736
1009,84.37649927238789,8.23989250706913
1010,84.69742160456961,8.27123257857125
1011,85.18415934150133,8.318765560693489
1012,84.8317095725281,8.284346637942196
1013,84.1446629218648,8.21725223846336
1014,84.97307133777325,8.29815149782942
1015,84.78056515329313,8.279352065751281
1016,84.76522525283005,8.277854028596684
1017,1.520057629385323,0.14844312786966044
1018,84.37649927238789,8.23989250706913
1019,84.1446629218648,8.21725223846336
1020,1.520057629385323,0.14844312786966044
1021,1.4221627406752453,0.13888308014406692
1022,85.39412370603368,8.339269893167351
1023,1.4221627406752453,0.13888308014406692
1024,85.18415934150133,8.318765560693489
1025,84.1446629218648,8.21725223846336
1026,85.18415934150133,8.318765560693489
1027,84.97307133777325,8.29815149782942
1028,84.8317095725281,8.284346637942196
1029,85.39412370603368,8.339269893167351
1030,1.515298757929704,0.14797839432907264
1031,84.78056515329313,8.279352065751281
1032,83.81911087563785,8.185460046449009
1033,84.69742160456961,8.27123257857125
1034,84.36708519405525,8.238973163481958
1035,1.4221627406752453,0.13888308014406692
1036,85.04020020576866,8.304707051344595
1037,84.36708519405525,8.238973163481958
1038,84.63987849275809,8.265613134058407
1039,1.4221627406752453,0.13888308014406692
1040,85.23392990164103,8.323625966957133
1041,1.4221627406752453,0.13888308014406692
1042,84.21093359522516,8.223723983908707
1043,85.04020020576866,8.304707051344595
1044,84.37649927238789,8.23989250706913
1045,83.9567779083644,8.198904092613711
1046,85.04020020576866,8.304707051344595
1047,84.37649927238789,8.23989250706913
1048,84.76522525283005,8.277854028596684
1049,1.520057629385323,0.14844312786966044
1050,85.18415934150133,8.318765560693489
1051,1.520057629385323,0.14844312786966044
1052,1.4221627406752453,0.13888308014406692
1053,83.9567779083644,8.198904092613711
1054,84.63987849275809,8.265613134058407
1055,84.63987849275809,8.265613134058407
1056,84.97307133777325,8.29815149782942
1057,85.39412370603368,8.339269893167351
1058,85.19965697177103,8.320279001149515
1059,85.02476188194754,8.30319940253394
1060,84.97307133777325,8.29815149782942
1061,84.1446629218648,8.21725223846336
1062,84.76522525283005,8.277854028596684
1063,83.56148017806512,8.160300798639172
1064,84.36708519405525,8.238973163481958
1065,84.1446629218648,8.21725223846336
1066,84.62459288585667,8.26412039900944
1067,84.21093359522516,8.223723983908707
1068,84.69742160456961,8.27123257857125
1069,85.39412370603368,8.339269893167351
1070,84.62459288585667,8.26412039900944
1071,1.520057629385323,0.14844312786966044
1072,84.63987849275809,8.265613134058407
1073,84.8317095725281,8.284346637942196
1074,83.56148017806512,8.160300798639172
1075,84.21093359522516,8.223723983908707
1076,84.37649927238789,8.23989250706913
1077,84.21093359522516,8.223723983908707
1078,85.39412370603368,8.339269893167351
1079,1.514590945738493,0.1479092720447747
1080,85.23392990164103,8.323625966957133
1081,1.515298757929704,0.14797839432907264
1082,84.36131712533233,8.238409875520736
1083,84.53992958897125,8.255852498922973
1084,1.5017345588662612,0.14665376551428333
1085,84.63987849275809,8.265613134058407
1086,84.56704356763748,8.258500348402098
1087,84.56704356763748,8.258500348402098
1088,83.9567779083644,8.198904092613711
1089,84.56704356763748,8.258500348402098
1090,84.69742160456961,8.27123257857125
1091,1.4221627406752453,0.13888308014406692
1092,83.88470500402718,8.19186572304953
1093,85.39412370603368,8.339269893167351
1094,84.1446629218648,8.21725223846336
1095,84.56704356763748,8.258500348402098
1096,83.88470500402718,8.19186572304953
1097,84.97307133777325,8.29815149782942
1098,85.23392990164103,8.323625966957133
1099,1.520057629385323,0.14844312786966044
1100,84.56704356763748,8.258500348402098
1101,84.1446629218648,8.21725223846336
1102,1.515298757929704,0.14797839432907264
1103,84.36131712533233,8.238409875520736
1104,85.23392990164103,8.323625966957133
1105,84.8317095725281,8.284346637942196
1106,83.9567779083644,8.198904092613711
1107,84.8317095725281,8.284346637942196
1108,85.19965697177103,8.320279001149515
1109,85.23392990164103,8.323625966957133
1110,84.62459288585667,8.26412039900944
1111,84.56704356763748,8.258500348402098
1112,85.19965697177103,8.320279001149515
1113,84.69742160456961,8.27123257857125
1114,84.56704356763748,8.258500348402098
1115,85.19965697177103,8.320279001149515
1116,84.8317095725281,8.284346637942196
1117,1.515298757929704,0.14797839432907264
1118,84.76522525283005,8.277854028596684
1119,84.63987849275809,8.265613134058407
1120,83.88470500402718,8.19186572304953
1121,84.36708519405525,8.238973163481958
1122,84.69742160456961,8.27123257857125
1123,84.36708519405525,8.238973163481958
1124,84.97307133777325,8.29815149782942
1125,84.63987849275809,8.265613134058407
1126,84.53992958897125,8.255852498922973
1127,85.18415934150133,8.318765560693489
1128,84.63987849275809,8.265613134058407
1129,84.62459288585667,8.26412039900944
1130,1.514590945738493,0.1479092720447747
1131,1.515298757929704,0.14797839432907264
1132,1.4221627406752453,0.13888308014406692
1133,85.02476188194754,8.30319940253394
1134,84.62459288585667,8.26412039900944
1135,1.514590945738493,0.1479092720447747
1136,85.19965697177103,8.320279001149515
1137,84.36708519405525,8.238973163481958
1138,83.9567779083644,8.198904092613711
1139,84.97307133777325,8.29815149782942
1140,84.1446629218648,8.21725223846336
1141,83.56148017806512,8.160300798639172
1142,83.88470500402718,8.19186572304953
1143,1.5017345588662612,0.14665376551428333
1144,84.21093359522516,8.223723983908707
1145,1.515298757929704,0.14797839432907264
1146,84.37649927238789,8.23989250706913
1147,85.18415934150133,8.318765560693489
1148,84.1446629218648,8.21725223846336
1149,84.8317095725281,8.284346637942196
1150,84.28355310890812,8.23081573329181
1151,84.63987849275809,8.265613134058407
1152,83.56148017806512,8.160300798639172
1153,84.53992958897125,8.255852498922973
1154,83.56148017806512,8.160300798639172
1155,84.1446629218648,8.21725223846336
1156,85.02476188194754,8.30319940253394
1157,85.23392990164103,8.323625966957133
1158,84.78056515329313,8.279352065751281
1159,85.23392990164103,8.323625966957133
1160,84.78056515329313,8.279352065751281
1161,85.04020020576866,8.304707051344595
1162,85.02476188194754,8.30319940253394
1163,85.39412370603368,8.339269893167351
1164,85.02476188194754,8.30319940253394
1165,83.88470500402718,8.19186572304953
1166,1.5017345588662612,0.14665376551428333
1167,84.62459288585667,8.26412039900944
1168,85.04020020576866,8.304707051344595
1169,84.62459288585667,8.26412039900944
1170,84.63987849275809,8.265613134058407
1171,84.97307133777325,8.29815149782942
1172,84.36131712533233,8.238409875520736
1173,1.4221627406752453,0.13888308014406692
1174,1.514590945738493,0.1479092720447747
1175,1.520057629385323,0.14844312786966044
1176,83.56148017806512,8.160300798639172
1177,83.88470500402718,8.19186572304953
1178,84.1446629218648,8.21725223846336
1179,85.39412370603368,8.339269893167351
1180,1.520057629385323,0.14844312786966044
1181,1.514590945738493,0.1479092720447747
1182,1.515298757929704,0.14797839432907264
1183,1.5017345588662612,0.14665376551428333
1184,85.39412370603368,8.339269893167351
1185,85.02476188194754,8.30319940253394
1186,85.23392990164103,8.323625966957133
1187,84.62459288585667,8.26412039900944
1188,84.28355310890812,8.23081573329181
1189,85.39412370603368,8.339269893167351
1190,84.36131712533233,8.238409875520736
1191,1.520057629385323,0.14844312786966044
1192,84.62459288585667,8.26412039900944
1193,84.78056515329313,8.279352065751281
1194,84.56704356763748,8.258500348402098
1195,1.520057629385323,0.14844312786966044
1196,1.515298757929704,0.14797839432907264
1197,84.63987849275809,8.265613134058407
1198,84.56704356763748,8.258500348402098
1199,1.5017345588662612,0.14665376551428333
1200,83.9567779083644,8.198904092613711
1201,84.28355310890812,8.23081573329181
1202,1.515298757929704,0.14797839432907264
1203,84.36131712533233,8.238409875520736
1204,84.97307133777325,8.29815149782942
1205,84.53992958897125,8.255852498922973
1206,84.36131712533233,8.238409875520736
1207,84.8317095725281,8.284346637942196
1208,85.23392990164103,8.323625966957133
1209,85.19965697177103,8.320279001149515
1210,83.9567779083644,8.198904092613711
1211,84.76522525283005,8.277854028596684
1212,1.520057629385323,0.14844312786966044
1213,83.56148017806512,8.160300798639172
1214,1.514590945738493,0.1479092720447747
1215,1.5017345588662612,0.14665376551428333
1216,83.9567779083644,8.198904092613711
1217,83.88470500402718,8.19186572304953
1218,83.56148017806512,8.160300798639172
1219,85.04020020576866,8.304707051344595
1220,1.4221627406752453,0.13888308014406692
1221,84.69742160456961,8.27123257857125
1222,84.53992958897125,8.255852498922973
1223,1.515298757929704,0.14797839432907264
1224,84.37649927238789,8.23989250706913
1225,84.62459288585667,8.26412039900944
1226,84.63987849275809,8.265613134058407
1227,83.88470500402718,8.19186572304953
1228,84.37649927238789,8.23989250706913
1229,1.5017345588662612,0.14665376551428333
1230,84.97307133777325,8.29815149782942
1231,83.81911087563785,8.185460046449009
1232,84.53992958897125,8.255852498922973
1233,1.520057629385323,0.14844312786966044
1234,85.39412370603368,8.339269893167351
1235,84.37649927238789,8.23989250706913
1236,85.18415934150133,8.318765560693489
1237,1.520057629385323,0.14844312786966044
1238,85.18415934150133,8.318765560693489
1239,84.36708519405525,8.238973163481958
1240,84.63987849275809,8.265613134058407
1241,1.514590945738493,0.1479092720447747
1242,1.515298757929704,0.14797839432907264
1243,1.514590945738493,0.1479092720447747
1244,84.62459288585667,8.26412039900944
1245,84.97307133777325,8.29815149782942
1246,84.56704356763748,8.258500348402098
1247,85.02476188194754,8.30319940253394
1248,1.5017345588662612,0.14665376551428333
1249,84.53992958897125,8.255852498922973
1250,85.23392990164103,8.323625966957133
1251,84.21093359522516,8.223723983908707
1252,1.515298757929704,0.14797839432907264
1253,84.36708519405525,8.238973163481958
1254,84.36708519405525,8.238973163481958
1255,1.5017345588662612,0.14665376551428333
1256,84.28355310890812,8.23081573329181
1257,85.39412370603368,8.339269893167351
1258,84.1446629218648,8.21725223846336
1259,84.97307133777325,8.29815149782942
1260,84.53992958897125,8.255852498922973
1261,84.53992958897125,8.255852498922973
1262,85.23392990164103,8.323625966957133
1263,1.514590945738493,0.1479092720447747
1264,1.520057629385323,0.14844312786966044
1265,1.514590945738493,0.1479092720447747
1266,84.78056515329313,8.279352065751281
1267,84.78056515329313,8.279352065751281
1268,84.36708519405525,8.238973163481958
1269,84.56704356763748,8.258500348402098
1270,84.28355310890812,8.23081573329181
1271,83.9567779083644,8.198904092613711
1272,84.1446629218648,8.21725223846336
1273,1.520057629385323,0.14844312786966044
1274,84.8317095725281,8.284346637942196
1275,85.18415934150133,8.318765560693489
1276,83.81911087563785,8.185460046449009
1277,84.28355310890812,8.23081573329181
1278,1.4221627406752453,0.13888308014406692
1279,84.69742160456961,8.27123257857125
1280,84.8317095725281,8.284346637942196
1281,1.5017345588662612,0.14665376551428333
1282,1.4221627406752453,0.13888308014406692
1283,1.520057629385323,0.14844312786966044
1284,84.28355310890812,8.23081573329181
1285,84.63987849275809,8.265613134058407
1286,1.4221627406752453,0.13888308014406692
1287,85.39412370603368,8.339269893167351
1288,84.69742160456961,8.27123257857125
1289,84.63987849275809,8.265613134058407
1290,85.18415934150133,8.318765560693489
1291,84.97307133777325,8.29815149782942
1292,84.37649927238789,8.23989250706913
1293,85.23392990164103,8.323625966957133
1294,84.1446629218648,8.21725223846336
1295,84.21093359522516,8.223723983908707
1296,1.5017345588662612,0.14665376551428333
1297,83.88470500402718,8.19186572304953
1298,83.81911087563785,8.185460046449009
1299,84.36708519405525,8.238973163481958
1300,1.4221627406752453,0.13888308014406692
1301,84.37649927238789,8.23989250706913
1302,85.39412370603368,8.339269893167351
1303,85.04020020576866,8.304707051344595
1304,85.23392990164103,8.323625966957133
1305,84.1446629218648,8.21725223846336
1306,84.37649927238789,8.23989250706913
1307,85.18415934150133,8.318765560693489
1308,83.9567779083644,8.198904092613711
1309,1.520057629385323,0.14844312786966044
1310,85.19965697177103,8.320279001149515
1311,85.18415934150133,8.318765560693489
1312,84.62459288585667,8.26412039900944
1313,85.18415934150133,8.318765560693489
1314,84.69742160456961,8.27123257857125
1315,84.78056515329313,8.279352065751281
1316,85.02476188194754,8.30319940253394
1317,84.62459288585667,8.26412039900944
1318,84.36708519405525,8.238973163481958
1319,85.19965697177103,8.320279001149515
1320,84.97307133777325,8.29815149782942
1321,1.515298757929704,0.14797839432907264
1322,83.9567779083644,8.198904092613711
1323,84.78056515329313,8.279352065751281
1324,84.36131712533233,8.238409875520736
1325,84.78056515329313,8.279352065751281
1326,1.514590945738493,0.1479092720447747
1327,84.78056515329313,8.279352065751281
1328,84.28355310890812,8.23081573329181
1329,84.97307133777325,8.29815149782942
1330,83.81911087563785,8.185460046449009
1331,84.37649927238789,8.23989250706913
1332,84.36708519405525,8.238973163481958
1333,85.02476188194754,8.30319940253394
1334,85.19965697177103,8.320279001149515
1335,84.56704356763748,8.258500348402098
1336,85.02476188194754,8.30319940253394
1337,84.78056515329313,8.279352065751281
1338,1.515298757929704,0.14797839432907264
1339,84.53992958897125,8.255852498922973
1340,85.18415934150133,8.318765560693489
1341,85.02476188194754,8.30319940253394
1342,84.62459288585667,8.26412039900944
1343,83.88470500402718,8.19186572304953
1344,84.78056515329313,8.279352065751281
1345,83.81911087563785,8.185460046449009
1346,84.97307133777325,8.29815149782942
1347,1.520057629385323,0.14844312786966044
1348,85.18415934150133,8.318765560693489
1349,84.62459288585667,8.26412039900944
1350,84.69742160456961,8.27123257857125
1351,84.63987849275809,8.265613134058407
1352,1.520057629385323,0.14844312786966044
1353,84.63987849275809,8.265613134058407
1354,84.53992958897125,8.255852498922973
1355,85.02476188194754,8.30319940253394
1356,85.39412370603368,8.339269893167351
1357,85.18415934150133,8.318765560693489
1358,84.36708519405525,8.238973163481958
1359,83.9567779083644,8.198904092613711
1360,1.4221627406752453,0.13888308014406692
1361,84.21093359522516,8.223723983908707
1362,83.88470500402718,8.19186572304953
1363,84.62459288585667,8.26412039900944
1364,85.02476188194754,8.30319940253394
1365,85.23392990164103,8.323625966957133
1366,85.39412370603368,8.339269893167351
1367,85.19965697177103,8.320279001149515
1368,1.514590945738493,0.1479092720447747
1369,85.04020020576866,8.304707051344595
1370,85.23392990164103,8.323625966957133
1371,1.514590945738493,0.1479092720447747
1372,84.8317095725281,8.284346637942196
1373,1.4221627406752453,0.13888308014406692
1374,84.76522525283005,8.277854028596684
1375,84.53992958897125,8.255852498922973
1376,84.36131712533233,8.238409875520736
1377,84.53992958897125,8.255852498922973
1378,84.56704356763748,8.258500348402098
1379,83.9567779083644,8.198904092613711
1380,83.88470500402718,8.19186572304953
1381,84.36708519405525,8.238973163481958
1382,1.5017345588662612,0.14665376551428333
1383,85.19965697177103,8.320279001149515
1384,85.39412370603368,8.339269893167351
1385,84.21093359522516,8.223723983908707
1386,84.1446629218648,8.21725223846336
1387,83.81911087563785,8.185460046449009
1388,84.21093359522516,8.223723983908707
1389,84.8317095725281,8.284346637942196
1390,84.36131712533233,8.238409875520736
1391,84.36708519405525,8.238973163481958
1392,84.1446629218648,8.21725223846336
1393,1.515298757929704,0.14797839432907264
1394,84.69742160456961,8.27123257857125
1395,84.69742160456961,8.27123257857125
1396,83.9567779083644,8.198904092613711
1397,83.88470500402718,8.19186572304953
1398,85.02476188194754,8.30319940253394
1399,84.21093359522516,8.223723983908707
1400,85.18415934150133,8.318765560693489
1401,84.69742160456961,8.27123257857125
1402,84.56704356763748,8.258500348402098
1403,84.62459288585667,8.26412039900944
1404,84.76522525283005,8.277854028596684
1405,83.88470500402718,8.19186572304953
1406,84.76522525283005,8.277854028596684
1407,84.1446629218648,8.21725223846336
1408,1.5017345588662612,0.14665376551428333
1409,83.88470500402718,8.19186572304953
1410,85.02476188194754,8.30319940253394
1411,1.4221627406752453,0.13888308014406692
1412,84.97307133777325,8.29815149782942
1413,84.36708519405525,8.238973163481958
1414,1.4221627406752453,0.13888308014406692
1415,1.4221627406752453,0.13888308014406692
1416,84.37649927238789,8.23989250706913
1417,84.56704356763748,8.258500348402098
1418,84.28355310890812,8.23081573329181
1419,84.53992958897125,8.255852498922973
1420,85.19965697177103,8.320279001149515
1421,84.37649927238789,8.23989250706913
1422,84.28355310890812,8.23081573329181
1423,1.4221627406752453,0.13888308014406692
1424,84.78056515329313,8.279352065751281
1425,1.5017345588662612,0.14665376551428333
1426,1.4221627406752453,0.13888308014406692
1427,83.88470500402718,8.19186572304953
1428,84.76522525283005,8.277854028596684
1429,85.02476188194754,8.30319940253394
1430,1.515298757929704,0.14797839432907264
1431,84.37649927238789,8.23989250706913
1432,1.5017345588662612,0.14665376551428333
1433,84.62459288585667,8.26412039900944
1434,84.1446629218648,8.21725223846336
1435,84.62459288585667,8.26412039900944
1436,84.8317095725281,8.284346637942196
1437,84.69742160456961,8.27123257857125
1438,84.36708519405525,8.238973163481958
1439,1.514590945738493,0.1479092720447747
1440,84.62459288585667,8.26412039900944
1441,84.37649927238789,8.23989250706913
1442,84.21093359522516,8.223723983908707
1443,85.02476188194754,8.30319940253394
1444,84.62459288585667,8.26412039900944
1445,1.4221627406752453,0.13888308014406692
1446,84.37649927238789,8.23989250706913
1447,84.36131712533233,8.238409875520736
1448,85.19965697177103,8.320279001149515
1449,84.62459288585667,8.26412039900944
1450,83.56148017806512,8.160300798639172
1451,84.36131712533233,8.238409875520736
1452,85.18415934150133,8.318765560693489
1453,1.520057629385323,0.14844312786966044
1454,84.37649927238789,8.23989250706913
1455,84.63987849275809,8.265613134058407
1456,1.515298757929704,0.14797839432907264
1457,85.39412370603368,8.339269893167351
1458,84.78056515329313,8.279352065751281
1459,84.63987849275809,8.265613134058407
1460,1.4221627406752453,0.13888308014406692
1461,83.88470500402718,8.19186572304953
1462,83.9567779083644,8.198904092613711
1463,84.97307133777325,8.29815149782942
1464,1.520057629385323,0.14844312786966044
1465,84.28355310890812,8.23081573329181
1466,84.53992958897125,8.255852498922973
1467,83.56148017806512,8.160300798639172
1468,83.81911087563785,8.185460046449009
1469,1.514590945738493,0.1479092720447747
1470,85.04020020576866,8.304707051344595
1471,1.4221627406752453,0.13888308014406692
1472,1.514590945738493,0.1479092720447747
1473,1.515298757929704,0.14797839432907264
1474,84.76522525283005,8.277854028596684
1475,1.514590945738493,0.1479092720447747
1476,1.4221627406752453,0.13888308014406692
1477,84.21093359522516,8.223723983908707
1478,84.62459288585667,8.26412039900944
1479,85.18415934150133,8.318765560693489
1480,84.53992958897125,8.255852498922973
1481,84.76522525283005,8.277854028596684
1482,84.36131712533233,8.238409875520736
1483,1.5017345588662612,0.14665376551428333
1484,85.39412370603368,8.339269893167351
1485,85.18415934150133,8.318765560693489
1486,84.21093359522516,8.223723983908707
1487,84.62459288585667,8.26412039900944
1488,84.36708519405525,8.238973163481958
1489,84.78056515329313,8.279352065751281
1490,1.5017345588662612,0.14665376551428333
1491,85.02476188194754,8.30319940253394
1492,84.97307133777325,8.29815149782942
1493,84.97307133777325,8.29815149782942
1494,1.4221627406752453,0.13888308014406692
1495,84.36131712533233,8.238409875520736
1496,85.02476188194754,8.30319940253394
1497,84.78056515329313,8.279352065751281
1498,83.56148017806512,8.160300798639172
1499,85.04020020576866,8.304707051344595
1500,1.4221627406752453,0.13888308014406692
1501,83.9567779083644,8.198904092613711
1502,84.62459288585667,8.26412039900944
1503,1.514590945738493,0.1479092720447747
1504,84.21093359522516,8.223723983908707
1505,1.514590945738493,0.1479092720447747
1506,1.515298757929704,0.14797839432907264
1507,84.36131712533233,8.238409875520736
1508,85.23392990164103,8.323625966957133
1509,84.37649927238789,8.23989250706913
1510,84.78056515329313,8.279352065751281
1511,85.39412370603368,8.339269893167351
1512,85.04020020576866,8.304707051344595
1513,84.21093359522516,8.223723983908707
1514,85.19965697177103,8.320279001149515
1515,85.39412370603368,8.339269893167351
1516,84.37649927238789,8.23989250706913
1517,84.69742160456961,8.27123257857125
1518,85.39412370603368,8.339269893167351
1519,1.515298757929704,0.14797839432907264
1520,85.02476188194754,8.30319940253394
1521,1.515298757929704,0.14797839432907264
1522,84.21093359522516,8.223723983908707
1523,85.19965697177103,8.320279001149515
1524,1.4221627406752453,0.13888308014406692
1525,83.56148017806512,8.160300798639172
1526,84.37649927238789,8.23989250706913
1527,1.5017345588662612,0.14665376551428333
1528,84.56704356763748,8.258500348402098
1529,83.56148017806512,8.160300798639172
1530,1.4221627406752453,0.13888308014406692
1531,84.36708519405525,8.238973163481958
1532,1.5017345588662612,0.14665376551428333
1533,84.8317095725281,8.284346637942196
1534,84.53992958897125,8.255852498922973
1535,85.39412370603368,8.339269893167351
1536,1.515298757929704,0.14797839432907264
1537,1.4221627406752453,0.13888308014406692
1538,83.88470500402718,8.19186572304953
1539,84.28355310890812,8.23081573329181
1540,83.81911087563785,8.185460046449009
1541,83.9567779083644,8.198904092613711
1542,84.56704356763748,8.258500348402098
1543,83.88470500402718,8.19186572304953
1544,84.97307133777325,8.29815149782942
1545,85.18415934150133,8.318765560693489
1546,1.514590945738493,0.1479092720447747
1547,83.88470500402718,8.19186572304953
1548,1.4221627406752453,0.13888308014406692
1549,84.97307133777325,8.29815149782942
1550,84.62459288585667,8.26412039900944
1551,84.53992958897125,8.255852498922973
1552,83.81911087563785,8.185460046449009
1553,84.78056515329313,8.279352065751281
1554,84.53992958897125,8.255852498922973
1555,85.23392990164103,8.323625966957133
1556,84.97307133777325,8.29815149782942
1557,83.56148017806512,8.160300798639172
1558,84.78056515329313,8.279352065751281
1559,85.39412370603368,8.339269893167351
1560,84.36708519405525,8.238973163481958
1561,84.8317095725281,8.284346637942196
1562,84.36131712533233,8.238409875520736
1563,85.02476188194754,8.30319940253394
1564,84.62459288585667,8.26412039900944
1565,1.515298757929704,0.14797839432907264
1566,83.9567779083644,8.198904092613711
1567,84.21093359522516,8.223723983908707
1568,84.37649927238789,8.23989250706913
1569,85.04020020576866,8.304707051344595
1570,85.02476188194754,8.30319940253394
1571,84.62459288585667,8.26412039900944
1572,84.1446629218648,8.21725223846336
1573,85.18415934150133,8.318765560693489
1574,84.63987849275809,8.265613134058407
1575,84.36131712533233,8.238409875520736
1576,84.8317095725281,8.284346637942196
1577,1.520057629385323,0.14844312786966044
1578,84.76522525283005,8.277854028596684
1579,85.18415934150133,8.318765560693489
1580,1.514590945738493,0.1479092720447747
1581,84.53992958897125,8.255852498922973
1582,84.69742160456961,8.27123257857125
1583,84.21093359522516,8.223723983908707
1584,83.9567779083644,8.198904092613711
1585,85.39412370603368,8.339269893167351
1586,84.62459288585667,8.26412039900944
1587,84.36131712533233,8.238409875520736
1588,85.19965697177103,8.320279001149515
1589,85.19965697177103,8.320279001149515
1590,1.515298757929704,0.14797839432907264
1591,84.63987849275809,8.265613134058407
1592,84.62459288585667,8.26412039900944
1593,84.97307133777325,8.29815149782942
1594,1.520057629385323,0.14844312786966044
1595,85.02476188194754,8.30319940253394
1596,1.520057629385323,0.14844312786966044
1597,1.515298757929704,0.14797839432907264
1598,83.9567779083644,8.198904092613711
1599,84.37649927238789,8.23989250706913
1600,84.36131712533233,8.238409875520736
1601,83.9567779083644,8.198904092613711
1602,1.515298757929704,0.14797839432907264
1603,84.97307133777325,8.29815149782942
1604,84.76522525283005,8.277854028596684
1605,84.21093359522516,8.223723983908707
1606,84.37649927238789,8.23989250706913
1607,84.62459288585667,8.26412039900944
1608,1.515298757929704,0.14797839432907264
1609,85.23392990164103,8.323625966957133
1610,84.37649927238789,8.23989250706913
1611,84.36131712533233,8.238409875520736
1612,83.81911087563785,8.185460046449009
1613,83.81911087563785,8.185460046449009
1614,1.4221627406752453,0.13888308014406692
1615,84.78056515329313,8.279352065751281
1616,84.36708519405525,8.238973163481958
1617,84.36131712533233,8.238409875520736
1618,84.69742160456961,8.27123257857125
1619,83.56148017806512,8.160300798639172
1620,84.97307133777325,8.29815149782942
1621,84.37649927238789,8.23989250706913
1622,85.19965697177103,8.320279001149515
1623,84.1446629218648,8.21725223846336
1624,83.88470500402718,8.19186572304953
1625,1.514590945738493,0.1479092720447747
1626,85.04020020576866,8.304707051344595
1627,84.63987849275809,8.265613134058407
1628,1.514590945738493,0.1479092720447747
1629,84.78056515329313,8.279352065751281
1630,83.81911087563785,8.185460046449009
1631,84.97307133777325,8.29815149782942
1632,85.02476188194754,8.30319940253394
1633,85.23392990164103,8.323625966957133
1634,84.37649927238789,8.23989250706913
1635,83.81911087563785,8.185460046449009
1636,84.78056515329313,8.279352065751281
1637,84.69742160456961,8.27123257857125
1638,84.97307133777325,8.29815149782942
1639,1.515298757929704,0.14797839432907264
1640,84.1446629218648,8.21725223846336
1641,1.5017345588662612,0.14665376551428333
1642,84.28355310890812,8.23081573329181
1643,84.76522525283005,8.277854028596684
1644,84.37649927238789,8.23989250706913
1645,84.21093359522516,8.223723983908707
1646,84.76522525283005,8.277854028596684
1647,1.514590945738493,0.1479092720447747
1648,84.97307133777325,8.29815149782942
1649,85.02476188194754,8.30319940253394
1650,1.4221627406752453,0.13888308014406692
1651,84.1446629218648,8.21725223846336
1652,84.21093359522516,8.223723983908707
1653,84.1446629218648,8.21725223846336
1654,84.37649927238789,8.23989250706913
1655,83.81911087563785,8.185460046449009
1656,84.69742160456961,8.27123257857125
1657,84.36708519405525,8.238973163481958
1658,84.8317095725281,8.284346637942196
1659,85.19965697177103,8.320279001149515
1660,85.04020020576866,8.304707051344595
1661,85.18415934150133,8.318765560693489
1662,84.8317095725281,8.284346637942196
1663,1.4221627406752453,0.13888308014406692
1664,83.9567779083644,8.198904092613711
1665,84.37649927238789,8.23989250706913
1666,85.23392990164103,8.323625966957133
1667,1.515298757929704,0.14797839432907264
1668,1.4221627406752453,0.13888308014406692
1669,1.515298757929704,0.14797839432907264
1670,1.515298757929704,0.14797839432907264
1671,84.62459288585667,8.26412039900944
1672,1.515298757929704,0.14797839432907264
1673,83.56148017806512,8.160300798639172
1674,1.520057629385323,0.14844312786966044
1675,1.514590945738493,0.1479092720447747
1676,84.21093359522516,8.223723983908707
1677,84.28355310890812,8.23081573329181
1678,84.69742160456961,8.27123257857125
1679,84.37649927238789,8.23989250706913
1680,85.02476188194754,8.30319940253394
1681,1.514590945738493,0.1479092720447747
1682,1.515298757929704,0.14797839432907264
1683,1.5017345588662612,0.14665376551428333
1684,1.520057629385323,0.14844312786966044
1685,85.23392990164103,8.323625966957133
1686,84.63987849275809,8.265613134058407
1687,84.36708519405525,8.238973163481958
1688,84.76522525283005,8.277854028596684
1689,1.514590945738493,0.1479092720447747
1690,1.5017345588662612,0.14665376551428333
1691,1.5017345588662612,0.14665376551428333
1692,85.04020020576866,8.304707051344595
1693,1.5017345588662612,0.14665376551428333
1694,1.514590945738493,0.1479092720447747
1695,84.36708519405525,8.238973163481958
1696,84.8317095725281,8.284346637942196
1697,83.81911087563785,8.185460046449009
1698,84.8317095725281,8.284346637942196
1699,83.56148017806512,8.160300798639172
1700,85.23392990164103,8.323625966957133
1701,84.8317095725281,8.284346637942196
1702,84.62459288585667,8.26412039900944
1703,1.4221627406752453,0.13888308014406692
1704,1.4221627406752453,0.13888308014406692
1705,84.69742160456961,8.27123257857125
1706,84.63987849275809,8.265613134058407
1707,84.8317095725281,8.284346637942196
1708,1.515298757929704,0.14797839432907264
1709,83.56148017806512,8.160300798639172
1710,1.5017345588662612,0.14665376551428333
1711,84.76522525283005,8.277854028596684
1712,84.56704356763748,8.258500348402098
1713,83.88470500402718,8.19186572304953
1714,1.515298757929704,0.14797839432907264
1715,84.36131712533233,8.238409875520736
1716,85.04020020576866,8.304707051344595
1717,85.23392990164103,8.323625966957133
1718,1.520057629385323,0.14844312786966044
1719,85.23392990164103,8.323625966957133
1720,83.9567779083644,8.198904092613711
1721,1.4221627406752453,0.13888308014406692
1722,84.78056515329313,8.279352065751281
1723,1.514590945738493,0.1479092720447747
1724,84.63987849275809,8.265613134058407
1725,84.56704356763748,8.258500348402098
1726,84.62459288585667,8.26412039900944
1727,1.515298757929704,0.14797839432907264
1728,84.21093359522516,8.223723983908707
1729,84.53992958897125,8.255852498922973
1730,85.19965697177103,8.320279001149515
1731,84.28355310890812,8.23081573329181
1732,84.78056515329313,8.279352065751281
1733,83.88470500402718,8.19186572304953
1734,84.69742160456961,8.27123257857125
1735,84.97307133777325,8.29815149782942
1736,83.56148017806512,8.160300798639172
1737,1.4221627406752453,0.13888308014406692
1738,1.520057629385323,0.14844312786966044
1739,85.18415934150133,8.318765560693489
1740,85.23392990164103,8.323625966957133
1741,84.36708519405525,8.238973163481958
1742,85.19965697177103,8.320279001149515
1743,84.21093359522516,8.223723983908707
1744,84.37649927238789,8.23989250706913
1745,83.81911087563785,8.185460046449009
1746,83.88470500402718,8.19186572304953
1747,83.56148017806512,8.160300798639172
1748,1.515298757929704,0.14797839432907264
1749,1.5017345588662612,0.14665376551428333
1750,83.88470500402718,8.19186572304953
1751,84.97307133777325,8.29815149782942
1752,84.37649927238789,8.23989250706913
1753,84.21093359522516,8.223723983908707
1754,85.18415934150133,8.318765560693489
1755,84.36708519405525,8.238973163481958
1756,84.21093359522516,8.223723983908707
1757,84.62459288585667,8.26412039900944
1758,85.19965697177103,8.320279001149515
1759,84.37649927238789,8.23989250706913
1760,85.19965697177103,8.320279001149515
1761,1.520057629385323,0.14844312786966044
1762,84.21093359522516,8.223723983908707
1763,84.36131712533233,8.238409875520736
1764,83.81911087563785,8.185460046449009
1765,84.1446629218648,8.21725223846336
1766,85.04020020576866,8.304707051344595
1767,84.8317095725281,8.284346637942196
1768,85.18415934150133,8.318765560693489
1769,84.97307133777325,8.29815149782942
1770,84.78056515329313,8.279352065751281
1771,84.36131712533233,8.238409875520736
1772,1.5017345588662612,0.14665376551428333
1773,84.78056515329313,8.279352065751281
1774,84.37649927238789,8.23989250706913
1775,1.4221627406752453,0.13888308014406692
1776,84.69742160456961,8.27123257857125
1777,85.23392990164103,8.323625966957133
1778,84.53992958897125,8.255852498922973
1779,84.28355310890812,8.23081573329181
1780,84.69742160456961,8.27123257857125
1781,84.97307133777325,8.29815149782942
1782,1.514590945738493,0.1479092720447747
1783,84.62459288585667,8.26412039900944
1784,1.520057629385323,0.14844312786966044
1785,84.62459288585667,8.26412039900944
1786,83.81911087563785,8.185460046449009
1787,85.23392990164103,8.323625966957133
1788,84.36131712533233,8.238409875520736
1789,84.62459288585667,8.26412039900944
1790,1.5017345588662612,0.14665376551428333
1791,85.18415934150133,8.318765560693489
1792,85.39412370603368,8.339269893167351
1793,83.9567779083644,8.198904092613711
1794,84.63987849275809,8.265613134058407
1795,84.21093359522516,8.223723983908707
1796,84.53992958897125,8.255852498922973
1797,84.1446629218648,8.21725223846336
1798,84.69742160456961,8.27123257857125
1799,84.63987849275809,8.265613134058407
1800,83.81911087563785,8.185460046449009
1801,84.36708519405525,8.238973163481958
1802,84.56704356763748,8.258500348402098
1803,1.4221627406752453,0.13888308014406692
1804,1.520057629385323,0.14844312786966044
1805,85.19965697177103,8.320279001149515
1806,84.78056515329313,8.279352065751281
1807,84.97307133777325,8.29815149782942
1808,84.36708519405525,8.238973163481958
1809,84.56704356763748,8.258500348402098
1810,84.56704356763748,8.258500348402098
1811,85.19965697177103,8.320279001149515
1812,1.4221627406752453,0.13888308014406692
1813,85.23392990164103,8.323625966957133
1814,84.56704356763748,8.258500348402098
1815,1.4221627406752453,0.13888308014406692
1816,85.39412370603368,8.339269893167351
1817,84.36708519405525,8.238973163481958
1818,85.19965697177103,8.320279001149515
1819,83.88470500402718,8.19186572304953
1820,84.76522525283005,8.277854028596684
1821,1.5017345588662612,0.14665376551428333
1822,84.69742160456961,8.27123257857125
1823,85.23392990164103,8.323625966957133
1824,84.56704356763748,8.258500348402098
1825,84.36131712533233,8.238409875520736
1826,1.514590945738493,0.1479092720447747
1827,84.37649927238789,8.23989250706913
1828,1.4221627406752453,0.13888308014406692
1829,85.23392990164103,8.323625966957133
1830,83.81911087563785,8.185460046449009
1831,1.520057629385323,0.14844312786966044
1832,84.1446629218648,8.21725223846336
1833,84.36708519405525,8.238973163481958
1834,84.28355310890812,8.23081573329181
1835,85.18415934150133,8.318765560693489
1836,84.63987849275809,8.265613134058407
1837,1.520057629385323,0.14844312786966044
1838,85.04020020576866,8.304707051344595
1839,84.76522525283005,8.277854028596684
1840,84.28355310890812,8.23081573329181
1841,1.515298757929704,0.14797839432907264
1842,84.53992958897125,8.255852498922973
1843,84.28355310890812,8.23081573329181
1844,1.520057629385323,0.14844312786966044
1845,84.78056515329313,8.279352065751281
1846,84.37649927238789,8.23989250706913
1847,85.39412370603368,8.339269893167351
1848,84.76522525283005,8.277854028596684
1849,84.21093359522516,8.223723983908707
1850,84.37649927238789,8.23989250706913
1851,83.56148017806512,8.160300798639172
1852,85.23392990164103,8.323625966957133
1853,1.514590945738493,0.1479092720447747
1854,84.28355310890812,8.23081573329181
1855,1.4221627406752453,0.13888308014406692
1856,1.514590945738493,0.1479092720447747
1857,83.88470500402718,8.19186572304953
1858,85.04020020576866,8.304707051344595
1859,85.02476188194754,8.30319940253394
1860,84.1446629218648,8.21725223846336
1861,84.97307133777325,8.29815149782942
1862,84.28355310890812,8.23081573329181
1863,84.76522525283005,8.277854028596684
1864,85.23392990164103,8.323625966957133
1865,84.76522525283005,8.277854028596684
1866,83.88470500402718,8.19186572304953
1867,85.02476188194754,8.30319940253394
1868,83.56148017806512,8.160300798639172
1869,84.36131712533233,8.238409875520736
1870,84.36131712533233,8.238409875520736
1871,84.21093359522516,8.223723983908707
1872,84.78056515329313,8.279352065751281
1873,1.5017345588662612,0.14665376551428333
1874,85.39412370603368,8.339269893167351
1875,85.18415934150133,8.318765560693489
1876,84.21093359522516,8.223723983908707
1877,84.37649927238789,8.23989250706913
1878,84.62459288585667,8.26412039900944
1879,84.36708519405525,8.238973163481958
1880,1.514590945738493,0.1479092720447747
1881,84.69742160456961,8.27123257857125
1882,85.39412370603368,8.339269893167351
1883,84.62459288585667,8.26412039900944
1884,1.515298757929704,0.14797839432907264
1885,84.63987849275809,8.265613134058407
1886,84.78056515329313,8.279352065751281
1887,85.19965697177103,8.320279001149515
1888,84.36131712533233,8.238409875520736
1889,1.520057629385323,0.14844312786966044
1890,84.56704356763748,8.258500348402098
1891,84.36708519405525,8.238973163481958
1892,85.02476188194754,8.30319940253394
1893,83.81911087563785,8.185460046449009
1894,1.5017345588662612,0.14665376551428333
1895,84.36708519405525,8.238973163481958
1896,84.69742160456961,8.27123257857125
1897,84.36131712533233,8.238409875520736
1898,85.04020020576866,8.304707051344595
1899,85.02476188194754,8.30319940253394
1900,85.23392990164103,8.323625966957133
1901,1.514590945738493,0.1479092720447747
1902,1.514590945738493,0.1479092720447747
1903,1.520057629385323,0.14844312786966044
1904,85.19965697177103,8.320279001149515
1905,84.63987849275809,8.265613134058407
1906,83.56148017806512,8.160300798639172
1907,84.76522525283005,8.277854028596684
1908,84.78056515329313,8.279352065751281
1909,84.62459288585667,8.26412039900944
1910,84.28355310890812,8.23081573329181
1911,84.62459288585667,8.26412039900944
1912,85.39412370603368,8.339269893167351
1913,84.62459288585667,8.26412039900944
1914,1.515298757929704,0.14797839432907264
1915,1.515298757929704,0.14797839432907264
1916,84.53992958897125,8.255852498922973
1917,84.56704356763748,8.258500348402098
1918,85.19965697177103,8.320279001149515
1919,1.520057629385323,0.14844312786966044
1920,1.4221627406752453,0.13888308014406692
1921,84.97307133777325,8.29815149782942
1922,83.81911087563785,8.185460046449009
1923,85.02476188194754,8.30319940253394
1924,85.19965697177103,8.320279001149515
1925,84.36708519405525,8.238973163481958
1926,1.514590945738493,0.1479092720447747
1927,1.4221627406752453,0.13888308014406692
1928,1.514590945738493,0.1479092720447747
1929,85.18415934150133,8.318765560693489
1930,84.36708519405525,8.238973163481958
1931,84.37649927238789,8.23989250706913
1932,84.62459288585667,8.26412039900944
1933,84.62459288585667,8.26412039900944
1934,84.1446629218648,8.21725223846336
1935,85.23392990164103,8.323625966957133
1936,84.56704356763748,8.258500348402098
1937,84.37649927238789,8.23989250706913
1938,84.69742160456961,8.27123257857125
1939,1.520057629385323,0.14844312786966044
1940,84.21093359522516,8.223723983908707
1941,84.1446629218648,8.21725223846336
1942,85.23392990164103,8.323625966957133
1943,83.56148017806512,8.160300798639172
1944,84.56704356763748,8.258500348402098
1945,84.63987849275809,8.265613134058407
1946,83.81911087563785,8.185460046449009
1947,84.37649927238789,8.23989250706913
1948,84.8317095725281,8.284346637942196
1949,83.81911087563785,8.185460046449009
1950,1.515298757929704,0.14797839432907264
1951,84.69742160456961,8.27123257857125
1952,85.02476188194754,8.30319940253394
1953,84.36131712533233,8.238409875520736
1954,85.23392990164103,8.323625966957133
1955,83.88470500402718,8.19186572304953
1956,84.36131712533233,8.238409875520736
1957,84.28355310890812,8.23081573329181
1958,1.514590945738493,0.1479092720447747
1959,83.56148017806512,8.160300798639172
1960,84.56704356763748,8.258500348402098
1961,84.97307133777325,8.29815149782942
1962,1.515298757929704,0.14797839432907264
1963,84.21093359522516,8.223723983908707
1964,85.04020020576866,8.304707051344595
1965,84.53992958897125,8.255852498922973
1966,84.37649927238789,8.23989250706913
1967,1.4221627406752453,0.13888308014406692
1968,84.76522525283005,8.277854028596684
1969,1.514590945738493,0.1479092720447747
1970,83.9567779083644,8.198904092613711
1971,84.28355310890812,8.23081573329181
1972,85.39412370603368,8.339269893167351
1973,84.1446629218648,8.21725223846336
1974,1.4221627406752453,0.13888308014406692
1975,84.36708519405525,8.238973163481958
1976,84.76522525283005,8.277854028596684
1977,85.18415934150133,8.318765560693489
1978,85.39412370603368,8.339269893167351
1979,84.78056515329313,8.279352065751281
1980,84.69742160456961,8.27123257857125
1981,84.63987849275809,8.265613134058407
1982,85.04020020576866,8.304707051344595
1983,1.5017345588662612,0.14665376551428333
1984,85.04020020576866,8.304707051344595
1985,84.53992958897125,8.255852498922973
1986,84.78056515329313,8.279352065751281
1987,84.76522525283005,8.277854028596684
1988,84.21093359522516,8.223723983908707
1989,83.88470500402718,8.19186572304953
1990,1.5017345588662612,0.14665376551428333
1991,84.76522525283005,8.277854028596684
1992,84.8317095725281,8.284346637942196
1993,84.21093359522516,8.223723983908707
1994,84.37649927238789,8.23989250706913
1995,84.37649927238789,8.23989250706913
1996,84.97307133777325,8.29815149782942
1997,85.39412370603368,8.339269893167351
1998,1.515298757929704,0.14797839432907264
1999,1.515298757929704,0.14797839432907264
2000,1.514590945738493,0.1479092720447747
2001,1.515298757929704,0.14797839432907264
2002,1.4221627406752453,0.13888308014406692
2003,1.514590945738493,0.1479092720447747
2004,84.1446629218648,8.21725223846336
2005,85.04020020576866,8.304707051344595
2006,84.56704356763748,8.258500348402098
2007,84.69742160456961,8.27123257857125
2008,1.520057629385323,0.14844312786966044
2009,84.36131712533233,8.238409875520736
2010,84.69742160456961,8.27123257857125
2011,84.97307133777325,8.29815149782942
2012,84.1446629218648,8.21725223846336
2013,85.02476188194754,8.30319940253394
2014,84.56704356763748,8.258500348402098
2015,84.78056515329313,8.279352065751281
2016,1.5017345588662612,0.14665376551428333
2017,83.9567779083644,8.198904092613711
2018,84.21093359522516,8.223723983908707
2019,84.28355310890812,8.23081573329181
2020,84.36131712533233,8.238409875520736
2021,84.97307133777325,8.29815149782942
2022,83.81911087563785,8.185460046449009
2023,85.39412370603368,8.339269893167351
2024,85.02476188194754,8.30319940253394
2025,85.04020020576866,8.304707051344595
2026,84.62459288585667,8.26412039900944
2027,83.81911087563785,8.185460046449009
2028,84.8317095725281,8.284346637942196
2029,1.514590945738493,0.1479092720447747
2030,1.515298757929704,0.14797839432907264
2031,85.19965697177103,8.320279001149515
2032,83.88470500402718,8.19186572304953
2033,1.514590945738493,0.1479092720447747
2034,85.04020020576866,8.304707051344595
2035,85.02476188194754,8.30319940253394
2036,85.39412370603368,8.339269893167351
2037,84.36131712533233,8.238409875520736
2038,84.53992958897125,8.255852498922973
2039,85.18415934150133,8.318765560693489
2040,1.520057629385323,0.14844312786966044
2041,85.39412370603368,8.339269893167351
2042,84.36131712533233,8.238409875520736
2043,1.515298757929704,0.14797839432907264
2044,1.515298757929704,0.14797839432907264
2045,84.62459288585667,8.26412039900944
2046,85.18415934150133,8.318765560693489
2047,1.514590945738493,0.1479092720447747
2048,83.81911087563785,8.185460046449009
2049,1.514590945738493,0.1479092720447747
2050,1.4221627406752453,0.13888308014406692
2051,84.69742160456961,8.27123257857125
2052,84.56704356763748,8.258500348402098
2053,84.63987849275809,8.265613134058407
2054,84.28355310890812,8.23081573329181
2055,84.56704356763748,8.258500348402098
2056,84.97307133777325,8.29815149782942
2057,84.8317095725281,8.284346637942196
2058,84.78056515329313,8.279352065751281
2059,84.56704356763748,8.258500348402098
2060,85.18415934150133,8.318765560693489
2061,84.69742160456961,8.27123257857125
2062,1.514590945738493,0.1479092720447747
2063,83.9567779083644,8.198904092613711
2064,85.02476188194754,8.30319940253394
2065,85.19965697177103,8.320279001149515
2066,84.1446629218648,8.21725223846336
2067,85.02476188194754,8.30319940253394
2068,83.81911087563785,8.185460046449009
2069,1.514590945738493,0.1479092720447747
2070,1.514590945738493,0.1479092720447747
2071,84.53992958897125,8.255852498922973
2072,84.36131712533233,8.238409875520736
2073,1.520057629385323,0.14844312786966044
2074,84.1446629218648,8.21725223846336
2075,85.04020020576866,8.304707051344595
2076,83.56148017806512,8.160300798639172
2077,85.39412370603368,8.339269893167351
2078,85.39412370603368,8.339269893167351
2079,83.9567779083644,8.198904092613711
2080,83.56148017806512,8.160300798639172
2081,83.81911087563785,8.185460046449009
2082,85.23392990164103,8.323625966957133
2083,83.88470500402718,8.19186572304953
2084,84.78056515329313,8.279352065751281
2085,1.514590945738493,0.1479092720447747
2086,84.36708519405525,8.238973163481958
2087,1.514590945738493,0.1479092720447747
2088,84.78056515329313,8.279352065751281
2089,85.23392990164103,8.323625966957133
2090,83.56148017806512,8.160300798639172
2091,84.28355310890812,8.23081573329181
2092,84.78056515329313,8.279352065751281
2093,84.36708519405525,8.238973163481958
2094,85.18415934150133,8.318765560693489
2095,84.37649927238789,8.23989250706913
2096,85.18415934150133,8.318765560693489
2097,84.53992958897125,8.255852498922973
2098,1.4221627406752453,0.13888308014406692
2099,84.97307133777325,8.29815149782942
2100,85.19965697177103,8.320279001149515
2101,84.28355310890812,8.23081573329181
2102,84.69742160456961,8.27123257857125
2103,1.515298757929704,0.14797839432907264
2104,85.39412370603368,8.339269893167351
2105,85.19965697177103,8.320279001149515
2106,85.19965697177103,8.320279001149515
2107,1.514590945738493,0.1479092720447747
2108,85.19965697177103,8.320279001149515
2109,85.23392990164103,8.323625966957133
2110,83.9567779083644,8.198904092613711
2111,85.02476188194754,8.30319940253394
2112,85.23392990164103,8.323625966957133
2113,1.520057629385323,0.14844312786966044
2114,85.18415934150133,8.318765560693489
2115,83.81911087563785,8.185460046449009
2116,84.28355310890812,8.23081573329181
2117,83.9567779083644,8.198904092613711
2118,84.37649927238789,8.23989250706913
2119,85.02476188194754,8.30319940253394
2120,85.23392990164103,8.323625966957133
2121,84.56704356763748,8.258500348402098
2122,85.19965697177103,8.320279001149515
2123,85.23392990164103,8.323625966957133
2124,84.21093359522516,8.223723983908707
2125,84.21093359522516,8.223723983908707
2126,85.02476188194754,8.30319940253394
2127,84.62459288585667,8.26412039900944
2128,1.515298757929704,0.14797839432907264
2129,83.9567779083644,8.198904092613711
2130,84.63987849275809,8.265613134058407
2131,1.514590945738493,0.1479092720447747
2132,85.23392990164103,8.323625966957133
2133,84.53992958897125,8.255852498922973
2134,1.4221627406752453,0.13888308014406692
2135,85.18415934150133,8.318765560693489
2136,1.5017345588662612,0.14665376551428333
2137,1.514590945738493,0.1479092720447747
2138,1.515298757929704,0.14797839432907264
2139,84.53992958897125,8.255852498922973
2140,84.21093359522516,8.223723983908707
2141,83.9567779083644,8.198904092613711
2142,1.514590945738493,0.1479092720447747
2143,84.63987849275809,8.265613134058407
2144,84.78056515329313,8.279352065751281
2145,83.56148017806512,8.160300798639172
2146,83.9567779083644,8.198904092613711
2147,84.56704356763748,8.258500348402098
2148,84.63987849275809,8.265613134058407
2149,83.88470500402718,8.19186572304953
2150,1.514590945738493,0.1479092720447747
2151,84.37649927238789,8.23989250706913
2152,83.88470500402718,8.19186572304953
2153,1.515298757929704,0.14797839432907264
2154,84.8317095725281,8.284346637942196
2155,84.62459288585667,8.26412039900944
2156,84.1446629218648,8.21725223846336
2157,1.4221627406752453,0.13888308014406692
2158,84.78056515329313,8.279352065751281
2159,1.514590945738493,0.1479092720447747
2160,84.63987849275809,8.265613134058407
2161,84.36708519405525,8.238973163481958
2162,1.4221627406752453,0.13888308014406692
2163,84.1446629218648,8.21725223846336
2164,85.04020020576866,8.304707051344595
2165,84.56704356763748,8.258500348402098
2166,84.62459288585667,8.26412039900944
2167,84.56704356763748,8.258500348402098
2168,84.21093359522516,8.223723983908707
2169,85.23392990164103,8.323625966957133
2170,1.5017345588662612,0.14665376551428333
2171,85.23392990164103,8.323625966957133
2172,85.39412370603368,8.339269893167351
2173,83.81911087563785,8.185460046449009
2174,84.62459288585667,8.26412039900944
2175,84.21093359522516,8.223723983908707
2176,85.39412370603368,8.339269893167351
2177,1.520057629385323,0.14844312786966044
2178,84.8317095725281,8.284346637942196
2179,1.514590945738493,0.1479092720447747
2180,84.21093359522516,8.223723983908707
2181,84.63987849275809,8.265613134058407
2182,85.18415934150133,8.318765560693489
2183,1.4221627406752453,0.13888308014406692
2184,84.53992958897125,8.255852498922973
2185,84.28355310890812,8.23081573329181
2186,84.62459288585667,8.26412039900944
2187,1.514590945738493,0.1479092720447747
2188,85.23392990164103,8.323625966957133
2189,84.1446629218648,8.21725223846336
2190,1.520057629385323,0.14844312786966044
2191,84.62459288585667,8.26412039900944
2192,83.9567779083644,8.198904092613711
2193,84.78056515329313,8.279352065751281
2194,84.8317095725281,8.284346637942196
2195,1.520057629385323,0.14844312786966044
2196,83.81911087563785,8.185460046449009
2197,84.69742160456961,8.27123257857125
2198,84.36131712533233,8.238409875520736
2199,84.56704356763748,8.258500348402098
2200,84.76522525283005,8.277854028596684
2201,84.53992958897125,8.255852498922973
2202,84.36131712533233,8.238409875520736
2203,85.02476188194754,8.30319940253394
2204,1.5017345588662612,0.14665376551428333
2205,84.69742160456961,8.27123257857125
2206,84.63987849275809,8.265613134058407
2207,1.520057629385323,0.14844312786966044
2208,84.36708519405525,8.238973163481958
2209,85.23392990164103,8.323625966957133
2210,84.1446629218648,8.21725223846336
2211,84.69742160456961,8.27123257857125
2212,85.19965697177103,8.320279001149515
2213,84.1446629218648,8.21725223846336
2214,84.63987849275809,8.265613134058407
2215,84.36708519405525,8.238973163481958
2216,83.56148017806512,8.160300798639172
2217,84.53992958897125,8.255852498922973
2218,84.53992958897125,8.255852498922973
2219,84.28355310890812,8.23081573329181
2220,1.514590945738493,0.1479092720447747
2221,83.81911087563785,8.185460046449009
2222,84.97307133777325,8.29815149782942
2223,83.56148017806512,8.160300798639172
2224,1.4221627406752453,0.13888308014406692
2225,85.04020020576866,8.304707051344595
2226,84.62459288585667,8.26412039900944
2227,84.97307133777325,8.29815149782942
2228,84.76522525283005,8.277854028596684
2229,84.53992958897125,8.255852498922973
2230,84.37649927238789,8.23989250706913
2231,1.514590945738493,0.1479092720447747
2232,1.514590945738493,0.1479092720447747
2233,85.04020020576866,8.304707051344595
2234,85.19965697177103,8.320279001149515
2235,1.520057629385323,0.14844312786966044
2236,84.1446629218648,8.21725223846336
2237,84.37649927238789,8.23989250706913
2238,84.28355310890812,8.23081573329181
2239,85.39412370603368,8.339269893167351
2240,83.9567779083644,8.198904092613711
2241,1.515298757929704,0.14797839432907264
2242,84.63987849275809,8.265613134058407
2243,84.62459288585667,8.26412039900944
2244,84.69742160456961,8.27123257857125
2245,83.9567779083644,8.198904092613711
2246,84.69742160456961,8.27123257857125
2247,84.28355310890812,8.23081573329181
2248,85.19965697177103,8.320279001149515
2249,83.81911087563785,8.185460046449009
2250,85.19965697177103,8.320279001149515
2251,85.18415934150133,8.318765560693489
2252,84.1446629218648,8.21725223846336
2253,83.56148017806512,8.160300798639172
2254,83.9567779083644,8.198904092613711
2255,84.56704356763748,8.258500348402098
2256,1.4221627406752453,0.13888308014406692
2257,85.04020020576866,8.304707051344595
2258,84.28355310890812,8.23081573329181
2259,85.39412370603368,8.339269893167351
2260,1.515298757929704,0.14797839432907264
2261,1.514590945738493,0.1479092720447747
2262,85.02476188194754,8.30319940253394
2263,1.5017345588662612,0.14665376551428333
2264,1.514590945738493,0.1479092720447747
2265,85.02476188194754,8.30319940253394
2266,84.37649927238789,8.23989250706913
2267,84.28355310890812,8.23081573329181
2268,1.515298757929704,0.14797839432907264
2269,84.36131712533233,8.238409875520736
2270,84.8317095725281,8.284346637942196
2271,84.28355310890812,8.23081573329181
2272,83.88470500402718,8.19186572304953
2273,1.515298757929704,0.14797839432907264
2274,1.4221627406752453,0.13888308014406692
2275,84.69742160456961,8.27123257857125
2276,1.514590945738493,0.1479092720447747
2277,83.9567779083644,8.198904092613711
2278,84.56704356763748,8.258500348402098
2279,84.63987849275809,8.265613134058407
2280,83.88470500402718,8.19186572304953
2281,85.18415934150133,8.318765560693489
2282,1.514590945738493,0.1479092720447747
2283,85.23392990164103,8.323625966957133
2284,83.88470500402718,8.19186572304953
2285,84.76522525283005,8.277854028596684
2286,84.8317095725281,8.284346637942196
2287,1.514590945738493,0.1479092720447747
2288,85.04020020576866,8.304707051344595
2289,85.04020020576866,8.304707051344595
2290,85.02476188194754,8.30319940253394
2291,84.63987849275809,8.265613134058407
2292,84.37649927238789,8.23989250706913
2293,1.515298757929704,0.14797839432907264
2294,85.23392990164103,8.323625966957133
2295,84.69742160456961,8.27123257857125
2296,84.28355310890812,8.23081573329181
2297,83.81911087563785,8.185460046449009
2298,1.515298757929704,0.14797839432907264
2299,83.81911087563785,8.185460046449009
2300,1.514590945738493,0.1479092720447747
2301,84.36708519405525,8.238973163481958
2302,1.515298757929704,0.14797839432907264
2303,84.36131712533233,8.238409875520736
2304,1.515298757929704,0.14797839432907264
2305,84.8317095725281,8.284346637942196
2306,84.37649927238789,8.23989250706913
2307,83.56148017806512,8.160300798639172
2308,84.62459288585667,8.26412039900944
2309,84.1446629218648,8.21725223846336
2310,1.515298757929704,0.14797839432907264
2311,84.8317095725281,8.284346637942196
2312,1.520057629385323,0.14844312786966044
2313,1.520057629385323,0.14844312786966044
2314,84.97307133777325,8.29815149782942
2315,84.21093359522516,8.223723983908707
2316,83.81911087563785,8.185460046449009
2317,84.28355310890812,8.23081573329181
2318,84.37649927238789,8.23989250706913
2319,85.23392990164103,8.323625966957133
2320,83.9567779083644,8.198904092613711
2321,84.63987849275809,8.265613134058407
2322,1.515298757929704,0.14797839432907264
2323,84.8317095725281,8.284346637942196
2324,83.9567779083644,8.198904092613711
2325,84.8317095725281,8.284346637942196
2326,84.97307133777325,8.29815149782942
2327,1.5017345588662612,0.14665376551428333
2328,84.56704356763748,8.258500348402098
2329,1.4221627406752453,0.13888308014406692
2330,84.36708519405525,8.238973163481958
2331,84.62459288585667,8.26412039900944
2332,84.78056515329313,8.279352065751281
2333,85.18415934150133,8.318765560693489
2334,83.88470500402718,8.19186572304953
2335,84.63987849275809,8.265613134058407
2336,1.4221627406752453,0.13888308014406692
2337,84.1446629218648,8.21725223846336
2338,1.5017345588662612,0.14665376551428333
2339,84.8317095725281,8.284346637942196
2340,84.62459288585667,8.26412039900944
2341,84.8317095725281,8.284346637942196
2342,84.37649927238789,8.23989250706913
2343,1.4221627406752453,0.13888308014406692
2344,85.04020020576866,8.304707051344595
2345,85.39412370603368,8.339269893167351
2346,1.520057629385323,0.14844312786966044
2347,83.56148017806512,8.160300798639172
2348,83.88470500402718,8.19186572304953
2349,84.97307133777325,8.29815149782942
2350,1.4221627406752453,0.13888308014406692
2351,84.69742160456961,8.27123257857125
2352,85.23392990164103,8.323625966957133
2353,84.8317095725281,8.284346637942196
2354,83.81911087563785,8.185460046449009
2355,83.81911087563785,8.185460046449009
2356,84.69742160456961,8.27123257857125
2357,84.69742160456961,8.27123257857125
2358,85.18415934150133,8.318765560693489
2359,84.1446629218648,8.21725223846336
2360,85.39412370603368,8.339269893167351
2361,1.515298757929704,0.14797839432907264
2362,84.21093359522516,8.223723983908707
2363,1.515298757929704,0.14797839432907264
2364,84.8317095725281,8.284346637942196
2365,84.28355310890812,8.23081573329181
2366,84.1446629218648,8.21725223846336
2367,84.36708519405525,8.238973163481958
2368,1.515298757929704,0.14797839432907264
2369,84.97307133777325,8.29815149782942
2370,1.4221627406752453,0.13888308014406692
2371,84.28355310890812,8.23081573329181
2372,84.78056515329313,8.279352065751281
2373,1.520057629385323,0.14844312786966044
2374,84.63987849275809,8.265613134058407
2375,1.514590945738493,0.1479092720447747
2376,84.97307133777325,8.29815149782942
2377,1.4221627406752453,0.13888308014406692
2378,84.62459288585667,8.26412039900944
2379,1.4221627406752453,0.13888308014406692
2380,85.02476188194754,8.30319940253394
2381,84.97307133777325,8.29815149782942
2382,84.62459288585667,8.26412039900944
2383,84.62459288585667,8.26412039900944
2384,1.4221627406752453,0.13888308014406692
2385,84.37649927238789,8.23989250706913
2386,1.514590945738493,0.1479092720447747
2387,1.515298757929704,0.14797839432907264
2388,84.28355310890812,8.23081573329181
2389,84.36708519405525,8.238973163481958
2390,85.39412370603368,8.339269893167351
2391,84.1446629218648,8.21725223846336
2392,1.515298757929704,0.14797839432907264
2393,1.5017345588662612,0.14665376551428333
2394,1.515298757929704,0.14797839432907264
2395,84.53992958897125,8.255852498922973
2396,85.18415934150133,8.318765560693489
2397,84.53992958897125,8.255852498922973
2398,84.21093359522516,8.223723983908707
2399,84.28355310890812,8.23081573329181
2400,84.28355310890812,8.23081573329181
2401,83.56148017806512,8.160300798639172
2402,84.36708519405525,8.238973163481958
2403,84.8317095725281,8.284346637942196
2404,1.4221627406752453,0.13888308014406692
2405,1.4221627406752453,0.13888308014406692
2406,84.97307133777325,8.29815149782942
2407,84.56704356763748,8.258500348402098
2408,84.53992958897125,8.255852498922973
2409,84.62459288585667,8.26412039900944
2410,1.4221627406752453,0.13888308014406692
2411,83.9567779083644,8.198904092613711
2412,1.4221627406752453,0.13888308014406692
2413,84.21093359522516,8.223723983908707
2414,84.76522525283005,8.277854028596684
2415,85.02476188194754,8.30319940253394
2416,85.19965697177103,8.320279001149515
2417,84.56704356763748,8.258500348402098
2418,1.520057629385323,0.14844312786966044
2419,84.28355310890812,8.23081573329181
2420,84.97307133777325,8.29815149782942
2421,85.23392990164103,8.323625966957133
2422,84.21093359522516,8.223723983908707
2423,84.21093359522516,8.223723983908707
2424,1.4221627406752453,0.13888308014406692
2425,84.78056515329313,8.279352065751281
2426,85.04020020576866,8.304707051344595
2427,84.36708519405525,8.238973163481958
2428,85.18415934150133,8.318765560693489
2429,84.97307133777325,8.29815149782942
2430,85.04020020576866,8.304707051344595
2431,85.23392990164103,8.323625966957133
2432,84.8317095725281,8.284346637942196
2433,83.56148017806512,8.160300798639172
2434,85.23392990164103,8.323625966957133
2435,1.514590945738493,0.1479092720447747
2436,84.1446629218648,8.21725223846336
2437,83.88470500402718,8.19186572304953
2438,85.19965697177103,8.320279001149515
2439,1.5017345588662612,0.14665376551428333
2440,83.9567779083644,8.198904092613711
2441,83.9567779083644,8.198904092613711
2442,84.53992958897125,8.255852498922973
2443,83.9567779083644,8.198904092613711
2444,85.04020020576866,8.304707051344595
2445,84.21093359522516,8.223723983908707
2446,84.37649927238789,8.23989250706913
2447,84.97307133777325,8.29815149782942
2448,85.04020020576866,8.304707051344595
2449,84.76522525283005,8.277854028596684
2450,1.5017345588662612,0.14665376551428333
2451,84.28355310890812,8.23081573329181
2452,84.36708519405525,8.238973163481958
2453,84.8317095725281,8.284346637942196
2454,84.21093359522516,8.223723983908707
2455,84.78056515329313,8.279352065751281
2456,85.18415934150133,8.318765560693489
2457,1.5017345588662612,0.14665376551428333
2458,84.76522525283005,8.277854028596684
2459,84.21093359522516,8.223723983908707
2460,85.18415934150133,8.318765560693489
2461,1.514590945738493,0.1479092720447747
2462,85.39412370603368,8.339269893167351
2463,83.56148017806512,8.160300798639172
2464,83.88470500402718,8.19186572304953
2465,83.88470500402718,8.19186572304953
2466,84.78056515329313,8.279352065751281
2467,84.62459288585667,8.26412039900944
2468,83.88470500402718,8.19186572304953
2469,84.62459288585667,8.26412039900944
2470,84.56704356763748,8.258500348402098
2471,1.514590945738493,0.1479092720447747
2472,85.02476188194754,8.30319940253394
2473,84.97307133777325,8.29815149782942
2474,84.21093359522516,8.223723983908707
2475,83.88470500402718,8.19186572304953
2476,83.9567779083644,8.198904092613711
2477,84.53992958897125,8.255852498922973
2478,84.37649927238789,8.23989250706913
2479,84.36131712533233,8.238409875520736
2480,85.04020020576866,8.304707051344595
2481,84.8317095725281,8.284346637942196
2482,84.36708519405525,8.238973163481958
2483,84.62459288585667,8.26412039900944
2484,84.8317095725281,8.284346637942196
2485,84.36708519405525,8.238973163481958
2486,1.515298757929704,0.14797839432907264
2487,83.56148017806512,8.160300798639172
2488,84.76522525283005,8.277854028596684
2489,84.8317095725281,8.284346637942196
2490,85.39412370603368,8.339269893167351
2491,84.36131712533233,8.238409875520736
2492,83.56148017806512,8.160300798639172
2493,83.56148017806512,8.160300798639172
2494,1.520057629385323,0.14844312786966044
2495,85.18415934150133,8.318765560693489
2496,84.56704356763748,8.258500348402098
2497,1.5017345588662612,0.14665376551428333
2498,84.62459288585667,8.26412039900944
2499,84.69742160456961,8.27123257857125
2500,84.1446629218648,8.21725223846336
2501,84.97307133777325,8.29815149782942
2502,85.19965697177103,8.320279001149515
2503,84.28355310890812,8.23081573329181
2504,84.28355310890812,8.23081573329181
2505,1.514590945738493,0.1479092720447747
2506,84.1446629218648,8.21725223846336
2507,1.5017345588662612,0.14665376551428333
2508,1.4221627406752453,0.13888308014406692
2509,1.5017345588662612,0.14665376551428333
2510,1.4221627406752453,0.13888308014406692
2511,84.56704356763748,8.258500348402098
2512,85.04020020576866,8.304707051344595
2513,84.8317095725281,8.284346637942196
2514,84.53992958897125,8.255852498922973
2515,83.56148017806512,8.160300798639172
2516,84.8317095725281,8.284346637942196
2517,84.21093359522516,8.223723983908707
2518,84.36708519405525,8.238973163481958
2519,85.39412370603368,8.339269893167351
2520,84.36131712533233,8.238409875520736
2521,84.1446629218648,8.21725223846336
2522,85.19965697177103,8.320279001149515
2523,84.36708519405525,8.238973163481958
2524,85.19965697177103,8.320279001149515
2525,1.515298757929704,0.14797839432907264
2526,84.62459288585667,8.26412039900944
2527,84.1446629218648,8.21725223846336
2528,1.520057629385323,0.14844312786966044
2529,84.62459288585667,8.26412039900944
2530,84.56704356763748,8.258500348402098
2531,1.514590945738493,0.1479092720447747
2532,84.1446629218648,8.21725223846336
2533,85.02476188194754,8.30319940253394
2534,84.1446629218648,8.21725223846336
2535,85.04020020576866,8.304707051344595
2536,84.37649927238789,8.23989250706913
2537,84.63987849275809,8.265613134058407
2538,83.81911087563785,8.185460046449009
2539,84.1446629218648,8.21725223846336
2540,84.63987849275809,8.265613134058407
2541,83.88470500402718,8.19186572304953
2542,84.36708519405525,8.238973163481958
2543,85.02476188194754,8.30319940253394
2544,84.62459288585667,8.26412039900944
2545,83.56148017806512,8.160300798639172
2546,84.37649927238789,8.23989250706913
2547,1.4221627406752453,0.13888308014406692
2548,85.23392990164103,8.323625966957133
2549,84.21093359522516,8.223723983908707
2550,84.63987849275809,8.265613134058407
2551,84.62459288585667,8.26412039900944
2552,84.78056515329313,8.279352065751281
2553,84.36708519405525,8.238973163481958
2554,1.515298757929704,0.14797839432907264
2555,85.39412370603368,8.339269893167351
2556,1.4221627406752453,0.13888308014406692
2557,84.53992958897125,8.255852498922973
2558,85.19965697177103,8.320279001149515
2559,84.36708519405525,8.238973163481958
2560,85.23392990164103,8.323625966957133
2561,84.78056515329313,8.279352065751281
2562,84.62459288585667,8.26412039900944
2563,84.21093359522516,8.223723983908707
2564,84.1446629218648,8.21725223846336
2565,83.81911087563785,8.185460046449009
2566,84.78056515329313,8.279352065751281
2567,1.520057629385323,0.14844312786966044
2568,84.8317095725281,8.284346637942196
2569,84.28355310890812,8.23081573329181
2570,1.5017345588662612,0.14665376551428333
2571,85.04020020576866,8.304707051344595
2572,1.514590945738493,0.1479092720447747
2573,84.36131712533233,8.238409875520736
2574,84.36708519405525,8.238973163481958
2575,85.23392990164103,8.323625966957133
2576,84.28355310890812,8.23081573329181
2577,84.97307133777325,8.29815149782942
2578,84.97307133777325,8.29815149782942
2579,1.4221627406752453,0.13888308014406692
2580,83.88470500402718,8.19186572304953
2581,84.28355310890812,8.23081573329181
2582,83.9567779083644,8.198904092613711
2583,1.5017345588662612,0.14665376551428333
2584,1.515298757929704,0.14797839432907264
2585,83.88470500402718,8.19186572304953
2586,85.18415934150133,8.318765560693489
2587,1.514590945738493,0.1479092720447747
2588,85.39412370603368,8.339269893167351
2589,83.81911087563785,8.185460046449009
2590,85.18415934150133,8.318765560693489
2591,84.28355310890812,8.23081573329181
2592,83.88470500402718,8.19186572304953
2593,84.76522525283005,8.277854028596684
2594,84.69742160456961,8.27123257857125
2595,84.56704356763748,8.258500348402098
2596,84.62459288585667,8.26412039900944
2597,84.97307133777325,8.29815149782942
2598,84.76522525283005,8.277854028596684
2599,1.514590945738493,0.1479092720447747
2600,1.4221627406752453,0.13888308014406692
2601,1.5017345588662612,0.14665376551428333
2602,84.62459288585667,8.26412039900944
2603,1.5017345588662612,0.14665376551428333
2604,85.04020020576866,8.304707051344595
2605,85.39412370603368,8.339269893167351
2606,1.5017345588662612,0.14665376551428333
2607,85.23392990164103,8.323625966957133
2608,85.18415934150133,8.318765560693489
2609,84.76522525283005,8.277854028596684
2610,84.53992958897125,8.255852498922973
2611,1.515298757929704,0.14797839432907264
2612,83.9567779083644,8.198904092613711
2613,1.520057629385323,0.14844312786966044
2614,84.56704356763748,8.258500348402098
2615,84.69742160456961,8.27123257857125
2616,1.520057629385323,0.14844312786966044
2617,84.63987849275809,8.265613134058407
2618,84.97307133777325,8.29815149782942
2619,84.56704356763748,8.258500348402098
2620,83.9567779083644,8.198904092613711
2621,84.37649927238789,8.23989250706913
2622,83.88470500402718,8.19186572304953
2623,83.9567779083644,8.198904092613711
2624,85.18415934150133,8.318765560693489
2625,1.5017345588662612,0.14665376551428333
2626,84.28355310890812,8.23081573329181
2627,84.62459288585667,8.26412039900944
2628,84.97307133777325,8.29815149782942
2629,84.36708519405525,8.238973163481958
2630,83.56148017806512,8.160300798639172
2631,84.36708519405525,8.238973163481958
2632,83.56148017806512,8.160300798639172
2633,85.19965697177103,8.320279001149515
2634,1.520057629385323,0.14844312786966044
2635,84.76522525283005,8.277854028596684
2636,83.81911087563785,8.185460046449009
2637,85.39412370603368,8.339269893167351
2638,84.78056515329313,8.279352065751281
2639,85.23392990164103,8.323625966957133
2640,1.5017345588662612,0.14665376551428333
2641,85.19965697177103,8.320279001149515
2642,83.56148017806512,8.160300798639172
2643,85.39412370603368,8.339269893167351
2644,84.97307133777325,8.29815149782942
2645,83.88470500402718,8.19186572304953
2646,83.81911087563785,8.185460046449009
2647,83.81911087563785,8.185460046449009
2648,83.56148017806512,8.160300798639172
2649,1.514590945738493,0.1479092720447747
2650,84.63987849275809,8.265613134058407
2651,84.97307133777325,8.29815149782942
2652,84.36708519405525,8.238973163481958
2653,83.81911087563785,8.185460046449009
2654,1.5017345588662612,0.14665376551428333
2655,84.56704356763748,8.258500348402098
2656,84.78056515329313,8.279352065751281
2657,83.81911087563785,8.185460046449009
2658,85.04020020576866,8.304707051344595
2659,85.19965697177103,8.320279001149515
2660,84.62459288585667,8.26412039900944
2661,1.4221627406752453,0.13888308014406692
2662,85.19965697177103,8.320279001149515
2663,85.23392990164103,8.323625966957133
2664,83.56148017806512,8.160300798639172
2665,1.514590945738493,0.1479092720447747
2666,84.97307133777325,8.29815149782942
2667,84.36131712533233,8.238409875520736
2668,84.56704356763748,8.258500348402098
2669,1.515298757929704,0.14797839432907264
2670,84.36708519405525,8.238973163481958
2671,83.9567779083644,8.198904092613711
2672,84.36708519405525,8.238973163481958
2673,1.514590945738493,0.1479092720447747
2674,1.515298757929704,0.14797839432907264
2675,1.515298757929704,0.14797839432907264
2676,84.53992958897125,8.255852498922973
2677,84.28355310890812,8.23081573329181
2678,84.21093359522516,8.223723983908707
2679,84.56704356763748,8.258500348402098
2680,84.97307133777325,8.29815149782942
2681,84.76522525283005,8.277854028596684
2682,84.97307133777325,8.29815149782942
2683,84.1446629218648,8.21725223846336
2684,84.28355310890812,8.23081573329181
2685,84.8317095725281,8.284346637942196
2686,83.56148017806512,8.160300798639172
2687,84.69742160456961,8.27123257857125
2688,85.04020020576866,8.304707051344595
2689,84.36708519405525,8.238973163481958
2690,84.36131712533233,8.238409875520736
2691,1.4221627406752453,0.13888308014406692
2692,1.520057629385323,0.14844312786966044
2693,85.39412370603368,8.339269893167351
2694,84.63987849275809,8.265613134058407
2695,84.97307133777325,8.29815149782942
2696,1.4221627406752453,0.13888308014406692
2697,1.520057629385323,0.14844312786966044
2698,84.36708519405525,8.238973163481958
2699,1.4221627406752453,0.13888308014406692
2700,85.19965697177103,8.320279001149515
2701,85.39412370603368,8.339269893167351
2702,84.21093359522516,8.223723983908707
2703,1.515298757929704,0.14797839432907264
2704,85.04020020576866,8.304707051344595
2705,84.69742160456961,8.27123257857125
2706,85.18415934150133,8.318765560693489
2707,84.28355310890812,8.23081573329181
2708,83.9567779083644,8.198904092613711
2709,1.515298757929704,0.14797839432907264
2710,85.02476188194754,8.30319940253394
2711,1.5017345588662612,0.14665376551428333
2712,83.88470500402718,8.19186572304953
2713,85.23392990164103,8.323625966957133
2714,83.9567779083644,8.198904092613711
2715,1.514590945738493,0.1479092720447747
2716,84.63987849275809,8.265613134058407
2717,83.56148017806512,8.160300798639172
2718,84.8317095725281,8.284346637942196
2719,85.04020020576866,8.304707051344595
2720,1.5017345588662612,0.14665376551428333
2721,85.02476188194754,8.30319940253394
2722,84.76522525283005,8.277854028596684
2723,84.56704356763748,8.258500348402098
2724,83.9567779083644,8.198904092613711
2725,1.4221627406752453,0.13888308014406692
2726,85.39412370603368,8.339269893167351
2727,83.9567779083644,8.198904092613711
2728,84.28355310890812,8.23081573329181
2729,83.88470500402718,8.19186572304953
2730,1.4221627406752453,0.13888308014406692
2731,84.21093359522516,8.223723983908707
2732,84.36708519405525,8.238973163481958
2733,85.19965697177103,8.320279001149515
2734,84.36131712533233,8.238409875520736
2735,83.88470500402718,8.19186572304953
2736,84.36708519405525,8.238973163481958
2737,84.28355310890812,8.23081573329181
2738,83.88470500402718,8.19186572304953
2739,1.520057629385323,0.14844312786966044
2740,84.28355310890812,8.23081573329181
2741,84.76522525283005,8.277854028596684
2742,85.23392990164103,8.323625966957133
2743,85.23392990164103,8.323625966957133
2744,84.28355310890812,8.23081573329181
2745,1.5017345588662612,0.14665376551428333
2746,84.97307133777325,8.29815149782942
2747,84.62459288585667,8.26412039900944
2748,84.1446629218648,8.21725223846336
2749,1.520057629385323,0.14844312786966044
2750,1.5017345588662612,0.14665376551428333
2751,85.39412370603368,8.339269893167351
2752,84.1446629218648,8.21725223846336
2753,84.36131712533233,8.238409875520736
2754,83.56148017806512,8.160300798639172
2755,83.56148017806512,8.160300798639172
2756,1.514590945738493,0.1479092720447747
2757,83.88470500402718,8.19186572304953
2758,84.69742160456961,8.27123257857125
2759,83.9567779083644,8.198904092613711
2760,84.36708519405525,8.238973163481958
2761,83.88470500402718,8.19186572304953
2762,84.53992958897125,8.255852498922973
2763,85.39412370603368,8.339269893167351
2764,84.63987849275809,8.265613134058407
2765,83.88470500402718,8.19186572304953
2766,83.56148017806512,8.160300798639172
2767,85.04020020576866,8.304707051344595
2768,1.5017345588662612,0.14665376551428333
2769,84.69742160456961,8.27123257857125
2770,83.56148017806512,8.160300798639172
2771,1.5017345588662612,0.14665376551428333
2772,84.1446629218648,8.21725223846336
2773,84.36708519405525,8.238973163481958
2774,84.21093359522516,8.223723983908707
2775,85.04020020576866,8.304707051344595
2776,1.515298757929704,0.14797839432907264
2777,83.88470500402718,8.19186572304953
2778,85.18415934150133,8.318765560693489
2779,84.69742160456961,8.27123257857125
2780,84.8317095725281,8.284346637942196
2781,1.514590945738493,0.1479092720447747
2782,84.21093359522516,8.223723983908707
2783,84.53992958897125,8.255852498922973
2784,84.76522525283005,8.277854028596684
2785,84.21093359522516,8.223723983908707
2786,84.76522525283005,8.277854028596684
2787,84.1446629218648,8.21725223846336
2788,84.37649927238789,8.23989250706913
2789,84.62459288585667,8.26412039900944
2790,84.56704356763748,8.258500348402098
2791,84.28355310890812,8.23081573329181
2792,84.97307133777325,8.29815149782942
2793,84.37649927238789,8.23989250706913
2794,84.28355310890812,8.23081573329181
2795,84.69742160456961,8.27123257857125
2796,85.02476188194754,8.30319940253394
2797,85.19965697177103,8.320279001149515
2798,84.36708519405525,8.238973163481958
2799,1.5017345588662612,0.14665376551428333
2800,1.4221627406752453,0.13888308014406692
2801,85.04020020576866,8.304707051344595
2802,1.515298757929704,0.14797839432907264
2803,85.39412370603368,8.339269893167351
2804,1.4221627406752453,0.13888308014406692
2805,83.81911087563785,8.185460046449009
2806,1.514590945738493,0.1479092720447747
2807,1.514590945738493,0.1479092720447747
2808,1.515298757929704,0.14797839432907264
2809,84.56704356763748,8.258500348402098
2810,84.28355310890812,8.23081573329181
2811,84.37649927238789,8.23989250706913
2812,1.5017345588662612,0.14665376551428333
2813,84.69742160456961,8.27123257857125
2814,84.21093359522516,8.223723983908707
2815,84.56704356763748,8.258500348402098
2816,84.76522525283005,8.277854028596684
2817,84.56704356763748,8.258500348402098
2818,83.81911087563785,8.185460046449009
2819,85.23392990164103,8.323625966957133
2820,85.04020020576866,8.304707051344595
2821,1.5017345588662612,0.14665376551428333
2822,84.36708519405525,8.238973163481958
2823,85.23392990164103,8.323625966957133
2824,85.39412370603368,8.339269893167351
2825,84.62459288585667,8.26412039900944
2826,84.69742160456961,8.27123257857125
2827,1.514590945738493,0.1479092720447747
2828,83.81911087563785,8.185460046449009
2829,83.88470500402718,8.19186572304953
2830,84.69742160456961,8.27123257857125
2831,84.8317095725281,8.284346637942196
2832,84.37649927238789,8.23989250706913
2833,84.56704356763748,8.258500348402098
2834,84.28355310890812,8.23081573329181
2835,83.81911087563785,8.185460046449009
2836,85.04020020576866,8.304707051344595
2837,84.36131712533233,8.238409875520736
2838,84.1446629218648,8.21725223846336
2839,84.37649927238789,8.23989250706913
2840,84.63987849275809,8.265613134058407
2841,85.19965697177103,8.320279001149515
2842,84.36131712533233,8.238409875520736
2843,83.81911087563785,8.185460046449009
2844,85.39412370603368,8.339269893167351
2845,84.76522525283005,8.277854028596684
2846,84.36708519405525,8.238973163481958
2847,84.97307133777325,8.29815149782942
2848,84.97307133777325,8.29815149782942
2849,84.56704356763748,8.258500348402098
2850,1.5017345588662612,0.14665376551428333
2851,84.21093359522516,8.223723983908707
2852,84.76522525283005,8.277854028596684
2853,85.39412370603368,8.339269893167351
2854,84.8317095725281,8.284346637942196
2855,84.1446629218648,8.21725223846336
2856,83.81911087563785,8.185460046449009
2857,1.5017345588662612,0.14665376551428333
2858,1.515298757929704,0.14797839432907264
2859,84.56704356763748,8.258500348402098
2860,84.69742160456961,8.27123257857125
2861,83.88470500402718,8.19186572304953
2862,84.56704356763748,8.258500348402098
2863,85.19965697177103,8.320279001149515
2864,1.4221627406752453,0.13888308014406692
2865,84.1446629218648,8.21725223846336
2866,84.53992958897125,8.255852498922973
2867,1.4221627406752453,0.13888308014406692
2868,1.520057629385323,0.14844312786966044
2869,84.36708519405525,8.238973163481958
2870,84.1446629218648,8.21725223846336
2871,84.76522525283005,8.277854028596684
2872,84.28355310890812,8.23081573329181
2873,1.5017345588662612,0.14665376551428333
2874,84.36131712533233,8.238409875520736
2875,1.4221627406752453,0.13888308014406692
2876,84.28355310890812,8.23081573329181
2877,84.56704356763748,8.258500348402098
2878,84.1446629218648,8.21725223846336
2879,1.515298757929704,0.14797839432907264
2880,84.69742160456961,8.27123257857125
2881,84.63987849275809,8.265613134058407
2882,85.39412370603368,8.339269893167351
2883,84.76522525283005,8.277854028596684
2884,84.36708519405525,8.238973163481958
2885,85.04020020576866,8.304707051344595
2886,85.39412370603368,8.339269893167351
2887,83.81911087563785,8.185460046449009
2888,83.88470500402718,8.19186572304953
2889,1.4221627406752453,0.13888308014406692
2890,84.8317095725281,8.284346637942196
2891,84.56704356763748,8.258500348402098
2892,84.56704356763748,8.258500348402098
2893,84.76522525283005,8.277854028596684
2894,85.39412370603368,8.339269893167351
2895,85.02476188194754,8.30319940253394
2896,84.78056515329313,8.279352065751281
2897,1.520057629385323,0.14844312786966044
2898,84.62459288585667,8.26412039900944
2899,84.78056515329313,8.279352065751281
2900,84.78056515329313,8.279352065751281
2901,85.04020020576866,8.304707051344595
2902,84.97307133777325,8.29815149782942
2903,84.28355310890812,8.23081573329181
2904,85.02476188194754,8.30319940253394
2905,84.97307133777325,8.29815149782942
2906,1.5017345588662612,0.14665376551428333
2907,84.21093359522516,8.223723983908707
2908,84.28355310890812,8.23081573329181
2909,1.4221627406752453,0.13888308014406692
2910,1.520057629385323,0.14844312786966044
2911,84.76522525283005,8.277854028596684
2912,84.1446629218648,8.21725223846336
2913,84.62459288585667,8.26412039900944
2914,84.36131712533233,8.238409875520736
2915,84.97307133777325,8.29815149782942
2916,83.9567779083644,8.198904092613711
2917,1.4221627406752453,0.13888308014406692
2918,1.515298757929704,0.14797839432907264
2919,84.53992958897125,8.255852498922973
2920,84.97307133777325,8.29815149782942
2921,83.81911087563785,8.185460046449009
2922,84.37649927238789,8.23989250706913
2923,84.37649927238789,8.23989250706913
2924,1.4221627406752453,0.13888308014406692
2925,84.62459288585667,8.26412039900944
2926,84.1446629218648,8.21725223846336
2927,85.23392990164103,8.323625966957133
2928,1.4221627406752453,0.13888308014406692
2929,84.36131712533233,8.238409875520736
2930,84.69742160456961,8.27123257857125
2931,84.28355310890812,8.23081573329181
2932,85.04020020576866,8.304707051344595
2933,1.520057629385323,0.14844312786966044
2934,84.21093359522516,8.223723983908707
2935,84.76522525283005,8.277854028596684
2936,85.39412370603368,8.339269893167351
2937,85.39412370603368,8.339269893167351
2938,1.514590945738493,0.1479092720447747
2939,84.36708519405525,8.238973163481958
2940,84.37649927238789,8.23989250706913
2941,84.62459288585667,8.26412039900944
2942,84.62459288585667,8.26412039900944
2943,1.5017345588662612,0.14665376551428333
2944,84.78056515329313,8.279352065751281
2945,84.8317095725281,8.284346637942196
2946,1.5017345588662612,0.14665376551428333
2947,1.520057629385323,0.14844312786966044
2948,1.514590945738493,0.1479092720447747
2949,85.18415934150133,8.318765560693489
2950,84.21093359522516,8.223723983908707
2951,1.514590945738493,0.1479092720447747
2952,84.63987849275809,8.265613134058407
2953,84.1446629218648,8.21725223846336
2954,1.514590945738493,0.1479092720447747
2955,84.37649927238789,8.23989250706913
2956,84.76522525283005,8.277854028596684
2957,85.23392990164103,8.323625966957133
2958,84.28355310890812,8.23081573329181
2959,85.02476188194754,8.30319940253394
2960,85.19965697177103,8.320279001149515
2961,1.514590945738493,0.1479092720447747
2962,84.53992958897125,8.255852498922973
2963,84.69742160456961,8.27123257857125
2964,85.23392990164103,8.323625966957133
2965,84.28355310890812,8.23081573329181
2966,84.56704356763748,8.258500348402098
2967,85.19965697177103,8.320279001149515
2968,85.39412370603368,8.339269893167351
2969,84.69742160456961,8.27123257857125
2970,84.53992958897125,8.255852498922973
2971,84.78056515329313,8.279352065751281
2972,84.97307133777325,8.29815149782942
2973,85.19965697177103,8.320279001149515
2974,84.53992958897125,8.255852498922973
2975,84.21093359522516,8.223723983908707
2976,84.69742160456961,8.27123257857125
2977,84.63987849275809,8.265613134058407
2978,84.28355310890812,8.23081573329181
2979,84.63987849275809,8.265613134058407
2980,1.4221627406752453,0.13888308014406692
2981,84.97307133777325,8.29815149782942
2982,85.04020020576866,8.304707051344595
2983,1.514590945738493,0.1479092720447747
2984,84.56704356763748,8.258500348402098
2985,83.56148017806512,8.160300798639172
2986,84.1446629218648,8.21725223846336
2987,85.23392990164103,8.323625966957133
2988,84.36131712533233,8.238409875520736
2989,84.36131712533233,8.238409875520736
2990,1.514590945738493,0.1479092720447747
2991,84.8317095725281,8.284346637942196
2992,1.4221627406752453,0.13888308014406692
2993,84.37649927238789,8.23989250706913
2994,1.520057629385323,0.14844312786966044
2995,84.56704356763748,8.258500348402098
2996,85.18415934150133,8.318765560693489
2997,1.4221627406752453,0.13888308014406692
2998,84.62459288585667,8.26412039900944
2999,1.520057629385323,0.14844312786966044
3000,84.37649927238789,8.23989250706913
3001,84.62459288585667,8.26412039900944
3002,84.63987849275809,8.265613134058407
3003,85.02476188194754,8.30319940253394
3004,83.88470500402718,8.19186572304953
3005,83.9567779083644,8.198904092613711
3006,85.23392990164103,8.323625966957133
3007,1.514590945738493,0.1479092720447747
3008,84.63987849275809,8.265613134058407
3009,1.4221627406752453,0.13888308014406692
3010,84.62459288585667,8.26412039900944
3011,1.514590945738493,0.1479092720447747
3012,1.514590945738493,0.1479092720447747
3013,1.4221627406752453,0.13888308014406692
3014,1.520057629385323,0.14844312786966044
3015,84.76522525283005,8.277854028596684
3016,84.36131712533233,8.238409875520736
3017,83.88470500402718,8.19186572304953
3018,1.520057629385323,0.14844312786966044
3019,84.36131712533233,8.238409875520736
3020,1.5017345588662612,0.14665376551428333
3021,84.56704356763748,8.258500348402098
3022,1.514590945738493,0.1479092720447747
3023,84.1446629218648,8.21725223846336
3024,84.56704356763748,8.258500348402098
3025,84.62459288585667,8.26412039900944
3026,83.9567779083644,8.198904092613711
3027,84.97307133777325,8.29815149782942
3028,1.520057629385323,0.14844312786966044
3029,84.1446629218648,8.21725223846336
3030,84.63987849275809,8.265613134058407
3031,84.56704356763748,8.258500348402098
3032,1.5017345588662612,0.14665376551428333
3033,85.18415934150133,8.318765560693489
3034,85.02476188194754,8.30319940253394
3035,83.81911087563785,8.185460046449009
3036,85.19965697177103,8.320279001149515
3037,83.56148017806512,8.160300798639172
3038,85.02476188194754,8.30319940253394
3039,84.63987849275809,8.265613134058407
3040,85.18415934150133,8.318765560693489
3041,1.514590945738493,0.1479092720447747
3042,84.36708519405525,8.238973163481958
3043,83.56148017806512,8.160300798639172
3044,85.18415934150133,8.318765560693489
3045,1.520057629385323,0.14844312786966044
3046,1.4221627406752453,0.13888308014406692
3047,83.9567779083644,8.198904092613711
3048,84.53992958897125,8.255852498922973
3049,84.37649927238789,8.23989250706913
3050,83.56148017806512,8.160300798639172
3051,1.4221627406752453,0.13888308014406692
3052,83.81911087563785,8.185460046449009
3053,85.02476188194754,8.30319940253394
3054,85.02476188194754,8.30319940253394
3055,84.36708519405525,8.238973163481958
3056,83.56148017806512,8.160300798639172
3057,85.04020020576866,8.304707051344595
3058,84.21093359522516,8.223723983908707
3059,1.515298757929704,0.14797839432907264
3060,85.19965697177103,8.320279001149515
3061,1.520057629385323,0.14844312786966044
3062,83.56148017806512,8.160300798639172
3063,1.515298757929704,0.14797839432907264
3064,1.5017345588662612,0.14665376551428333
3065,84.53992958897125,8.255852498922973
3066,84.37649927238789,8.23989250706913
3067,84.53992958897125,8.255852498922973
3068,84.56704356763748,8.258500348402098
3069,83.81911087563785,8.185460046449009
3070,84.78056515329313,8.279352065751281
3071,84.36708519405525,8.238973163481958
3072,84.36708519405525,8.238973163481958
3073,84.28355310890812,8.23081573329181
3074,85.39412370603368,8.339269893167351
3075,1.514590945738493,0.1479092720447747
3076,84.28355310890812,8.23081573329181
3077,84.28355310890812,8.23081573329181
3078,84.78056515329313,8.279352065751281
3079,85.39412370603368,8.339269893167351
3080,84.56704356763748,8.258500348402098
3081,84.69742160456961,8.27123257857125
3082,84.1446629218648,8.21725223846336
3083,1.5017345588662612,0.14665376551428333
3084,85.02476188194754,8.30319940253394
3085,1.514590945738493,0.1479092720447747
3086,1.5017345588662612,0.14665376551428333
3087,84.63987849275809,8.265613134058407
3088,85.04020020576866,8.304707051344595
3089,83.9567779083644,8.198904092613711
3090,84.76522525283005,8.277854028596684
3091,84.78056515329313,8.279352065751281
3092,1.5017345588662612,0.14665376551428333
3093,1.4221627406752453,0.13888308014406692
3094,1.4221627406752453,0.13888308014406692
3095,84.56704356763748,8.258500348402098
3096,1.520057629385323,0.14844312786966044
3097,84.36708519405525,8.238973163481958
3098,1.515298757929704,0.14797839432907264
3099,84.1446629218648,8.21725223846336
3100,1.515298757929704,0.14797839432907264
3101,1.515298757929704,0.14797839432907264
3102,85.23392990164103,8.323625966957133
3103,83.81911087563785,8.185460046449009
3104,1.515298757929704,0.14797839432907264
3105,84.62459288585667,8.26412039900944
3106,1.520057629385323,0.14844312786966044
3107,84.36131712533233,8.238409875520736
3108,85.02476188194754,8.30319940253394
3109,84.53992958897125,8.255852498922973
3110,84.1446629218648,8.21725223846336
3111,1.515298757929704,0.14797839432907264
3112,84.1446629218648,8.21725223846336
3113,84.97307133777325,8.29815149782942
3114,83.81911087563785,8.185460046449009
3115,83.56148017806512,8.160300798639172
3116,84.63987849275809,8.265613134058407
3117,1.514590945738493,0.1479092720447747
3118,84.53992958897125,8.255852498922973
3119,85.02476188194754,8.30319940253394
3120,84.37649927238789,8.23989250706913
3121,84.56704356763748,8.258500348402098
3122,1.514590945738493,0.1479092720447747
3123,1.4221627406752453,0.13888308014406692
3124,84.63987849275809,8.265613134058407
3125,85.18415934150133,8.318765560693489
3126,84.62459288585667,8.26412039900944
3127,1.520057629385323,0.14844312786966044
3128,84.69742160456961,8.27123257857125
3129,84.53992958897125,8.255852498922973
3130,84.1446629218648,8.21725223846336
3131,84.1446629218648,8.21725223846336
3132,1.5017345588662612,0.14665376551428333
3133,83.56148017806512,8.160300798639172
3134,1.5017345588662612,0.14665376551428333
3135,84.28355310890812,8.23081573329181
3136,84.1446629218648,8.21725223846336
3137,83.9567779083644,8.198904092613711
3138,84.8317095725281,8.284346637942196
3139,1.515298757929704,0.14797839432907264
3140,84.56704356763748,8.258500348402098
3141,1.514590945738493,0.1479092720447747
3142,1.514590945738493,0.1479092720447747
3143,1.514590945738493,0.1479092720447747
3144,84.28355310890812,8.23081573329181
3145,85.02476188194754,8.30319940253394
3146,85.04020020576866,8.304707051344595
3147,84.8317095725281,8.284346637942196
3148,85.02476188194754,8.30319940253394
3149,84.36708519405525,8.238973163481958
3150,84.28355310890812,8.23081573329181
3151,84.62459288585667,8.26412039900944
3152,84.78056515329313,8.279352065751281
3153,84.53992958897125,8.255852498922973
3154,85.04020020576866,8.304707051344595
3155,84.37649927238789,8.23989250706913
3156,84.76522525283005,8.277854028596684
3157,84.36708519405525,8.238973163481958
3158,84.8317095725281,8.284346637942196
3159,84.78056515329313,8.279352065751281
3160,84.63987849275809,8.265613134058407
3161,85.19965697177103,8.320279001149515
3162,1.520057629385323,0.14844312786966044
3163,1.5017345588662612,0.14665376551428333
3164,1.515298757929704,0.14797839432907264
3165,84.8317095725281,8.284346637942196
3166,84.76522525283005,8.277854028596684
3167,84.21093359522516,8.223723983908707
3168,1.5017345588662612,0.14665376551428333
3169,83.9567779083644,8.198904092613711
3170,85.23392990164103,8.323625966957133
3171,85.23392990164103,8.323625966957133
3172,83.88470500402718,8.19186572304953
3173,84.28355310890812,8.23081573329181
3174,84.62459288585667,8.26412039900944
3175,1.4221627406752453,0.13888308014406692
3176,85.39412370603368,8.339269893167351
3177,84.53992958897125,8.255852498922973
3178,84.56704356763748,8.258500348402098
3179,83.56148017806512,8.160300798639172
3180,1.520057629385323,0.14844312786966044
3181,85.04020020576866,8.304707051344595
3182,1.515298757929704,0.14797839432907264
3183,84.78056515329313,8.279352065751281
3184,1.5017345588662612,0.14665376551428333
3185,84.53992958897125,8.255852498922973
3186,84.1446629218648,8.21725223846336
3187,83.88470500402718,8.19186572304953
3188,85.04020020576866,8.304707051344595
3189,85.04020020576866,8.304707051344595
3190,1.4221627406752453,0.13888308014406692
3191,84.69742160456961,8.27123257857125
3192,85.18415934150133,8.318765560693489
3193,83.56148017806512,8.160300798639172
3194,1.515298757929704,0.14797839432907264
3195,84.78056515329313,8.279352065751281
3196,1.514590945738493,0.1479092720447747
3197,1.515298757929704,0.14797839432907264
3198,84.8317095725281,8.284346637942196
3199,1.515298757929704,0.14797839432907264
3200,84.62459288585667,8.26412039900944
3201,84.28355310890812,8.23081573329181
3202,85.39412370603368,8.339269893167351
3203,84.28355310890812,8.23081573329181
3204,84.36708519405525,8.238973163481958
3205,84.1446629218648,8.21725223846336
3206,84.36708519405525,8.238973163481958
3207,85.04020020576866,8.304707051344595
3208,1.514590945738493,0.1479092720447747
3209,85.23392990164103,8.323625966957133
3210,85.19965697177103,8.320279001149515
3211,84.62459288585667,8.26412039900944
3212,84.8317095725281,8.284346637942196
3213,84.63987849275809,8.265613134058407
3214,85.19965697177103,8.320279001149515
3215,1.520057629385323,0.14844312786966044
3216,85.39412370603368,8.339269893167351
3217,84.21093359522516,8.223723983908707
3218,84.78056515329313,8.279352065751281
3219,1.514590945738493,0.1479092720447747
3220,85.39412370603368,8.339269893167351
3221,84.78056515329313,8.279352065751281
3222,84.56704356763748,8.258500348402098
3223,84.97307133777325,8.29815149782942
3224,84.78056515329313,8.279352065751281
3225,1.520057629385323,0.14844312786966044
3226,84.21093359522516,8.223723983908707
3227,84.78056515329313,8.279352065751281
3228,85.04020020576866,8.304707051344595
3229,1.520057629385323,0.14844312786966044
3230,84.69742160456961,8.27123257857125
3231,83.88470500402718,8.19186572304953
3232,83.88470500402718,8.19186572304953
3233,84.21093359522516,8.223723983908707
3234,83.56148017806512,8.160300798639172
3235,84.56704356763748,8.258500348402098
3236,1.5017345588662612,0.14665376551428333
3237,84.97307133777325,8.29815149782942
3238,84.37649927238789,8.23989250706913
3239,84.69742160456961,8.27123257857125
3240,84.97307133777325,8.29815149782942
3241,84.37649927238789,8.23989250706913
3242,1.514590945738493,0.1479092720447747
3243,83.81911087563785,8.185460046449009
3244,1.514590945738493,0.1479092720447747
3245,83.81911087563785,8.185460046449009
3246,84.8317095725281,8.284346637942196
3247,84.63987849275809,8.265613134058407
3248,85.19965697177103,8.320279001149515
3249,84.56704356763748,8.258500348402098
3250,84.56704356763748,8.258500348402098
3251,1.5017345588662612,0.14665376551428333
3252,84.21093359522516,8.223723983908707
3253,84.36708519405525,8.238973163481958
3254,85.04020020576866,8.304707051344595
3255,84.56704356763748,8.258500348402098
3256,85.18415934150133,8.318765560693489
3257,84.8317095725281,8.284346637942196
3258,1.515298757929704,0.14797839432907264
3259,84.53992958897125,8.255852498922973
3260,83.81911087563785,8.185460046449009
3261,83.56148017806512,8.160300798639172
3262,84.56704356763748,8.258500348402098
3263,84.21093359522516,8.223723983908707
3264,84.78056515329313,8.279352065751281
3265,85.02476188194754,8.30319940253394
3266,84.37649927238789,8.23989250706913
3267,84.21093359522516,8.223723983908707
3268,83.81911087563785,8.185460046449009
3269,84.36131712533233,8.238409875520736
3270,1.5017345588662612,0.14665376551428333
3271,84.28355310890812,8.23081573329181
3272,83.88470500402718,8.19186572304953
3273,83.81911087563785,8.185460046449009
3274,1.5017345588662612,0.14665376551428333
3275,1.520057629385323,0.14844312786966044
3276,1.515298757929704,0.14797839432907264
3277,84.56704356763748,8.258500348402098
3278,83.81911087563785,8.185460046449009
3279,1.520057629385323,0.14844312786966044
3280,84.56704356763748,8.258500348402098
3281,1.4221627406752453,0.13888308014406692
3282,84.36131712533233,8.238409875520736
3283,84.21093359522516,8.223723983908707
3284,1.515298757929704,0.14797839432907264
3285,84.53992958897125,8.255852498922973
3286,84.78056515329313,8.279352065751281
3287,1.4221627406752453,0.13888308014406692
3288,1.520057629385323,0.14844312786966044
3289,84.28355310890812,8.23081573329181
3290,84.36708519405525,8.238973163481958
3291,1.514590945738493,0.1479092720447747
3292,83.81911087563785,8.185460046449009
3293,1.515298757929704,0.14797839432907264
3294,1.515298757929704,0.14797839432907264
3295,84.56704356763748,8.258500348402098
3296,85.19965697177103,8.320279001149515
3297,85.23392990164103,8.323625966957133
3298,83.88470500402718,8.19186572304953
3299,84.63987849275809,8.265613134058407
3300,1.4221627406752453,0.13888308014406692
3301,84.78056515329313,8.279352065751281
3302,1.5017345588662612,0.14665376551428333
3303,84.28355310890812,8.23081573329181
3304,84.37649927238789,8.23989250706913
3305,1.520057629385323,0.14844312786966044
3306,84.76522525283005,8.277854028596684
3307,84.53992958897125,8.255852498922973
3308,83.88470500402718,8.19186572304953
3309,84.1446629218648,8.21725223846336
3310,1.5017345588662612,0.14665376551428333
3311,85.02476188194754,8.30319940253394
3312,84.69742160456961,8.27123257857125
3313,84.53992958897125,8.255852498922973
3314,84.53992958897125,8.255852498922973
3315,84.97307133777325,8.29815149782942
3316,83.9567779083644,8.198904092613711
3317,85.23392990164103,8.323625966957133
3318,85.23392990164103,8.323625966957133
3319,84.56704356763748,8.258500348402098
3320,1.514590945738493,0.1479092720447747
3321,84.8317095725281,8.284346637942196
3322,84.21093359522516,8.223723983908707
3323,84.1446629218648,8.21725223846336
3324,1.5017345588662612,0.14665376551428333
3325,83.81911087563785,8.185460046449009
3326,85.39412370603368,8.339269893167351
3327,84.62459288585667,8.26412039900944
3328,1.514590945738493,0.1479092720447747
3329,1.5017345588662612,0.14665376551428333
3330,84.56704356763748,8.258500348402098
3331,84.63987849275809,8.265613134058407
3332,85.02476188194754,8.30319940253394
3333,85.02476188194754,8.30319940253394
3334,84.53992958897125,8.255852498922973
3335,83.9567779083644,8.198904092613711
3336,84.62459288585667,8.26412039900944
3337,84.53992958897125,8.255852498922973
3338,85.19965697177103,8.320279001149515
3339,84.53992958897125,8.255852498922973
3340,83.56148017806512,8.160300798639172
3341,84.36708519405525,8.238973163481958
3342,1.520057629385323,0.14844312786966044
3343,84.36708519405525,8.238973163481958
3344,85.02476188194754,8.30319940253394
3345,84.76522525283005,8.277854028596684
3346,1.520057629385323,0.14844312786966044
3347,84.28355310890812,8.23081573329181
3348,84.56704356763748,8.258500348402098
3349,84.76522525283005,8.277854028596684
3350,84.62459288585667,8.26412039900944
3351,84.36131712533233,8.238409875520736
3352,85.23392990164103,8.323625966957133
3353,84.78056515329313,8.279352065751281
3354,84.97307133777325,8.29815149782942
3355,85.04020020576866,8.304707051344595
3356,84.36708519405525,8.238973163481958
3357,83.81911087563785,8.185460046449009
3358,83.56148017806512,8.160300798639172
3359,1.520057629385323,0.14844312786966044
3360,84.53992958897125,8.255852498922973
3361,85.04020020576866,8.304707051344595
3362,85.18415934150133,8.318765560693489
3363,85.18415934150133,8.318765560693489
3364,84.21093359522516,8.223723983908707
3365,84.37649927238789,8.23989250706913
3366,83.56148017806512,8.160300798639172
3367,85.23392990164103,8.323625966957133
3368,85.39412370603368,8.339269893167351
3369,85.23392990164103,8.323625966957133
3370,85.39412370603368,8.339269893167351
3371,84.97307133777325,8.29815149782942
3372,1.515298757929704,0.14797839432907264
3373,84.28355310890812,8.23081573329181
3374,83.56148017806512,8.160300798639172
3375,84.37649927238789,8.23989250706913
3376,85.02476188194754,8.30319940253394
3377,1.520057629385323,0.14844312786966044
3378,84.76522525283005,8.277854028596684
3379,84.8317095725281,8.284346637942196
3380,84.56704356763748,8.258500348402098
3381,1.514590945738493,0.1479092720447747
3382,83.81911087563785,8.185460046449009
3383,1.5017345588662612,0.14665376551428333
3384,1.520057629385323,0.14844312786966044
3385,84.8317095725281,8.284346637942196
3386,84.21093359522516,8.223723983908707
3387,83.9567779083644,8.198904092613711
3388,85.19965697177103,8.320279001149515
3389,84.28355310890812,8.23081573329181
3390,1.515298757929704,0.14797839432907264
3391,1.5017345588662612,0.14665376551428333
3392,83.81911087563785,8.185460046449009
3393,85.04020020576866,8.304707051344595
3394,84.28355310890812,8.23081573329181
3395,83.88470500402718,8.19186572304953
3396,84.62459288585667,8.26412039900944
3397,84.37649927238789,8.23989250706913
3398,1.515298757929704,0.14797839432907264
3399,84.76522525283005,8.277854028596684
3400,84.76522525283005,8.277854028596684
3401,84.28355310890812,8.23081573329181
3402,84.1446629218648,8.21725223846336
3403,84.63987849275809,8.265613134058407
3404,85.18415934150133,8.318765560693489
3405,84.63987849275809,8.265613134058407
3406,84.62459288585667,8.26412039900944
3407,84.8317095725281,8.284346637942196
3408,85.23392990164103,8.323625966957133
3409,84.36131712533233,8.238409875520736
3410,1.514590945738493,0.1479092720447747
3411,1.515298757929704,0.14797839432907264
3412,84.69742160456961,8.27123257857125
3413,84.37649927238789,8.23989250706913
3414,85.02476188194754,8.30319940253394
3415,84.36131712533233,8.238409875520736
3416,84.62459288585667,8.26412039900944
3417,85.23392990164103,8.323625966957133
3418,1.514590945738493,0.1479092720447747
3419,84.21093359522516,8.223723983908707
3420,84.8317095725281,8.284346637942196
3421,84.76522525283005,8.277854028596684
3422,1.515298757929704,0.14797839432907264
3423,83.9567779083644,8.198904092613711
3424,84.56704356763748,8.258500348402098
3425,83.81911087563785,8.185460046449009
3426,85.04020020576866,8.304707051344595
3427,1.5017345588662612,0.14665376551428333
3428,85.39412370603368,8.339269893167351
3429,83.9567779083644,8.198904092613711
3430,85.18415934150133,8.318765560693489
3431,84.97307133777325,8.29815149782942
3432,85.18415934150133,8.318765560693489
3433,85.04020020576866,8.304707051344595
3434,85.23392990164103,8.323625966957133
3435,1.5017345588662612,0.14665376551428333
3436,84.78056515329313,8.279352065751281
3437,84.37649927238789,8.23989250706913
3438,85.04020020576866,8.304707051344595
3439,1.515298757929704,0.14797839432907264
3440,1.514590945738493,0.1479092720447747
3441,84.36708519405525,8.238973163481958
3442,84.69742160456961,8.27123257857125
3443,84.1446629218648,8.21725223846336
3444,84.62459288585667,8.26412039900944
3445,84.28355310890812,8.23081573329181
3446,84.37649927238789,8.23989250706913
3447,84.8317095725281,8.284346637942196
3448,84.56704356763748,8.258500348402098
3449,1.515298757929704,0.14797839432907264
3450,84.62459288585667,8.26412039900944
3451,84.28355310890812,8.23081573329181
3452,83.88470500402718,8.19186572304953
3453,84.37649927238789,8.23989250706913
3454,84.28355310890812,8.23081573329181
3455,84.56704356763748,8.258500348402098
3456,84.78056515329313,8.279352065751281
3457,84.62459288585667,8.26412039900944
3458,84.97307133777325,8.29815149782942
3459,1.520057629385323,0.14844312786966044
3460,84.56704356763748,8.258500348402098
3461,84.56704356763748,8.258500348402098
3462,84.37649927238789,8.23989250706913
3463,84.63987849275809,8.265613134058407
3464,1.4221627406752453,0.13888308014406692
3465,84.28355310890812,8.23081573329181
3466,84.1446629218648,8.21725223846336
3467,1.514590945738493,0.1479092720447747
3468,85.23392990164103,8.323625966957133
3469,84.1446629218648,8.21725223846336
3470,1.4221627406752453,0.13888308014406692
3471,84.37649927238789,8.23989250706913
3472,1.515298757929704,0.14797839432907264
3473,84.8317095725281,8.284346637942196
3474,84.28355310890812,8.23081573329181
3475,1.5017345588662612,0.14665376551428333
3476,84.36708519405525,8.238973163481958
3477,84.53992958897125,8.255852498922973
3478,83.9567779083644,8.198904092613711
3479,84.78056515329313,8.279352065751281
3480,84.36131712533233,8.238409875520736
3481,1.4221627406752453,0.13888308014406692
3482,85.02476188194754,8.30319940253394
3483,1.515298757929704,0.14797839432907264
3484,83.81911087563785,8.185460046449009
3485,1.4221627406752453,0.13888308014406692
3486,83.9567779083644,8.198904092613711
3487,85.19965697177103,8.320279001149515
3488,84.8317095725281,8.284346637942196
3489,84.1446629218648,8.21725223846336
3490,84.76522525283005,8.277854028596684
3491,84.37649927238789,8.23989250706913
3492,84.53992958897125,8.255852498922973
3493,84.21093359522516,8.223723983908707
3494,84.36131712533233,8.238409875520736
3495,84.78056515329313,8.279352065751281
3496,1.514590945738493,0.1479092720447747
3497,84.69742160456961,8.27123257857125
3498,85.18415934150133,8.318765560693489
3499,85.18415934150133,8.318765560693489
3500,1.514590945738493,0.1479092720447747
3501,84.76522525283005,8.277854028596684
3502,85.19965697177103,8.320279001149515
3503,1.515298757929704,0.14797839432907264
3504,84.76522525283005,8.277854028596684
3505,84.36708519405525,8.238973163481958
3506,84.97307133777325,8.29815149782942
3507,84.28355310890812,8.23081573329181
3508,84.78056515329313,8.279352065751281
3509,1.514590945738493,0.1479092720447747
3510,83.9567779083644,8.198904092613711
3511,83.81911087563785,8.185460046449009
3512,84.63987849275809,8.265613134058407
3513,85.18415934150133,8.318765560693489
3514,85.23392990164103,8.323625966957133
3515,85.23392990164103,8.323625966957133
3516,84.37649927238789,8.23989250706913
3517,84.36708519405525,8.238973163481958
3518,1.514590945738493,0.1479092720447747
3519,85.18415934150133,8.318765560693489
3520,1.520057629385323,0.14844312786966044
3521,83.9567779083644,8.198904092613711
3522,84.97307133777325,8.29815149782942
3523,84.28355310890812,8.23081573329181
3524,84.97307133777325,8.29815149782942
3525,84.76522525283005,8.277854028596684
3526,84.28355310890812,8.23081573329181
3527,1.515298757929704,0.14797839432907264
3528,84.28355310890812,8.23081573329181
3529,85.18415934150133,8.318765560693489
3530,84.62459288585667,8.26412039900944
3531,83.56148017806512,8.160300798639172
3532,84.63987849275809,8.265613134058407
3533,84.97307133777325,8.29815149782942
3534,84.69742160456961,8.27123257857125
3535,84.36131712533233,8.238409875520736
3536,84.56704356763748,8.258500348402098
3537,84.1446629218648,8.21725223846336
3538,85.23392990164103,8.323625966957133
3539,1.514590945738493,0.1479092720447747
3540,85.19965697177103,8.320279001149515
3541,1.4221627406752453,0.13888308014406692
3542,83.88470500402718,8.19186572304953
3543,83.9567779083644,8.198904092613711
3544,85.02476188194754,8.30319940253394
3545,84.8317095725281,8.284346637942196
3546,1.514590945738493,0.1479092720447747
3547,1.4221627406752453,0.13888308014406692
3548,84.62459288585667,8.26412039900944
3549,84.76522525283005,8.277854028596684
3550,84.56704356763748,8.258500348402098
3551,84.1446629218648,8.21725223846336
3552,1.514590945738493,0.1479092720447747
3553,84.78056515329313,8.279352065751281
3554,84.36708519405525,8.238973163481958
3555,84.56704356763748,8.258500348402098
3556,84.63987849275809,8.265613134058407
3557,84.56704356763748,8.258500348402098
3558,1.514590945738493,0.1479092720447747
3559,83.88470500402718,8.19186572304953
3560,85.04020020576866,8.304707051344595
3561,84.69742160456961,8.27123257857125
3562,84.8317095725281,8.284346637942196
3563,1.514590945738493,0.1479092720447747
3564,84.28355310890812,8.23081573329181
3565,85.18415934150133,8.318765560693489
3566,1.514590945738493,0.1479092720447747
3567,1.4221627406752453,0.13888308014406692
3568,84.63987849275809,8.265613134058407
3569,1.514590945738493,0.1479092720447747
3570,84.1446629218648,8.21725223846336
3571,1.5017345588662612,0.14665376551428333
3572,85.19965697177103,8.320279001149515
3573,84.36131712533233,8.238409875520736
3574,84.1446629218648,8.21725223846336
3575,1.515298757929704,0.14797839432907264
3576,84.21093359522516,8.223723983908707
3577,84.1446629218648,8.21725223846336
3578,83.88470500402718,8.19186572304953
3579,1.514590945738493,0.1479092720447747
3580,84.8317095725281,8.284346637942196
3581,85.19965697177103,8.320279001149515
3582,84.1446629218648,8.21725223846336
3583,84.36708519405525,8.238973163481958
3584,1.4221627406752453,0.13888308014406692
3585,83.9567779083644,8.198904092613711
3586,85.04020020576866,8.304707051344595
3587,84.36708519405525,8.238973163481958
3588,84.36131712533233,8.238409875520736
3589,84.97307133777325,8.29815149782942
3590,84.76522525283005,8.277854028596684
3591,83.88470500402718,8.19186572304953
3592,84.1446629218648,8.21725223846336
3593,84.56704356763748,8.258500348402098
3594,83.81911087563785,8.185460046449009
3595,1.5017345588662612,0.14665376551428333
3596,84.53992958897125,8.255852498922973
3597,84.78056515329313,8.279352065751281
3598,84.28355310890812,8.23081573329181
3599,83.9567779083644,8.198904092613711
3600,84.8317095725281,8.284346637942196
3601,84.8317095725281,8.284346637942196
3602,1.514590945738493,0.1479092720447747
3603,85.18415934150133,8.318765560693489
3604,1.5017345588662612,0.14665376551428333
3605,85.19965697177103,8.320279001149515
3606,84.28355310890812,8.23081573329181
3607,84.56704356763748,8.258500348402098
3608,84.62459288585667,8.26412039900944
3609,1.520057629385323,0.14844312786966044
3610,1.514590945738493,0.1479092720447747
3611,84.62459288585667,8.26412039900944
3612,85.18415934150133,8.318765560693489
3613,83.88470500402718,8.19186572304953
3614,83.81911087563785,8.185460046449009
3615,85.04020020576866,8.304707051344595
3616,84.36708519405525,8.238973163481958
3617,84.28355310890812,8.23081573329181
3618,83.88470500402718,8.19186572304953
3619,85.39412370603368,8.339269893167351
3620,83.56148017806512,8.160300798639172
3621,85.02476188194754,8.30319940253394
3622,84.36131712533233,8.238409875520736
3623,84.36131712533233,8.238409875520736
3624,1.4221627406752453,0.13888308014406692
3625,84.97307133777325,8.29815149782942
3626,85.18415934150133,8.318765560693489
3627,84.1446629218648,8.21725223846336
3628,83.81911087563785,8.185460046449009
3629,85.39412370603368,8.339269893167351
3630,84.76522525283005,8.277854028596684
3631,84.56704356763748,8.258500348402098
3632,84.76522525283005,8.277854028596684
3633,1.514590945738493,0.1479092720447747
3634,83.88470500402718,8.19186572304953
3635,84.8317095725281,8.284346637942196
3636,84.1446629218648,8.21725223846336
3637,84.62459288585667,8.26412039900944
3638,84.62459288585667,8.26412039900944
3639,1.5017345588662612,0.14665376551428333
3640,1.4221627406752453,0.13888308014406692
3641,1.514590945738493,0.1479092720447747
3642,85.04020020576866,8.304707051344595
3643,84.37649927238789,8.23989250706913
3644,1.520057629385323,0.14844312786966044
3645,85.19965697177103,8.320279001149515
3646,84.21093359522516,8.223723983908707
3647,84.56704356763748,8.258500348402098
3648,83.81911087563785,8.185460046449009
3649,84.78056515329313,8.279352065751281
3650,1.514590945738493,0.1479092720447747
3651,85.04020020576866,8.304707051344595
3652,84.62459288585667,8.26412039900944
3653,84.37649927238789,8.23989250706913
3654,1.520057629385323,0.14844312786966044
3655,84.1446629218648,8.21725223846336
3656,84.36708519405525,8.238973163481958
3657,1.514590945738493,0.1479092720447747
3658,83.81911087563785,8.185460046449009
3659,84.76522525283005,8.277854028596684
3660,85.39412370603368,8.339269893167351
3661,1.515298757929704,0.14797839432907264
3662,84.53992958897125,8.255852498922973
3663,84.63987849275809,8.265613134058407
3664,84.56704356763748,8.258500348402098
3665,84.28355310890812,8.23081573329181
3666,84.62459288585667,8.26412039900944
3667,84.78056515329313,8.279352065751281
3668,84.36708519405525,8.238973163481958
3669,1.5017345588662612,0.14665376551428333
3670,84.63987849275809,8.265613134058407
3671,1.4221627406752453,0.13888308014406692
3672,1.515298757929704,0.14797839432907264
3673,1.514590945738493,0.1479092720447747
3674,85.19965697177103,8.320279001149515
3675,84.62459288585667,8.26412039900944
3676,1.5017345588662612,0.14665376551428333
3677,83.9567779083644,8.198904092613711
3678,84.1446629218648,8.21725223846336
3679,84.63987849275809,8.265613134058407
3680,1.514590945738493,0.1479092720447747
3681,1.5017345588662612,0.14665376551428333
3682,1.5017345588662612,0.14665376551428333
3683,84.78056515329313,8.279352065751281
3684,84.8317095725281,8.284346637942196
3685,84.28355310890812,8.23081573329181
3686,84.8317095725281,8.284346637942196
3687,1.514590945738493,0.1479092720447747
3688,84.37649927238789,8.23989250706913
3689,84.63987849275809,8.265613134058407
3690,85.02476188194754,8.30319940253394
3691,85.04020020576866,8.304707051344595
3692,84.8317095725281,8.284346637942196
3693,1.515298757929704,0.14797839432907264
3694,84.1446629218648,8.21725223846336
3695,84.97307133777325,8.29815149782942
3696,1.5017345588662612,0.14665376551428333
3697,84.62459288585667,8.26412039900944
3698,1.5017345588662612,0.14665376551428333
3699,84.76522525283005,8.277854028596684
3700,84.37649927238789,8.23989250706913
3701,1.5017345588662612,0.14665376551428333
3702,85.18415934150133,8.318765560693489
3703,84.8317095725281,8.284346637942196
3704,84.97307133777325,8.29815149782942
3705,1.4221627406752453,0.13888308014406692
3706,1.5017345588662612,0.14665376551428333
3707,84.53992958897125,8.255852498922973
3708,1.5017345588662612,0.14665376551428333
3709,1.5017345588662612,0.14665376551428333
3710,84.8317095725281,8.284346637942196
3711,85.02476188194754,8.30319940253394
3712,85.04020020576866,8.304707051344595
3713,84.76522525283005,8.277854028596684
3714,1.515298757929704,0.14797839432907264
3715,1.5017345588662612,0.14665376551428333
3716,85.04020020576866,8.304707051344595
3717,84.21093359522516,8.223723983908707
3718,84.28355310890812,8.23081573329181
3719,84.78056515329313,8.279352065751281
3720,85.02476188194754,8.30319940253394
3721,84.36131712533233,8.238409875520736
3722,1.520057629385323,0.14844312786966044
3723,84.36131712533233,8.238409875520736
3724,84.63987849275809,8.265613134058407
3725,84.62459288585667,8.26412039900944
3726,84.8317095725281,8.284346637942196
3727,84.76522525283005,8.277854028596684
3728,85.18415934150133,8.318765560693489
3729,84.56704356763748,8.258500348402098
3730,83.88470500402718,8.19186572304953
3731,85.23392990164103,8.323625966957133
3732,84.97307133777325,8.29815149782942
3733,84.36708519405525,8.238973163481958
3734,84.76522525283005,8.277854028596684
3735,84.78056515329313,8.279352065751281
3736,85.19965697177103,8.320279001149515
3737,83.9567779083644,8.198904092613711
3738,84.69742160456961,8.27123257857125
3739,84.28355310890812,8.23081573329181
3740,84.8317095725281,8.284346637942196
3741,84.97307133777325,8.29815149782942
3742,84.36131712533233,8.238409875520736
3743,1.515298757929704,0.14797839432907264
3744,84.21093359522516,8.223723983908707
3745,1.514590945738493,0.1479092720447747
3746,83.56148017806512,8.160300798639172
3747,1.520057629385323,0.14844312786966044
3748,85.19965697177103,8.320279001149515
3749,1.514590945738493,0.1479092720447747
3750,1.515298757929704,0.14797839432907264
3751,84.76522525283005,8.277854028596684
3752,83.88470500402718,8.19186572304953
3753,84.78056515329313,8.279352065751281
3754,1.520057629385323,0.14844312786966044
3755,1.4221627406752453,0.13888308014406692
3756,1.520057629385323,0.14844312786966044
3757,84.28355310890812,8.23081573329181
3758,84.37649927238789,8.23989250706913
3759,85.19965697177103,8.320279001149515
3760,84.56704356763748,8.258500348402098
3761,1.515298757929704,0.14797839432907264
3762,85.18415934150133,8.318765560693489
3763,84.63987849275809,8.265613134058407
3764,84.21093359522516,8.223723983908707
3765,83.56148017806512,8.160300798639172
3766,84.69742160456961,8.27123257857125
3767,85.39412370603368,8.339269893167351
3768,83.56148017806512,8.160300798639172
3769,84.78056515329313,8.279352065751281
3770,84.62459288585667,8.26412039900944
3771,85.39412370603368,8.339269893167351
3772,84.69742160456961,8.27123257857125
3773,84.56704356763748,8.258500348402098
3774,84.97307133777325,8.29815149782942
3775,84.36131712533233,8.238409875520736
3776,84.8317095725281,8.284346637942196
3777,84.76522525283005,8.277854028596684
3778,84.36131712533233,8.238409875520736
3779,84.69742160456961,8.27123257857125
3780,1.515298757929704,0.14797839432907264
3781,84.36708519405525,8.238973163481958
3782,84.37649927238789,8.23989250706913
3783,1.5017345588662612,0.14665376551428333
3784,84.78056515329313,8.279352065751281
3785,85.19965697177103,8.320279001149515
3786,1.515298757929704,0.14797839432907264
3787,85.02476188194754,8.30319940253394
3788,84.8317095725281,8.284346637942196
3789,1.514590945738493,0.1479092720447747
3790,84.36708519405525,8.238973163481958
3791,85.04020020576866,8.304707051344595
3792,1.514590945738493,0.1479092720447747
3793,85.39412370603368,8.339269893167351
3794,84.97307133777325,8.29815149782942
3795,85.19965697177103,8.320279001149515
3796,84.37649927238789,8.23989250706913
3797,84.78056515329313,8.279352065751281
3798,83.88470500402718,8.19186572304953
3799,1.520057629385323,0.14844312786966044
3800,84.8317095725281,8.284346637942196
3801,85.39412370603368,8.339269893167351
3802,83.88470500402718,8.19186572304953
3803,83.56148017806512,8.160300798639172
3804,1.514590945738493,0.1479092720447747
3805,84.28355310890812,8.23081573329181
3806,83.88470500402718,8.19186572304953
3807,1.4221627406752453,0.13888308014406692
3808,84.78056515329313,8.279352065751281
3809,84.78056515329313,8.279352065751281
3810,1.514590945738493,0.1479092720447747
3811,84.36708519405525,8.238973163481958
3812,85.04020020576866,8.304707051344595
3813,85.18415934150133,8.318765560693489
3814,1.4221627406752453,0.13888308014406692
3815,84.62459288585667,8.26412039900944
3816,1.4221627406752453,0.13888308014406692
3817,84.37649927238789,8.23989250706913
3818,1.5017345588662612,0.14665376551428333
3819,84.53992958897125,8.255852498922973
3820,84.97307133777325,8.29815149782942
3821,85.02476188194754,8.30319940253394
3822,84.37649927238789,8.23989250706913
3823,84.76522525283005,8.277854028596684
3824,1.515298757929704,0.14797839432907264
3825,1.5017345588662612,0.14665376551428333
3826,84.63987849275809,8.265613134058407
3827,84.37649927238789,8.23989250706913
3828,84.21093359522516,8.223723983908707
3829,83.81911087563785,8.185460046449009
3830,83.88470500402718,8.19186572304953
3831,83.88470500402718,8.19186572304953
3832,84.37649927238789,8.23989250706913
3833,85.18415934150133,8.318765560693489
3834,84.28355310890812,8.23081573329181
3835,85.19965697177103,8.320279001149515
3836,83.9567779083644,8.198904092613711
3837,83.81911087563785,8.185460046449009
3838,84.76522525283005,8.277854028596684
3839,1.514590945738493,0.1479092720447747
3840,84.36708519405525,8.238973163481958
3841,84.36708519405525,8.238973163481958
3842,1.514590945738493,0.1479092720447747
3843,85.18415934150133,8.318765560693489
3844,1.5017345588662612,0.14665376551428333
3845,83.81911087563785,8.185460046449009
3846,83.9567779083644,8.198904092613711
3847,85.23392990164103,8.323625966957133
3848,84.36708519405525,8.238973163481958
3849,84.21093359522516,8.223723983908707
3850,84.1446629218648,8.21725223846336
3851,84.1446629218648,8.21725223846336
3852,84.76522525283005,8.277854028596684
3853,84.76522525283005,8.277854028596684
3854,84.21093359522516,8.223723983908707
3855,85.02476188194754,8.30319940253394
3856,1.5017345588662612,0.14665376551428333
3857,1.4221627406752453,0.13888308014406692
3858,85.19965697177103,8.320279001149515
3859,1.5017345588662612,0.14665376551428333
3860,83.9567779083644,8.198904092613711
3861,85.23392990164103,8.323625966957133
3862,84.36131712533233,8.238409875520736
3863,84.37649927238789,8.23989250706913
3864,85.18415934150133,8.318765560693489
3865,83.81911087563785,8.185460046449009
3866,1.520057629385323,0.14844312786966044
3867,84.53992958897125,8.255852498922973
3868,84.97307133777325,8.29815149782942
3869,83.9567779083644,8.198904092613711
3870,85.39412370603368,8.339269893167351
3871,85.23392990164103,8.323625966957133
3872,1.4221627406752453,0.13888308014406692
3873,1.4221627406752453,0.13888308014406692
3874,84.36708519405525,8.238973163481958
3875,84.37649927238789,8.23989250706913
3876,85.19965697177103,8.320279001149515
3877,84.63987849275809,8.265613134058407
3878,1.4221627406752453,0.13888308014406692
3879,1.4221627406752453,0.13888308014406692
3880,85.39412370603368,8.339269893167351
3881,84.97307133777325,8.29815149782942
3882,1.514590945738493,0.1479092720447747
3883,85.19965697177103,8.320279001149515
3884,85.04020020576866,8.304707051344595
3885,85.18415934150133,8.318765560693489
3886,85.02476188194754,8.30319940253394
3887,84.37649927238789,8.23989250706913
3888,1.5017345588662612,0.14665376551428333
3889,85.02476188194754,8.30319940253394
3890,84.36131712533233,8.238409875520736
3891,1.514590945738493,0.1479092720447747
3892,84.37649927238789,8.23989250706913
3893,84.62459288585667,8.26412039900944
3894,85.23392990164103,8.323625966957133
3895,84.63987849275809,8.265613134058407
3896,84.36131712533233,8.238409875520736
3897,84.56704356763748,8.258500348402098
3898,83.56148017806512,8.160300798639172
3899,85.02476188194754,8.30319940253394
3900,83.9567779083644,8.198904092613711
3901,84.36708519405525,8.238973163481958
3902,1.520057629385323,0.14844312786966044
3903,83.81911087563785,8.185460046449009
3904,84.1446629218648,8.21725223846336
3905,84.53992958897125,8.255852498922973
3906,84.62459288585667,8.26412039900944
3907,84.76522525283005,8.277854028596684
3908,84.1446629218648,8.21725223846336
3909,83.81911087563785,8.185460046449009
3910,84.36708519405525,8.238973163481958
3911,85.02476188194754,8.30319940253394
3912,1.515298757929704,0.14797839432907264
3913,84.28355310890812,8.23081573329181
3914,83.88470500402718,8.19186572304953
3915,85.19965697177103,8.320279001149515
3916,1.514590945738493,0.1479092720447747
3917,84.8317095725281,8.284346637942196
3918,1.520057629385323,0.14844312786966044
3919,1.4221627406752453,0.13888308014406692
3920,85.19965697177103,8.320279001149515
3921,84.8317095725281,8.284346637942196
3922,84.28355310890812,8.23081573329181
3923,85.18415934150133,8.318765560693489
3924,1.5017345588662612,0.14665376551428333
3925,85.18415934150133,8.318765560693489
3926,1.4221627406752453,0.13888308014406692
3927,84.78056515329313,8.279352065751281
3928,83.81911087563785,8.185460046449009
3929,85.18415934150133,8.318765560693489
3930,85.39412370603368,8.339269893167351
3931,84.97307133777325,8.29815149782942
3932,84.62459288585667,8.26412039900944
3933,1.515298757929704,0.14797839432907264
3934,84.62459288585667,8.26412039900944
3935,85.39412370603368,8.339269893167351
3936,84.28355310890812,8.23081573329181
3937,84.36131712533233,8.238409875520736
3938,83.88470500402718,8.19186572304953
3939,84.97307133777325,8.29815149782942
3940,85.18415934150133,8.318765560693489
3941,83.81911087563785,8.185460046449009
3942,85.02476188194754,8.30319940253394
3943,84.36131712533233,8.238409875520736
3944,84.62459288585667,8.26412039900944
3945,85.39412370603368,8.339269893167351
3946,85.02476188194754,8.30319940253394
3947,1.4221627406752453,0.13888308014406692
3948,84.8317095725281,8.284346637942196
3949,84.62459288585667,8.26412039900944
3950,85.39412370603368,8.339269893167351
3951,85.19965697177103,8.320279001149515
3952,1.520057629385323,0.14844312786966044
3953,84.36708519405525,8.238973163481958
3954,1.515298757929704,0.14797839432907264
3955,84.69742160456961,8.27123257857125
3956,84.56704356763748,8.258500348402098
3957,84.21093359522516,8.223723983908707
3958,85.02476188194754,8.30319940253394
3959,83.81911087563785,8.185460046449009
3960,85.18415934150133,8.318765560693489
3961,85.04020020576866,8.304707051344595
3962,84.37649927238789,8.23989250706913
3963,84.53992958897125,8.255852498922973
3964,83.9567779083644,8.198904092613711
3965,1.514590945738493,0.1479092720447747
3966,83.88470500402718,8.19186572304953
3967,85.02476188194754,8.30319940253394
3968,84.97307133777325,8.29815149782942
3969,1.514590945738493,0.1479092720447747
3970,1.520057629385323,0.14844312786966044
3971,1.515298757929704,0.14797839432907264
3972,85.02476188194754,8.30319940253394
3973,83.56148017806512,8.160300798639172
3974,84.63987849275809,8.265613134058407
3975,1.515298757929704,0.14797839432907264
3976,83.81911087563785,8.185460046449009
3977,84.21093359522516,8.223723983908707
3978,85.02476188194754,8.30319940253394
3979,84.56704356763748,8.258500348402098
3980,85.04020020576866,8.304707051344595
3981,84.1446629218648,8.21725223846336
3982,1.520057629385323,0.14844312786966044
3983,84.69742160456961,8.27123257857125
3984,84.36708519405525,8.238973163481958
3985,83.81911087563785,8.185460046449009
3986,84.97307133777325,8.29815149782942
3987,1.514590945738493,0.1479092720447747
3988,1.4221627406752453,0.13888308014406692
3989,83.81911087563785,8.185460046449009
3990,85.19965697177103,8.320279001149515
3991,84.8317095725281,8.284346637942196
3992,85.04020020576866,8.304707051344595
3993,85.23392990164103,8.323625966957133
3994,84.69742160456961,8.27123257857125
3995,1.5017345588662612,0.14665376551428333
3996,83.9567779083644,8.198904092613711
3997,84.69742160456961,8.27123257857125
3998,84.28355310890812,8.23081573329181
3999,83.81911087563785,8.185460046449009
4000,1.4221627406752453,0.13888308014406692
4001,85.39412370603368,8.339269893167351
4002,84.53992958897125,8.255852498922973
4003,1.514590945738493,0.1479092720447747
4004,85.19965697177103,8.320279001149515
4005,84.69742160456961,8.27123257857125
4006,85.04020020576866,8.304707051344595
4007,83.88470500402718,8.19186572304953
4008,84.78056515329313,8.279352065751281
4009,84.36131712533233,8.238409875520736
4010,1.520057629385323,0.14844312786966044
4011,84.76522525283005,8.277854028596684
4012,84.62459288585667,8.26412039900944
4013,85.19965697177103,8.320279001149515
4014,84.28355310890812,8.23081573329181
4015,84.97307133777325,8.29815149782942
4016,84.1446629218648,8.21725223846336
4017,1.520057629385323,0.14844312786966044
4018,84.37649927238789,8.23989250706913
4019,84.76522525283005,8.277854028596684
4020,84.1446629218648,8.21725223846336
4021,83.56148017806512,8.160300798639172
4022,84.56704356763748,8.258500348402098
4023,84.53992958897125,8.255852498922973
4024,1.514590945738493,0.1479092720447747
4025,84.36708519405525,8.238973163481958
4026,1.514590945738493,0.1479092720447747
4027,83.9567779083644,8.198904092613711
4028,84.1446629218648,8.21725223846336
4029,84.53992958897125,8.255852498922973
4030,1.515298757929704,0.14797839432907264
4031,85.04020020576866,8.304707051344595
4032,85.04020020576866,8.304707051344595
4033,1.5017345588662612,0.14665376551428333
4034,84.78056515329313,8.279352065751281
4035,1.515298757929704,0.14797839432907264
4036,85.19965697177103,8.320279001149515
4037,84.36708519405525,8.238973163481958
4038,1.4221627406752453,0.13888308014406692
4039,84.36708519405525,8.238973163481958
4040,84.53992958897125,8.255852498922973
4041,1.520057629385323,0.14844312786966044
4042,84.53992958897125,8.255852498922973
4043,85.02476188194754,8.30319940253394
4044,84.28355310890812,8.23081573329181
4045,84.37649927238789,8.23989250706913
4046,84.1446629218648,8.21725223846336
4047,84.76522525283005,8.277854028596684
4048,84.78056515329313,8.279352065751281
4049,1.5017345588662612,0.14665376551428333
4050,1.514590945738493,0.1479092720447747
4051,85.19965697177103,8.320279001149515
4052,1.4221627406752453,0.13888308014406692
4053,83.81911087563785,8.185460046449009
4054,1.5017345588662612,0.14665376551428333
4055,1.514590945738493,0.1479092720447747
4056,84.63987849275809,8.265613134058407
4057,83.81911087563785,8.185460046449009
4058,1.5017345588662612,0.14665376551428333
4059,85.04020020576866,8.304707051344595
4060,84.69742160456961,8.27123257857125
4061,83.56148017806512,8.160300798639172
4062,85.18415934150133,8.318765560693489
4063,84.63987849275809,8.265613134058407
4064,1.515298757929704,0.14797839432907264
4065,83.56148017806512,8.160300798639172
4066,85.39412370603368,8.339269893167351
4067,1.4221627406752453,0.13888308014406692
4068,84.36131712533233,8.238409875520736
4069,1.520057629385323,0.14844312786966044
4070,84.21093359522516,8.223723983908707
4071,83.56148017806512,8.160300798639172
4072,84.53992958897125,8.255852498922973
4073,83.9567779083644,8.198904092613711
4074,84.56704356763748,8.258500348402098
4075,85.23392990164103,8.323625966957133
4076,83.9567779083644,8.198904092613711
4077,85.04020020576866,8.304707051344595
4078,84.21093359522516,8.223723983908707
4079,84.21093359522516,8.223723983908707
4080,83.88470500402718,8.19186572304953
4081,84.62459288585667,8.26412039900944
4082,1.520057629385323,0.14844312786966044
4083,84.97307133777325,8.29815149782942
4084,1.520057629385323,0.14844312786966044
4085,85.19965697177103,8.320279001149515
4086,83.56148017806512,8.160300798639172
4087,84.53992958897125,8.255852498922973
4088,84.97307133777325,8.29815149782942
4089,84.36708519405525,8.238973163481958
4090,84.63987849275809,8.265613134058407
4091,84.78056515329313,8.279352065751281
4092,1.4221627406752453,0.13888308014406692
4093,84.36708519405525,8.238973163481958
4094,84.78056515329313,8.279352065751281
4095,1.5017345588662612,0.14665376551428333
4096,84.62459288585667,8.26412039900944
4097,84.62459288585667,8.26412039900944
4098,1.514590945738493,0.1479092720447747
4099,1.520057629385323,0.14844312786966044
4100,84.53992958897125,8.255852498922973
4101,83.9567779083644,8.198904092613711
4102,84.78056515329313,8.279352065751281
4103,85.19965697177103,8.320279001149515
4104,1.515298757929704,0.14797839432907264
4105,1.520057629385323,0.14844312786966044
4106,83.88470500402718,8.19186572304953
4107,1.514590945738493,0.1479092720447747
4108,84.8317095725281,8.284346637942196
4109,1.514590945738493,0.1479092720447747
4110,84.28355310890812,8.23081573329181
4111,1.520057629385323,0.14844312786966044
4112,83.81911087563785,8.185460046449009
4113,1.515298757929704,0.14797839432907264
4114,84.21093359522516,8.223723983908707
4115,85.23392990164103,8.323625966957133
4116,84.28355310890812,8.23081573329181
4117,84.53992958897125,8.255852498922973
4118,83.81911087563785,8.185460046449009
4119,83.9567779083644,8.198904092613711
4120,84.76522525283005,8.277854028596684
4121,85.02476188194754,8.30319940253394
4122,83.81911087563785,8.185460046449009
4123,85.02476188194754,8.30319940253394
4124,85.04020020576866,8.304707051344595
4125,83.9567779083644,8.198904092613711
4126,84.8317095725281,8.284346637942196
4127,84.36131712533233,8.238409875520736
4128,84.53992958897125,8.255852498922973
4129,84.56704356763748,8.258500348402098
4130,85.39412370603368,8.339269893167351
4131,84.28355310890812,8.23081573329181
4132,84.36131712533233,8.238409875520736
4133,84.76522525283005,8.277854028596684
4134,83.56148017806512,8.160300798639172
4135,84.56704356763748,8.258500348402098
4136,85.19965697177103,8.320279001149515
4137,83.56148017806512,8.160300798639172
4138,83.56148017806512,8.160300798639172
4139,1.514590945738493,0.1479092720447747
4140,85.23392990164103,8.323625966957133
4141,1.5017345588662612,0.14665376551428333
4142,1.515298757929704,0.14797839432907264
4143,1.520057629385323,0.14844312786966044
4144,83.9567779083644,8.198904092613711
4145,83.81911087563785,8.185460046449009
4146,85.39412370603368,8.339269893167351
4147,83.88470500402718,8.19186572304953
4148,84.78056515329313,8.279352065751281
4149,83.81911087563785,8.185460046449009
4150,83.88470500402718,8.19186572304953
4151,83.56148017806512,8.160300798639172
4152,84.28355310890812,8.23081573329181
4153,84.21093359522516,8.223723983908707
4154,84.53992958897125,8.255852498922973
4155,1.4221627406752453,0.13888308014406692
4156,84.78056515329313,8.279352065751281
4157,84.21093359522516,8.223723983908707
4158,85.02476188194754,8.30319940253394
4159,84.53992958897125,8.255852498922973
4160,1.5017345588662612,0.14665376551428333
4161,84.97307133777325,8.29815149782942
4162,84.56704356763748,8.258500348402098
4163,84.1446629218648,8.21725223846336
4164,1.520057629385323,0.14844312786966044
4165,1.5017345588662612,0.14665376551428333
4166,84.28355310890812,8.23081573329181
4167,84.69742160456961,8.27123257857125
4168,84.76522525283005,8.277854028596684
4169,84.63987849275809,8.265613134058407
4170,84.53992958897125,8.255852498922973
4171,84.21093359522516,8.223723983908707
4172,83.81911087563785,8.185460046449009
4173,83.9567779083644,8.198904092613711
4174,1.5017345588662612,0.14665376551428333
4175,83.88470500402718,8.19186572304953
4176,84.8317095725281,8.284346637942196
4177,84.21093359522516,8.223723983908707
4178,84.36131712533233,8.238409875520736
4179,84.76522525283005,8.277854028596684
4180,84.21093359522516,8.223723983908707
4181,1.515298757929704,0.14797839432907264
4182,1.515298757929704,0.14797839432907264
4183,84.56704356763748,8.258500348402098
4184,84.28355310890812,8.23081573329181
4185,85.02476188194754,8.30319940253394
4186,84.8317095725281,8.284346637942196
4187,85.18415934150133,8.318765560693489
4188,83.56148017806512,8.160300798639172
4189,84.36131712533233,8.238409875520736
4190,1.514590945738493,0.1479092720447747
4191,83.56148017806512,8.160300798639172
4192,1.514590945738493,0.1479092720447747
4193,84.53992958897125,8.255852498922973
4194,84.97307133777325,8.29815149782942
4195,1.514590945738493,0.1479092720447747
4196,1.515298757929704,0.14797839432907264
4197,83.88470500402718,8.19186572304953
4198,84.56704356763748,8.258500348402098
4199,84.56704356763748,8.258500348402098
4200,85.18415934150133,8.318765560693489
4201,83.56148017806512,8.160300798639172
4202,84.62459288585667,8.26412039900944
4203,84.76522525283005,8.277854028596684
4204,84.97307133777325,8.29815149782942
4205,84.8317095725281,8.284346637942196
4206,85.04020020576866,8.304707051344595
4207,84.21093359522516,8.223723983908707
4208,84.56704356763748,8.258500348402098
4209,84.21093359522516,8.223723983908707
4210,1.514590945738493,0.1479092720447747
4211,1.515298757929704,0.14797839432907264
4212,84.69742160456961,8.27123257857125
4213,83.81911087563785,8.185460046449009
4214,1.514590945738493,0.1479092720447747
4215,84.76522525283005,8.277854028596684
4216,84.36131712533233,8.238409875520736
4217,85.23392990164103,8.323625966957133
4218,1.514590945738493,0.1479092720447747
4219,83.81911087563785,8.185460046449009
4220,85.23392990164103,8.323625966957133
4221,1.4221627406752453,0.13888308014406692
4222,84.8317095725281,8.284346637942196
4223,85.39412370603368,8.339269893167351
4224,84.8317095725281,8.284346637942196
4225,85.23392990164103,8.323625966957133
4226,85.04020020576866,8.304707051344595
4227,1.514590945738493,0.1479092720447747
4228,84.53992958897125,8.255852498922973
4229,85.39412370603368,8.339269893167351
4230,1.514590945738493,0.1479092720447747
4231,84.56704356763748,8.258500348402098
4232,84.8317095725281,8.284346637942196
4233,1.520057629385323,0.14844312786966044
4234,83.81911087563785,8.185460046449009
4235,83.56148017806512,8.160300798639172
4236,84.8317095725281,8.284346637942196
4237,83.88470500402718,8.19186572304953
4238,84.62459288585667,8.26412039900944
4239,84.1446629218648,8.21725223846336
4240,84.36131712533233,8.238409875520736
4241,1.520057629385323,0.14844312786966044
4242,84.28355310890812,8.23081573329181
4243,84.28355310890812,8.23081573329181
4244,84.78056515329313,8.279352065751281
4245,1.520057629385323,0.14844312786966044
4246,85.39412370603368,8.339269893167351
4247,83.81911087563785,8.185460046449009
4248,83.81911087563785,8.185460046449009
4249,84.21093359522516,8.223723983908707
4250,1.5017345588662612,0.14665376551428333
4251,1.5017345588662612,0.14665376551428333
4252,1.4221627406752453,0.13888308014406692
4253,84.76522525283005,8.277854028596684
4254,1.5017345588662612,0.14665376551428333
4255,83.9567779083644,8.198904092613711
4256,83.9567779083644,8.198904092613711
4257,83.88470500402718,8.19186572304953
4258,84.97307133777325,8.29815149782942
4259,84.97307133777325,8.29815149782942
4260,84.37649927238789,8.23989250706913
4261,85.23392990164103,8.323625966957133
4262,84.36708519405525,8.238973163481958
4263,84.36131712533233,8.238409875520736
4264,84.21093359522516,8.223723983908707
4265,85.39412370603368,8.339269893167351
4266,1.5017345588662612,0.14665376551428333
4267,84.21093359522516,8.223723983908707
4268,84.28355310890812,8.23081573329181
4269,83.88470500402718,8.19186572304953
4270,84.97307133777325,8.29815149782942
4271,83.9567779083644,8.198904092613711
4272,83.81911087563785,8.185460046449009
4273,1.514590945738493,0.1479092720447747
4274,84.36708519405525,8.238973163481958
4275,1.514590945738493,0.1479092720447747
4276,83.56148017806512,8.160300798639172
4277,85.23392990164103,8.323625966957133
4278,84.53992958897125,8.255852498922973
4279,85.04020020576866,8.304707051344595
4280,85.18415934150133,8.318765560693489
4281,84.69742160456961,8.27123257857125
4282,85.04020020576866,8.304707051344595
4283,85.18415934150133,8.318765560693489
4284,85.39412370603368,8.339269893167351
4285,1.520057629385323,0.14844312786966044
4286,1.4221627406752453,0.13888308014406692
4287,85.02476188194754,8.30319940253394
4288,1.4221627406752453,0.13888308014406692
4289,1.514590945738493,0.1479092720447747
4290,84.97307133777325,8.29815149782942
4291,84.36708519405525,8.238973163481958
4292,84.62459288585667,8.26412039900944
4293,85.02476188194754,8.30319940253394
4294,83.56148017806512,8.160300798639172
4295,84.8317095725281,8.284346637942196
4296,84.53992958897125,8.255852498922973
4297,83.81911087563785,8.185460046449009
4298,84.53992958897125,8.255852498922973
4299,83.9567779083644,8.198904092613711
4300,83.9567779083644,8.198904092613711
4301,1.515298757929704,0.14797839432907264
4302,85.23392990164103,8.323625966957133
4303,85.04020020576866,8.304707051344595
4304,85.23392990164103,8.323625966957133
4305,1.520057629385323,0.14844312786966044
4306,84.37649927238789,8.23989250706913
4307,83.56148017806512,8.160300798639172
4308,85.23392990164103,8.323625966957133
4309,84.28355310890812,8.23081573329181
4310,85.19965697177103,8.320279001149515
4311,84.37649927238789,8.23989250706913
4312,84.21093359522516,8.223723983908707
4313,84.36708519405525,8.238973163481958
4314,84.1446629218648,8.21725223846336
4315,84.56704356763748,8.258500348402098
4316,85.39412370603368,8.339269893167351
4317,84.1446629218648,8.21725223846336
4318,84.1446629218648,8.21725223846336
4319,84.1446629218648,8.21725223846336
4320,83.56148017806512,8.160300798639172
4321,1.520057629385323,0.14844312786966044
4322,84.69742160456961,8.27123257857125
4323,83.56148017806512,8.160300798639172
4324,84.62459288585667,8.26412039900944
4325,84.97307133777325,8.29815149782942
4326,85.19965697177103,8.320279001149515
4327,1.515298757929704,0.14797839432907264
4328,1.4221627406752453,0.13888308014406692
4329,83.88470500402718,8.19186572304953
4330,85.19965697177103,8.320279001149515
4331,84.36131712533233,8.238409875520736
4332,1.5017345588662612,0.14665376551428333
4333,84.28355310890812,8.23081573329181
4334,83.9567779083644,8.198904092613711
4335,83.88470500402718,8.19186572304953
4336,83.88470500402718,8.19186572304953
4337,1.4221627406752453,0.13888308014406692
4338,84.97307133777325,8.29815149782942
4339,84.37649927238789,8.23989250706913
4340,1.514590945738493,0.1479092720447747
4341,84.76522525283005,8.277854028596684
4342,1.4221627406752453,0.13888308014406692
4343,85.39412370603368,8.339269893167351
4344,84.8317095725281,8.284346637942196
4345,1.4221627406752453,0.13888308014406692
4346,83.88470500402718,8.19186572304953
4347,85.23392990164103,8.323625966957133
4348,84.36708519405525,8.238973163481958
4349,1.515298757929704,0.14797839432907264
4350,84.36131712533233,8.238409875520736
4351,84.36708519405525,8.238973163481958
4352,85.18415934150133,8.318765560693489
4353,84.37649927238789,8.23989250706913
4354,84.56704356763748,8.258500348402098
4355,1.520057629385323,0.14844312786966044
4356,84.36708519405525,8.238973163481958
4357,85.04020020576866,8.304707051344595
4358,85.23392990164103,8.323625966957133
4359,84.36131712533233,8.238409875520736
4360,83.9567779083644,8.198904092613711
4361,84.62459288585667,8.26412039900944
4362,1.515298757929704,0.14797839432907264
4363,1.4221627406752453,0.13888308014406692
4364,84.8317095725281,8.284346637942196
4365,84.56704356763748,8.258500348402098
4366,84.28355310890812,8.23081573329181
4367,1.520057629385323,0.14844312786966044
4368,84.69742160456961,8.27123257857125
4369,83.81911087563785,8.185460046449009
4370,84.36708519405525,8.238973163481958
4371,84.37649927238789,8.23989250706913
4372,84.97307133777325,8.29815149782942
4373,84.1446629218648,8.21725223846336
4374,84.69742160456961,8.27123257857125
4375,1.520057629385323,0.14844312786966044
4376,85.19965697177103,8.320279001149515
4377,1.4221627406752453,0.13888308014406692
4378,84.97307133777325,8.29815149782942
4379,84.76522525283005,8.277854028596684
4380,84.63987849275809,8.265613134058407
4381,84.97307133777325,8.29815149782942
4382,84.37649927238789,8.23989250706913
4383,84.36131712533233,8.238409875520736
4384,84.36708519405525,8.238973163481958
4385,1.520057629385323,0.14844312786966044
4386,84.63987849275809,8.265613134058407
4387,84.37649927238789,8.23989250706913
4388,84.36708519405525,8.238973163481958
4389,1.520057629385323,0.14844312786966044
4390,85.04020020576866,8.304707051344595
4391,84.62459288585667,8.26412039900944
4392,84.56704356763748,8.258500348402098
4393,1.515298757929704,0.14797839432907264
4394,1.515298757929704,0.14797839432907264
4395,84.63987849275809,8.265613134058407
4396,84.56704356763748,8.258500348402098
4397,85.39412370603368,8.339269893167351
4398,1.514590945738493,0.1479092720447747
4399,84.97307133777325,8.29815149782942
4400,84.56704356763748,8.258500348402098
4401,84.53992958897125,8.255852498922973
4402,84.69742160456961,8.27123257857125
4403,85.04020020576866,8.304707051344595
4404,84.36708519405525,8.238973163481958
4405,83.56148017806512,8.160300798639172
4406,84.69742160456961,8.27123257857125
4407,1.5017345588662612,0.14665376551428333
4408,84.1446629218648,8.21725223846336
4409,84.62459288585667,8.26412039900944
4410,1.4221627406752453,0.13888308014406692
4411,1.520057629385323,0.14844312786966044
4412,84.78056515329313,8.279352065751281
4413,84.1446629218648,8.21725223846336
4414,84.63987849275809,8.265613134058407
4415,85.18415934150133,8.318765560693489
4416,1.515298757929704,0.14797839432907264
4417,83.56148017806512,8.160300798639172
4418,84.1446629218648,8.21725223846336
4419,1.515298757929704,0.14797839432907264
4420,84.69742160456961,8.27123257857125
4421,85.39412370603368,8.339269893167351
4422,83.56148017806512,8.160300798639172
4423,83.81911087563785,8.185460046449009
4424,1.5017345588662612,0.14665376551428333
4425,84.36131712533233,8.238409875520736
4426,84.8317095725281,8.284346637942196
4427,84.53992958897125,8.255852498922973
4428,84.63987849275809,8.265613134058407
4429,84.21093359522516,8.223723983908707
4430,84.1446629218648,8.21725223846336
4431,1.5017345588662612,0.14665376551428333
4432,84.97307133777325,8.29815149782942
4433,85.39412370603368,8.339269893167351
4434,84.37649927238789,8.23989250706913
4435,1.4221627406752453,0.13888308014406692
4436,84.28355310890812,8.23081573329181
4437,84.78056515329313,8.279352065751281
4438,84.36708519405525,8.238973163481958
4439,84.1446629218648,8.21725223846336
4440,1.514590945738493,0.1479092720447747
4441,1.515298757929704,0.14797839432907264
4442,84.8317095725281,8.284346637942196
4443,84.8317095725281,8.284346637942196
4444,83.81911087563785,8.185460046449009
4445,84.21093359522516,8.223723983908707
4446,1.515298757929704,0.14797839432907264
4447,83.9567779083644,8.198904092613711
4448,85.23392990164103,8.323625966957133
4449,84.53992958897125,8.255852498922973
4450,84.76522525283005,8.277854028596684
4451,84.97307133777325,8.29815149782942
4452,84.56704356763748,8.258500348402098
4453,85.39412370603368,8.339269893167351
4454,84.56704356763748,8.258500348402098
4455,85.39412370603368,8.339269893167351
4456,85.19965697177103,8.320279001149515
4457,84.8317095725281,8.284346637942196
4458,84.1446629218648,8.21725223846336
4459,84.28355310890812,8.23081573329181
4460,85.18415934150133,8.318765560693489
4461,84.63987849275809,8.265613134058407
4462,1.4221627406752453,0.13888308014406692
4463,84.37649927238789,8.23989250706913
4464,84.56704356763748,8.258500348402098
4465,84.78056515329313,8.279352065751281
4466,84.63987849275809,8.265613134058407
4467,85.18415934150133,8.318765560693489
4468,84.36708519405525,8.238973163481958
4469,85.02476188194754,8.30319940253394
4470,84.62459288585667,8.26412039900944
4471,1.514590945738493,0.1479092720447747
4472,1.514590945738493,0.1479092720447747
4473,85.18415934150133,8.318765560693489
4474,85.19965697177103,8.320279001149515
4475,85.19965697177103,8.320279001149515
4476,84.63987849275809,8.265613134058407
4477,84.69742160456961,8.27123257857125
4478,84.28355310890812,8.23081573329181
4479,85.18415934150133,8.318765560693489
4480,83.81911087563785,8.185460046449009
4481,1.520057629385323,0.14844312786966044
4482,83.88470500402718,8.19186572304953
4483,1.4221627406752453,0.13888308014406692
4484,1.4221627406752453,0.13888308014406692
4485,84.97307133777325,8.29815149782942
4486,85.18415934150133,8.318765560693489
4487,1.5017345588662612,0.14665376551428333
4488,84.1446629218648,8.21725223846336
4489,84.36131712533233,8.238409875520736
4490,83.88470500402718,8.19186572304953
4491,85.18415934150133,8.318765560693489
4492,85.02476188194754,8.30319940253394
4493,1.4221627406752453,0.13888308014406692
4494,84.8317095725281,8.284346637942196
4495,84.37649927238789,8.23989250706913
4496,84.62459288585667,8.26412039900944
4497,85.18415934150133,8.318765560693489
4498,84.8317095725281,8.284346637942196
4499,85.02476188194754,8.30319940253394
4500,84.28355310890812,8.23081573329181
4501,83.88470500402718,8.19186572304953
4502,1.514590945738493,0.1479092720447747
4503,84.21093359522516,8.223723983908707
4504,84.76522525283005,8.277854028596684
4505,84.28355310890812,8.23081573329181
4506,85.39412370603368,8.339269893167351
4507,85.18415934150133,8.318765560693489
4508,1.4221627406752453,0.13888308014406692
4509,1.515298757929704,0.14797839432907264
4510,84.36131712533233,8.238409875520736
4511,1.515298757929704,0.14797839432907264
4512,84.1446629218648,8.21725223846336
4513,85.39412370603368,8.339269893167351
4514,84.62459288585667,8.26412039900944
4515,84.76522525283005,8.277854028596684
4516,84.36708519405525,8.238973163481958
4517,84.78056515329313,8.279352065751281
4518,83.81911087563785,8.185460046449009
4519,1.5017345588662612,0.14665376551428333
4520,84.21093359522516,8.223723983908707
4521,1.520057629385323,0.14844312786966044
4522,84.63987849275809,8.265613134058407
4523,1.4221627406752453,0.13888308014406692
4524,84.36708519405525,8.238973163481958
4525,83.88470500402718,8.19186572304953
4526,84.62459288585667,8.26412039900944
4527,83.56148017806512,8.160300798639172
4528,84.28355310890812,8.23081573329181
4529,84.37649927238789,8.23989250706913
4530,1.520057629385323,0.14844312786966044
4531,85.23392990164103,8.323625966957133
4532,1.514590945738493,0.1479092720447747
4533,84.63987849275809,8.265613134058407
4534,84.8317095725281,8.284346637942196
4535,84.56704356763748,8.258500348402098
4536,84.97307133777325,8.29815149782942
4537,85.02476188194754,8.30319940253394
4538,84.36708519405525,8.238973163481958
4539,1.514590945738493,0.1479092720447747
4540,85.39412370603368,8.339269893167351
4541,84.36131712533233,8.238409875520736
4542,85.18415934150133,8.318765560693489
4543,1.514590945738493,0.1479092720447747
4544,85.18415934150133,8.318765560693489
4545,84.21093359522516,8.223723983908707
4546,84.56704356763748,8.258500348402098
4547,84.63987849275809,8.265613134058407
4548,1.5017345588662612,0.14665376551428333
4549,84.63987849275809,8.265613134058407
4550,83.56148017806512,8.160300798639172
4551,84.97307133777325,8.29815149782942
4552,1.520057629385323,0.14844312786966044
4553,84.56704356763748,8.258500348402098
4554,85.18415934150133,8.318765560693489
4555,83.88470500402718,8.19186572304953
4556,84.63987849275809,8.265613134058407
4557,84.63987849275809,8.265613134058407
4558,83.9567779083644,8.198904092613711
4559,84.62459288585667,8.26412039900944
4560,84.78056515329313,8.279352065751281
4561,84.21093359522516,8.223723983908707
4562,1.515298757929704,0.14797839432907264
4563,1.515298757929704,0.14797839432907264
4564,1.520057629385323,0.14844312786966044
4565,84.56704356763748,8.258500348402098
4566,84.1446629218648,8.21725223846336
4567,84.63987849275809,8.265613134058407
4568,84.36131712533233,8.238409875520736
4569,84.36708519405525,8.238973163481958
4570,1.514590945738493,0.1479092720447747
4571,84.8317095725281,8.284346637942196
4572,83.9567779083644,8.198904092613711
4573,84.21093359522516,8.223723983908707
4574,85.19965697177103,8.320279001149515
4575,84.69742160456961,8.27123257857125
4576,85.39412370603368,8.339269893167351
4577,1.515298757929704,0.14797839432907264
4578,84.28355310890812,8.23081573329181
4579,85.39412370603368,8.339269893167351
4580,84.78056515329313,8.279352065751281
4581,84.36708519405525,8.238973163481958
4582,84.8317095725281,8.284346637942196
4583,1.520057629385323,0.14844312786966044
4584,83.56148017806512,8.160300798639172
4585,84.8317095725281,8.284346637942196
4586,84.1446629218648,8.21725223846336
4587,84.36708519405525,8.238973163481958
4588,1.5017345588662612,0.14665376551428333
4589,1.520057629385323,0.14844312786966044
4590,85.18415934150133,8.318765560693489
4591,84.21093359522516,8.223723983908707
4592,84.76522525283005,8.277854028596684
4593,85.39412370603368,8.339269893167351
4594,83.88470500402718,8.19186572304953
4595,84.62459288585667,8.26412039900944
4596,1.515298757929704,0.14797839432907264
4597,84.62459288585667,8.26412039900944
4598,83.56148017806512,8.160300798639172
4599,85.18415934150133,8.318765560693489
4600,84.78056515329313,8.279352065751281
4601,1.514590945738493,0.1479092720447747
4602,84.8317095725281,8.284346637942196
4603,84.78056515329313,8.279352065751281
4604,84.36131712533233,8.238409875520736
4605,84.28355310890812,8.23081573329181
4606,84.76522525283005,8.277854028596684
4607,84.69742160456961,8.27123257857125
4608,84.36708519405525,8.238973163481958
4609,1.520057629385323,0.14844312786966044
4610,84.63987849275809,8.265613134058407
4611,85.04020020576866,8.304707051344595
4612,84.36708519405525,8.238973163481958
4613,84.56704356763748,8.258500348402098
4614,84.53992958897125,8.255852498922973
4615,84.21093359522516,8.223723983908707
4616,84.78056515329313,8.279352065751281
4617,84.78056515329313,8.279352065751281
4618,1.4221627406752453,0.13888308014406692
4619,1.515298757929704,0.14797839432907264
4620,1.4221627406752453,0.13888308014406692
4621,84.69742160456961,8.27123257857125
4622,84.63987849275809,8.265613134058407
4623,84.21093359522516,8.223723983908707
4624,83.88470500402718,8.19186572304953
4625,84.53992958897125,8.255852498922973
4626,84.36708519405525,8.238973163481958
4627,84.21093359522516,8.223723983908707
4628,1.4221627406752453,0.13888308014406692
4629,83.9567779083644,8.198904092613711
4630,84.36131712533233,8.238409875520736
4631,1.515298757929704,0.14797839432907264
4632,85.04020020576866,8.304707051344595
4633,84.78056515329313,8.279352065751281
4634,84.37649927238789,8.23989250706913
4635,84.36708519405525,8.238973163481958
4636,1.4221627406752453,0.13888308014406692
4637,84.37649927238789,8.23989250706913
4638,84.53992958897125,8.255852498922973
4639,1.514590945738493,0.1479092720447747
4640,84.76522525283005,8.277854028596684
4641,1.520057629385323,0.14844312786966044
4642,84.21093359522516,8.223723983908707
4643,84.56704356763748,8.258500348402098
4644,84.97307133777325,8.29815149782942
4645,83.56148017806512,8.160300798639172
4646,84.28355310890812,8.23081573329181
4647,85.02476188194754,8.30319940253394
4648,85.18415934150133,8.318765560693489
4649,1.5017345588662612,0.14665376551428333
4650,85.19965697177103,8.320279001149515
4651,84.69742160456961,8.27123257857125
4652,84.36131712533233,8.238409875520736
4653,84.56704356763748,8.258500348402098
4654,85.19965697177103,8.320279001149515
4655,83.81911087563785,8.185460046449009
4656,83.56148017806512,8.160300798639172
4657,83.56148017806512,8.160300798639172
4658,84.36708519405525,8.238973163481958
4659,84.37649927238789,8.23989250706913
4660,84.97307133777325,8.29815149782942
4661,83.56148017806512,8.160300798639172
4662,84.53992958897125,8.255852498922973
4663,83.9567779083644,8.198904092613711
4664,85.39412370603368,8.339269893167351
4665,83.81911087563785,8.185460046449009
4666,84.69742160456961,8.27123257857125
4667,84.76522525283005,8.277854028596684
4668,1.514590945738493,0.1479092720447747
4669,84.78056515329313,8.279352065751281
4670,84.21093359522516,8.223723983908707
4671,1.514590945738493,0.1479092720447747
4672,1.515298757929704,0.14797839432907264
4673,84.8317095725281,8.284346637942196
4674,83.56148017806512,8.160300798639172
4675,84.53992958897125,8.255852498922973
4676,84.8317095725281,8.284346637942196
4677,84.53992958897125,8.255852498922973
4678,84.56704356763748,8.258500348402098
4679,85.02476188194754,8.30319940253394
4680,84.97307133777325,8.29815149782942
4681,85.18415934150133,8.318765560693489
4682,85.39412370603368,8.339269893167351
4683,84.1446629218648,8.21725223846336
4684,83.56148017806512,8.160300798639172
4685,84.36131712533233,8.238409875520736
4686,83.9567779083644,8.198904092613711
4687,84.56704356763748,8.258500348402098
4688,83.81911087563785,8.185460046449009
4689,1.520057629385323,0.14844312786966044
4690,85.02476188194754,8.30319940253394
4691,84.28355310890812,8.23081573329181
4692,84.69742160456961,8.27123257857125
4693,85.18415934150133,8.318765560693489
4694,84.36708519405525,8.238973163481958
4695,84.36131712533233,8.238409875520736
4696,84.8317095725281,8.284346637942196
4697,84.97307133777325,8.29815149782942
4698,84.1446629218648,8.21725223846336
4699,83.56148017806512,8.160300798639172
4700,84.8317095725281,8.284346637942196
4701,84.53992958897125,8.255852498922973
4702,83.81911087563785,8.185460046449009
4703,83.9567779083644,8.198904092613711
4704,84.69742160456961,8.27123257857125
4705,1.514590945738493,0.1479092720447747
4706,1.520057629385323,0.14844312786966044
4707,84.36708519405525,8.238973163481958
4708,83.56148017806512,8.160300798639172
4709,85.18415934150133,8.318765560693489
4710,85.18415934150133,8.318765560693489
4711,84.36131712533233,8.238409875520736
4712,85.39412370603368,8.339269893167351
4713,84.78056515329313,8.279352065751281
4714,84.97307133777325,8.29815149782942
4715,84.78056515329313,8.279352065751281
4716,84.76522525283005,8.277854028596684
4717,84.76522525283005,8.277854028596684
4718,83.56148017806512,8.160300798639172
4719,84.1446629218648,8.21725223846336
4720,84.53992958897125,8.255852498922973
4721,84.1446629218648,8.21725223846336
4722,84.36131712533233,8.238409875520736
4723,84.21093359522516,8.223723983908707
4724,1.520057629385323,0.14844312786966044
4725,1.4221627406752453,0.13888308014406692
4726,85.02476188194754,8.30319940253394
4727,84.8317095725281,8.284346637942196
4728,84.53992958897125,8.255852498922973
4729,84.1446629218648,8.21725223846336
4730,85.19965697177103,8.320279001149515
4731,84.28355310890812,8.23081573329181
4732,85.23392990164103,8.323625966957133
4733,84.36131712533233,8.238409875520736
4734,1.4221627406752453,0.13888308014406692
4735,83.88470500402718,8.19186572304953
4736,84.97307133777325,8.29815149782942
4737,85.18415934150133,8.318765560693489
4738,84.28355310890812,8.23081573329181
4739,84.28355310890812,8.23081573329181
4740,83.88470500402718,8.19186572304953
4741,84.78056515329313,8.279352065751281
4742,1.514590945738493,0.1479092720447747
4743,83.88470500402718,8.19186572304953
4744,84.76522525283005,8.277854028596684
4745,83.56148017806512,8.160300798639172
4746,1.514590945738493,0.1479092720447747
4747,84.28355310890812,8.23081573329181
4748,84.69742160456961,8.27123257857125
4749,84.21093359522516,8.223723983908707
4750,85.39412370603368,8.339269893167351
4751,85.19965697177103,8.320279001149515
4752,84.76522525283005,8.277854028596684
4753,84.76522525283005,8.277854028596684
4754,84.28355310890812,8.23081573329181
4755,84.28355310890812,8.23081573329181
4756,85.02476188194754,8.30319940253394
4757,85.02476188194754,8.30319940253394
4758,1.5017345588662612,0.14665376551428333
4759,85.02476188194754,8.30319940253394
4760,85.04020020576866,8.304707051344595
4761,1.4221627406752453,0.13888308014406692
4762,84.53992958897125,8.255852498922973
4763,83.81911087563785,8.185460046449009
4764,84.63987849275809,8.265613134058407
4765,84.69742160456961,8.27123257857125
4766,84.78056515329313,8.279352065751281
4767,84.36708519405525,8.238973163481958
4768,84.97307133777325,8.29815149782942
4769,84.78056515329313,8.279352065751281
4770,1.520057629385323,0.14844312786966044
4771,84.8317095725281,8.284346637942196
4772,1.515298757929704,0.14797839432907264
4773,84.37649927238789,8.23989250706913
4774,83.88470500402718,8.19186572304953
4775,84.37649927238789,8.23989250706913
4776,1.5017345588662612,0.14665376551428333
4777,83.56148017806512,8.160300798639172
4778,84.28355310890812,8.23081573329181
4779,84.56704356763748,8.258500348402098
4780,1.514590945738493,0.1479092720447747
4781,84.63987849275809,8.265613134058407
4782,85.39412370603368,8.339269893167351
4783,1.514590945738493,0.1479092720447747
4784,84.63987849275809,8.265613134058407
4785,84.28355310890812,8.23081573329181
4786,84.78056515329313,8.279352065751281
4787,84.21093359522516,8.223723983908707
4788,84.8317095725281,8.284346637942196
4789,1.520057629385323,0.14844312786966044
4790,84.37649927238789,8.23989250706913
4791,84.97307133777325,8.29815149782942
4792,85.18415934150133,8.318765560693489
4793,84.37649927238789,8.23989250706913
4794,84.37649927238789,8.23989250706913
4795,85.19965697177103,8.320279001149515
4796,84.37649927238789,8.23989250706913
4797,1.520057629385323,0.14844312786966044
4798,84.78056515329313,8.279352065751281
4799,84.36131712533233,8.238409875520736
4800,84.8317095725281,8.284346637942196
4801,84.28355310890812,8.23081573329181
4802,83.88470500402718,8.19186572304953
4803,84.63987849275809,8.265613134058407
4804,84.78056515329313,8.279352065751281
4805,84.21093359522516,8.223723983908707
4806,84.56704356763748,8.258500348402098
4807,84.78056515329313,8.279352065751281
4808,84.36131712533233,8.238409875520736
4809,1.514590945738493,0.1479092720447747
4810,83.88470500402718,8.19186572304953
4811,85.02476188194754,8.30319940253394
4812,84.21093359522516,8.223723983908707
4813,85.18415934150133,8.318765560693489
4814,1.515298757929704,0.14797839432907264
4815,84.63987849275809,8.265613134058407
4816,1.4221627406752453,0.13888308014406692
4817,85.02476188194754,8.30319940253394
4818,84.37649927238789,8.23989250706913
4819,84.63987849275809,8.265613134058407
4820,85.18415934150133,8.318765560693489
4821,1.515298757929704,0.14797839432907264
4822,1.5017345588662612,0.14665376551428333
4823,85.19965697177103,8.320279001149515
4824,83.9567779083644,8.198904092613711
4825,84.53992958897125,8.255852498922973
4826,84.78056515329313,8.279352065751281
4827,85.02476188194754,8.30319940253394
4828,84.21093359522516,8.223723983908707
4829,84.78056515329313,8.279352065751281
4830,84.56704356763748,8.258500348402098
4831,83.56148017806512,8.160300798639172
4832,85.18415934150133,8.318765560693489
4833,1.5017345588662612,0.14665376551428333
4834,85.18415934150133,8.318765560693489
4835,84.63987849275809,8.265613134058407
4836,1.520057629385323,0.14844312786966044
4837,84.37649927238789,8.23989250706913
4838,1.4221627406752453,0.13888308014406692
4839,84.97307133777325,8.29815149782942
4840,84.63987849275809,8.265613134058407
4841,85.04020020576866,8.304707051344595
4842,84.8317095725281,8.284346637942196
4843,1.514590945738493,0.1479092720447747
4844,84.21093359522516,8.223723983908707
4845,85.18415934150133,8.318765560693489
4846,84.28355310890812,8.23081573329181
4847,1.4221627406752453,0.13888308014406692
4848,84.28355310890812,8.23081573329181
4849,1.514590945738493,0.1479092720447747
4850,84.97307133777325,8.29815149782942
4851,84.56704356763748,8.258500348402098
4852,83.81911087563785,8.185460046449009
4853,84.36708519405525,8.238973163481958
4854,83.81911087563785,8.185460046449009
4855,83.88470500402718,8.19186572304953
4856,84.78056515329313,8.279352065751281
4857,84.37649927238789,8.23989250706913
4858,1.514590945738493,0.1479092720447747
4859,85.02476188194754,8.30319940253394
4860,84.76522525283005,8.277854028596684
4861,84.56704356763748,8.258500348402098
4862,83.56148017806512,8.160300798639172
4863,85.39412370603368,8.339269893167351
4864,84.28355310890812,8.23081573329181
4865,84.1446629218648,8.21725223846336
4866,85.19965697177103,8.320279001149515
4867,84.76522525283005,8.277854028596684
4868,84.69742160456961,8.27123257857125
4869,84.36708519405525,8.238973163481958
4870,1.4221627406752453,0.13888308014406692
4871,85.19965697177103,8.320279001149515
4872,85.02476188194754,8.30319940253394
4873,1.5017345588662612,0.14665376551428333
4874,84.36131712533233,8.238409875520736
4875,85.39412370603368,8.339269893167351
4876,84.53992958897125,8.255852498922973
4877,84.37649927238789,8.23989250706913
4878,83.9567779083644,8.198904092613711
4879,1.5017345588662612,0.14665376551428333
4880,84.78056515329313,8.279352065751281
4881,84.1446629218648,8.21725223846336
4882,84.28355310890812,8.23081573329181
4883,1.4221627406752453,0.13888308014406692
4884,83.9567779083644,8.198904092613711
4885,84.97307133777325,8.29815149782942
4886,84.36708519405525,8.238973163481958
4887,1.4221627406752453,0.13888308014406692
4888,84.36708519405525,8.238973163481958
4889,84.36131712533233,8.238409875520736
4890,83.56148017806512,8.160300798639172
4891,84.78056515329313,8.279352065751281
4892,83.88470500402718,8.19186572304953
4893,84.36131712533233,8.238409875520736
4894,84.36131712533233,8.238409875520736
4895,83.81911087563785,8.185460046449009
4896,85.02476188194754,8.30319940253394
4897,84.1446629218648,8.21725223846336
4898,84.56704356763748,8.258500348402098
4899,1.514590945738493,0.1479092720447747
4900,85.39412370603368,8.339269893167351
4901,84.53992958897125,8.255852498922973
4902,84.53992958897125,8.255852498922973
4903,83.9567779083644,8.198904092613711
4904,84.21093359522516,8.223723983908707
4905,84.37649927238789,8.23989250706913
4906,1.515298757929704,0.14797839432907264
4907,1.520057629385323,0.14844312786966044
4908,84.53992958897125,8.255852498922973
4909,84.63987849275809,8.265613134058407
4910,84.97307133777325,8.29815149782942
4911,84.1446629218648,8.21725223846336
4912,84.36131712533233,8.238409875520736
4913,84.21093359522516,8.223723983908707
4914,84.21093359522516,8.223723983908707
4915,85.18415934150133,8.318765560693489
4916,83.81911087563785,8.185460046449009
4917,84.63987849275809,8.265613134058407
4918,83.56148017806512,8.160300798639172
4919,84.97307133777325,8.29815149782942
4920,84.36131712533233,8.238409875520736
4921,83.88470500402718,8.19186572304953
4922,1.4221627406752453,0.13888308014406692
4923,84.76522525283005,8.277854028596684
4924,83.81911087563785,8.185460046449009
4925,84.36708519405525,8.238973163481958
4926,83.9567779083644,8.198904092613711
4927,84.37649927238789,8.23989250706913
4928,83.9567779083644,8.198904092613711
4929,84.36708519405525,8.238973163481958
4930,1.514590945738493,0.1479092720447747
4931,83.9567779083644,8.198904092613711
4932,1.515298757929704,0.14797839432907264
4933,1.520057629385323,0.14844312786966044
4934,83.56148017806512,8.160300798639172
4935,84.76522525283005,8.277854028596684
4936,85.02476188194754,8.30319940253394
4937,85.18415934150133,8.318765560693489
4938,83.56148017806512,8.160300798639172
4939,85.23392990164103,8.323625966957133
4940,84.28355310890812,8.23081573329181
4941,83.9567779083644,8.198904092613711
4942,84.36131712533233,8.238409875520736
4943,84.28355310890812,8.23081573329181
4944,84.56704356763748,8.258500348402098
4945,85.18415934150133,8.318765560693489
4946,85.19965697177103,8.320279001149515
4947,1.5017345588662612,0.14665376551428333
4948,84.1446629218648,8.21725223846336
4949,85.19965697177103,8.320279001149515
4950,84.8317095725281,8.284346637942196
4951,83.56148017806512,8.160300798639172
4952,1.514590945738493,0.1479092720447747
4953,84.56704356763748,8.258500348402098
4954,1.515298757929704,0.14797839432907264
4955,84.76522525283005,8.277854028596684
4956,83.56148017806512,8.160300798639172
4957,1.520057629385323,0.14844312786966044
4958,83.81911087563785,8.185460046449009
4959,85.39412370603368,8.339269893167351
4960,84.56704356763748,8.258500348402098
4961,1.515298757929704,0.14797839432907264
4962,83.9567779083644,8.198904092613711
4963,84.21093359522516,8.223723983908707
4964,84.8317095725281,8.284346637942196
4965,83.88470500402718,8.19186572304953
4966,1.514590945738493,0.1479092720447747
4967,1.5017345588662612,0.14665376551428333
4968,85.18415934150133,8.318765560693489
4969,84.62459288585667,8.26412039900944
4970,84.76522525283005,8.277854028596684
4971,84.37649927238789,8.23989250706913
4972,84.69742160456961,8.27123257857125
4973,85.18415934150133,8.318765560693489
4974,84.36131712533233,8.238409875520736
4975,84.1446629218648,8.21725223846336
4976,83.56148017806512,8.160300798639172
4977,84.21093359522516,8.223723983908707
4978,84.28355310890812,8.23081573329181
4979,84.56704356763748,8.258500348402098
4980,83.56148017806512,8.160300798639172
4981,84.76522525283005,8.277854028596684
4982,84.36131712533233,8.238409875520736
4983,84.28355310890812,8.23081573329181
4984,85.23392990164103,8.323625966957133
4985,84.69742160456961,8.27123257857125
4986,84.53992958897125,8.255852498922973
4987,84.1446629218648,8.21725223846336
4988,84.62459288585667,8.26412039900944
4989,84.78056515329313,8.279352065751281
4990,84.63987849275809,8.265613134058407
4991,84.8317095725281,8.284346637942196
4992,84.69742160456961,8.27123257857125
4993,84.62459288585667,8.26412039900944
4994,85.39412370603368,8.339269893167351
4995,84.53992958897125,8.255852498922973
4996,84.21093359522516,8.223723983908707
4997,1.5017345588662612,0.14665376551428333
4998,85.02476188194754,8.30319940253394
4999,1.520057629385323,0.14844312786966044
5000,1.5017345588662612,0.14665376551428333
5001,1.4221627406752453,0.13888308014406692
5002,85.18415934150133,8.318765560693489
5003,85.19965697177103,8.320279001149515
5004,1.514590945738493,0.1479092720447747
5005,84.36131712533233,8.238409875520736
5006,85.02476188194754,8.30319940253394
5007,84.63987849275809,8.265613134058407
5008,1.515298757929704,0.14797839432907264
5009,1.514590945738493,0.1479092720447747
5010,84.69742160456961,8.27123257857125
5011,84.36131712533233,8.238409875520736
5012,84.76522525283005,8.277854028596684
5013,84.36708519405525,8.238973163481958
5014,84.37649927238789,8.23989250706913
5015,1.520057629385323,0.14844312786966044
5016,84.53992958897125,8.255852498922973
5017,84.56704356763748,8.258500348402098
5018,84.63987849275809,8.265613134058407
5019,84.53992958897125,8.255852498922973
5020,84.21093359522516,8.223723983908707
5021,85.04020020576866,8.304707051344595
5022,85.04020020576866,8.304707051344595
5023,1.4221627406752453,0.13888308014406692
5024,1.5017345588662612,0.14665376551428333
5025,1.520057629385323,0.14844312786966044
5026,83.88470500402718,8.19186572304953
5027,84.21093359522516,8.223723983908707
5028,85.04020020576866,8.304707051344595
5029,85.02476188194754,8.30319940253394
5030,84.28355310890812,8.23081573329181
5031,84.21093359522516,8.223723983908707
5032,85.19965697177103,8.320279001149515
5033,84.8317095725281,8.284346637942196
5034,84.56704356763748,8.258500348402098
5035,1.4221627406752453,0.13888308014406692
5036,83.9567779083644,8.198904092613711
5037,85.39412370603368,8.339269893167351
5038,1.520057629385323,0.14844312786966044
5039,83.81911087563785,8.185460046449009
5040,84.63987849275809,8.265613134058407
5041,83.9567779083644,8.198904092613711
5042,84.76522525283005,8.277854028596684
5043,84.97307133777325,8.29815149782942
5044,83.9567779083644,8.198904092613711
5045,84.97307133777325,8.29815149782942
5046,84.62459288585667,8.26412039900944
5047,84.97307133777325,8.29815149782942
5048,84.53992958897125,8.255852498922973
5049,84.76522525283005,8.277854028596684
5050,1.514590945738493,0.1479092720447747
5051,84.36708519405525,8.238973163481958
5052,85.23392990164103,8.323625966957133
5053,84.28355310890812,8.23081573329181
5054,84.37649927238789,8.23989250706913
5055,1.5017345588662612,0.14665376551428333
5056,84.8317095725281,8.284346637942196
5057,84.36708519405525,8.238973163481958
5058,85.19965697177103,8.320279001149515
5059,83.81911087563785,8.185460046449009
5060,84.36708519405525,8.238973163481958
5061,85.23392990164103,8.323625966957133
5062,1.515298757929704,0.14797839432907264
5063,83.88470500402718,8.19186572304953
5064,85.19965697177103,8.320279001149515
5065,84.28355310890812,8.23081573329181
5066,1.514590945738493,0.1479092720447747
5067,83.81911087563785,8.185460046449009
5068,85.19965697177103,8.320279001149515
5069,85.23392990164103,8.323625966957133
5070,84.69742160456961,8.27123257857125
5071,1.515298757929704,0.14797839432907264
5072,85.23392990164103,8.323625966957133
5073,84.62459288585667,8.26412039900944
5074,84.53992958897125,8.255852498922973
5075,85.23392990164103,8.323625966957133
5076,84.56704356763748,8.258500348402098
5077,83.56148017806512,8.160300798639172
5078,84.8317095725281,8.284346637942196
5079,1.5017345588662612,0.14665376551428333
5080,84.97307133777325,8.29815149782942
5081,84.62459288585667,8.26412039900944
5082,1.520057629385323,0.14844312786966044
5083,85.02476188194754,8.30319940253394
5084,84.28355310890812,8.23081573329181
5085,84.78056515329313,8.279352065751281
5086,84.56704356763748,8.258500348402098
5087,85.23392990164103,8.323625966957133
5088,83.56148017806512,8.160300798639172
5089,85.39412370603368,8.339269893167351
5090,84.78056515329313,8.279352065751281
5091,1.5017345588662612,0.14665376551428333
5092,1.515298757929704,0.14797839432907264
5093,84.28355310890812,8.23081573329181
5094,84.1446629218648,8.21725223846336
5095,1.515298757929704,0.14797839432907264
5096,85.39412370603368,8.339269893167351
5097,84.36708519405525,8.238973163481958
5098,85.19965697177103,8.320279001149515
5099,84.53992958897125,8.255852498922973
5100,84.56704356763748,8.258500348402098
5101,84.97307133777325,8.29815149782942
5102,83.56148017806512,8.160300798639172
5103,1.5017345588662612,0.14665376551428333
5104,85.02476188194754,8.30319940253394
5105,1.4221627406752453,0.13888308014406692
5106,1.4221627406752453,0.13888308014406692
5107,84.37649927238789,8.23989250706913
5108,84.37649927238789,8.23989250706913
5109,84.37649927238789,8.23989250706913
5110,84.1446629218648,8.21725223846336
5111,84.28355310890812,8.23081573329181
5112,85.19965697177103,8.320279001149515
5113,1.520057629385323,0.14844312786966044
5114,84.78056515329313,8.279352065751281
5115,84.62459288585667,8.26412039900944
5116,83.9567779083644,8.198904092613711
5117,84.36131712533233,8.238409875520736
5118,84.21093359522516,8.223723983908707
5119,85.04020020576866,8.304707051344595
5120,84.76522525283005,8.277854028596684
5121,83.88470500402718,8.19186572304953
5122,84.21093359522516,8.223723983908707
5123,1.4221627406752453,0.13888308014406692
5124,84.36708519405525,8.238973163481958
5125,83.9567779083644,8.198904092613711
5126,1.520057629385323,0.14844312786966044
5127,84.56704356763748,8.258500348402098
5128,84.62459288585667,8.26412039900944
5129,84.69742160456961,8.27123257857125
5130,84.8317095725281,8.284346637942196
5131,84.97307133777325,8.29815149782942
5132,84.56704356763748,8.258500348402098
5133,84.69742160456961,8.27123257857125
5134,85.23392990164103,8.323625966957133
5135,84.76522525283005,8.277854028596684
5136,83.56148017806512,8.160300798639172
5137,83.56148017806512,8.160300798639172
5138,84.97307133777325,8.29815149782942
5139,84.69742160456961,8.27123257857125
5140,84.97307133777325,8.29815149782942
5141,1.4221627406752453,0.13888308014406692
5142,84.69742160456961,8.27123257857125
5143,83.81911087563785,8.185460046449009
5144,1.5017345588662612,0.14665376551428333
5145,84.97307133777325,8.29815149782942
5146,84.78056515329313,8.279352065751281
5147,84.69742160456961,8.27123257857125
5148,85.18415934150133,8.318765560693489
5149,85.02476188194754,8.30319940253394
5150,84.63987849275809,8.265613134058407
5151,85.19965697177103,8.320279001149515
5152,83.56148017806512,8.160300798639172
5153,84.53992958897125,8.255852498922973
5154,84.56704356763748,8.258500348402098
5155,84.1446629218648,8.21725223846336
5156,84.78056515329313,8.279352065751281
5157,85.23392990164103,8.323625966957133
5158,83.9567779083644,8.198904092613711
5159,85.04020020576866,8.304707051344595
5160,85.39412370603368,8.339269893167351
5161,84.1446629218648,8.21725223846336
5162,84.53992958897125,8.255852498922973
5163,84.62459288585667,8.26412039900944
5164,84.69742160456961,8.27123257857125
5165,83.9567779083644,8.198904092613711
5166,83.88470500402718,8.19186572304953
5167,85.39412370603368,8.339269893167351
5168,84.53992958897125,8.255852498922973
5169,84.36708519405525,8.238973163481958
5170,1.5017345588662612,0.14665376551428333
5171,85.18415934150133,8.318765560693489
5172,85.23392990164103,8.323625966957133
5173,1.5017345588662612,0.14665376551428333
5174,1.515298757929704,0.14797839432907264
5175,1.5017345588662612,0.14665376551428333
5176,1.515298757929704,0.14797839432907264
5177,84.8317095725281,8.284346637942196
5178,1.515298757929704,0.14797839432907264
5179,83.88470500402718,8.19186572304953
5180,1.4221627406752453,0.13888308014406692
5181,1.520057629385323,0.14844312786966044
5182,1.514590945738493,0.1479092720447747
5183,85.02476188194754,8.30319940253394
5184,1.520057629385323,0.14844312786966044
5185,84.78056515329313,8.279352065751281
5186,84.63987849275809,8.265613134058407
5187,1.520057629385323,0.14844312786966044
5188,84.37649927238789,8.23989250706913
5189,85.23392990164103,8.323625966957133
5190,84.63987849275809,8.265613134058407
5191,1.520057629385323,0.14844312786966044
5192,84.97307133777325,8.29815149782942
5193,84.97307133777325,8.29815149782942
5194,1.514590945738493,0.1479092720447747
5195,85.39412370603368,8.339269893167351
5196,84.97307133777325,8.29815149782942
5197,1.514590945738493,0.1479092720447747
5198,84.56704356763748,8.258500348402098
5199,85.04020020576866,8.304707051344595
5200,83.9567779083644,8.198904092613711
5201,1.520057629385323,0.14844312786966044
5202,1.4221627406752453,0.13888308014406692
5203,84.78056515329313,8.279352065751281
5204,84.37649927238789,8.23989250706913
5205,1.5017345588662612,0.14665376551428333
5206,85.39412370603368,8.339269893167351
5207,85.02476188194754,8.30319940253394
5208,1.515298757929704,0.14797839432907264
5209,84.36708519405525,8.238973163481958
5210,84.36131712533233,8.238409875520736
5211,84.78056515329313,8.279352065751281
5212,85.39412370603368,8.339269893167351
5213,85.39412370603368,8.339269893167351
5214,1.4221627406752453,0.13888308014406692
5215,84.63987849275809,8.265613134058407
5216,84.21093359522516,8.223723983908707
5217,85.02476188194754,8.30319940253394
5218,83.9567779083644,8.198904092613711
5219,84.28355310890812,8.23081573329181
5220,84.62459288585667,8.26412039900944
5221,84.62459288585667,8.26412039900944
5222,85.19965697177103,8.320279001149515
5223,84.56704356763748,8.258500348402098
5224,83.9567779083644,8.198904092613711
5225,83.9567779083644,8.198904092613711
5226,83.81911087563785,8.185460046449009
5227,1.4221627406752453,0.13888308014406692
5228,1.514590945738493,0.1479092720447747
5229,84.36708519405525,8.238973163481958
5230,84.53992958897125,8.255852498922973
5231,84.37649927238789,8.23989250706913
5232,84.36708519405525,8.238973163481958
5233,1.4221627406752453,0.13888308014406692
5234,83.56148017806512,8.160300798639172
5235,84.63987849275809,8.265613134058407
5236,83.81911087563785,8.185460046449009
5237,1.514590945738493,0.1479092720447747
5238,84.1446629218648,8.21725223846336
5239,1.5017345588662612,0.14665376551428333
5240,85.18415934150133,8.318765560693489
5241,84.53992958897125,8.255852498922973
5242,84.56704356763748,8.258500348402098
5243,84.28355310890812,8.23081573329181
5244,84.36708519405525,8.238973163481958
5245,1.520057629385323,0.14844312786966044
5246,85.02476188194754,8.30319940253394
5247,84.36708519405525,8.238973163481958
5248,84.1446629218648,8.21725223846336
5249,1.514590945738493,0.1479092720447747
5250,84.97307133777325,8.29815149782942
5251,85.23392990164103,8.323625966957133
5252,84.76522525283005,8.277854028596684
5253,84.28355310890812,8.23081573329181
5254,84.1446629218648,8.21725223846336
5255,84.76522525283005,8.277854028596684
5256,84.21093359522516,8.223723983908707
5257,84.28355310890812,8.23081573329181
5258,1.5017345588662612,0.14665376551428333
5259,84.97307133777325,8.29815149782942
5260,85.02476188194754,8.30319940253394
5261,1.515298757929704,0.14797839432907264
5262,84.1446629218648,8.21725223846336
5263,85.39412370603368,8.339269893167351
5264,84.28355310890812,8.23081573329181
5265,1.4221627406752453,0.13888308014406692
5266,85.39412370603368,8.339269893167351
5267,85.39412370603368,8.339269893167351
5268,84.21093359522516,8.223723983908707
5269,84.63987849275809,8.265613134058407
5270,84.8317095725281,8.284346637942196
5271,1.515298757929704,0.14797839432907264
5272,84.63987849275809,8.265613134058407
5273,1.515298757929704,0.14797839432907264
5274,84.76522525283005,8.277854028596684
5275,84.56704356763748,8.258500348402098
5276,84.1446629218648,8.21725223846336
5277,84.63987849275809,8.265613134058407
5278,84.36708519405525,8.238973163481958
5279,85.23392990164103,8.323625966957133
5280,85.19965697177103,8.320279001149515
5281,1.4221627406752453,0.13888308014406692
5282,83.81911087563785,8.185460046449009
5283,84.76522525283005,8.277854028596684
5284,83.88470500402718,8.19186572304953
5285,1.5017345588662612,0.14665376551428333
5286,84.76522525283005,8.277854028596684
5287,83.88470500402718,8.19186572304953
5288,1.4221627406752453,0.13888308014406692
5289,83.9567779083644,8.198904092613711
5290,85.39412370603368,8.339269893167351
5291,84.8317095725281,8.284346637942196
5292,84.28355310890812,8.23081573329181
5293,84.21093359522516,8.223723983908707
5294,1.515298757929704,0.14797839432907264
5295,84.53992958897125,8.255852498922973
5296,84.8317095725281,8.284346637942196
5297,84.69742160456961,8.27123257857125
5298,84.63987849275809,8.265613134058407
5299,85.04020020576866,8.304707051344595
5300,1.515298757929704,0.14797839432907264
5301,1.515298757929704,0.14797839432907264
5302,85.18415934150133,8.318765560693489
5303,84.76522525283005,8.277854028596684
5304,83.56148017806512,8.160300798639172
5305,84.53992958897125,8.255852498922973
5306,83.88470500402718,8.19186572304953
5307,84.8317095725281,8.284346637942196
5308,84.69742160456961,8.27123257857125
5309,84.21093359522516,8.223723983908707
5310,85.18415934150133,8.318765560693489
5311,84.28355310890812,8.23081573329181
5312,84.76522525283005,8.277854028596684
5313,84.78056515329313,8.279352065751281
5314,1.514590945738493,0.1479092720447747
5315,84.1446629218648,8.21725223846336
5316,85.04020020576866,8.304707051344595
5317,83.56148017806512,8.160300798639172
5318,84.36708519405525,8.238973163481958
5319,85.39412370603368,8.339269893167351
5320,84.36131712533233,8.238409875520736
5321,84.21093359522516,8.223723983908707
5322,85.18415934150133,8.318765560693489
5323,85.23392990164103,8.323625966957133
5324,84.56704356763748,8.258500348402098
5325,1.514590945738493,0.1479092720447747
5326,84.78056515329313,8.279352065751281
5327,1.515298757929704,0.14797839432907264
5328,84.76522525283005,8.277854028596684
5329,84.78056515329313,8.279352065751281
5330,83.56148017806512,8.160300798639172
5331,84.69742160456961,8.27123257857125
5332,84.62459288585667,8.26412039900944
5333,84.8317095725281,8.284346637942196
5334,84.8317095725281,8.284346637942196
5335,84.28355310890812,8.23081573329181
5336,84.76522525283005,8.277854028596684
5337,1.514590945738493,0.1479092720447747
5338,84.36708519405525,8.238973163481958
5339,85.04020020576866,8.304707051344595
5340,1.520057629385323,0.14844312786966044
5341,83.81911087563785,8.185460046449009
5342,1.514590945738493,0.1479092720447747
5343,1.515298757929704,0.14797839432907264
5344,85.39412370603368,8.339269893167351
5345,1.4221627406752453,0.13888308014406692
5346,83.56148017806512,8.160300798639172
5347,84.53992958897125,8.255852498922973
5348,84.56704356763748,8.258500348402098
5349,85.02476188194754,8.30319940253394
5350,1.4221627406752453,0.13888308014406692
5351,1.520057629385323,0.14844312786966044
5352,84.28355310890812,8.23081573329181
5353,84.1446629218648,8.21725223846336
5354,1.520057629385323,0.14844312786966044
5355,84.56704356763748,8.258500348402098
5356,85.39412370603368,8.339269893167351
5357,85.19965697177103,8.320279001149515
5358,1.4221627406752453,0.13888308014406692
5359,84.63987849275809,8.265613134058407
5360,83.56148017806512,8.160300798639172
5361,84.56704356763748,8.258500348402098
5362,84.97307133777325,8.29815149782942
5363,85.39412370603368,8.339269893167351
5364,84.28355310890812,8.23081573329181
5365,84.56704356763748,8.258500348402098
5366,1.520057629385323,0.14844312786966044
5367,83.56148017806512,8.160300798639172
5368,84.21093359522516,8.223723983908707
5369,1.4221627406752453,0.13888308014406692
5370,1.4221627406752453,0.13888308014406692
5371,1.4221627406752453,0.13888308014406692
5372,84.76522525283005,8.277854028596684
5373,85.04020020576866,8.304707051344595
5374,85.18415934150133,8.318765560693489
5375,83.88470500402718,8.19186572304953
5376,84.37649927238789,8.23989250706913
5377,84.21093359522516,8.223723983908707
5378,84.36708519405525,8.238973163481958
5379,84.1446629218648,8.21725223846336
5380,84.78056515329313,8.279352065751281
5381,84.62459288585667,8.26412039900944
5382,84.36708519405525,8.238973163481958
5383,1.4221627406752453,0.13888308014406692
5384,84.76522525283005,8.277854028596684
5385,84.8317095725281,8.284346637942196
5386,84.37649927238789,8.23989250706913
5387,84.69742160456961,8.27123257857125
5388,84.53992958897125,8.255852498922973
5389,1.5017345588662612,0.14665376551428333
5390,84.21093359522516,8.223723983908707
5391,85.02476188194754,8.30319940253394
5392,1.514590945738493,0.1479092720447747
5393,84.62459288585667,8.26412039900944
5394,84.53992958897125,8.255852498922973
5395,1.5017345588662612,0.14665376551428333
5396,84.37649927238789,8.23989250706913
5397,1.515298757929704,0.14797839432907264
5398,83.88470500402718,8.19186572304953
5399,84.62459288585667,8.26412039900944
5400,84.37649927238789,8.23989250706913
5401,84.78056515329313,8.279352065751281
5402,1.514590945738493,0.1479092720447747
5403,83.56148017806512,8.160300798639172
5404,84.62459288585667,8.26412039900944
5405,84.63987849275809,8.265613134058407
5406,84.37649927238789,8.23989250706913
5407,84.62459288585667,8.26412039900944
5408,83.56148017806512,8.160300798639172
5409,84.78056515329313,8.279352065751281
5410,84.28355310890812,8.23081573329181
5411,84.21093359522516,8.223723983908707
5412,85.39412370603368,8.339269893167351
5413,84.97307133777325,8.29815149782942
5414,85.19965697177103,8.320279001149515
5415,85.04020020576866,8.304707051344595
5416,84.1446629218648,8.21725223846336
5417,84.63987849275809,8.265613134058407
5418,84.21093359522516,8.223723983908707
5419,1.515298757929704,0.14797839432907264
5420,85.19965697177103,8.320279001149515
5421,84.36131712533233,8.238409875520736
5422,84.62459288585667,8.26412039900944
5423,83.81911087563785,8.185460046449009
5424,83.9567779083644,8.198904092613711
5425,84.56704356763748,8.258500348402098
5426,84.28355310890812,8.23081573329181
5427,84.28355310890812,8.23081573329181
5428,84.62459288585667,8.26412039900944
5429,84.37649927238789,8.23989250706913
5430,85.02476188194754,8.30319940253394
5431,84.1446629218648,8.21725223846336
5432,1.4221627406752453,0.13888308014406692
5433,84.37649927238789,8.23989250706913
5434,84.53992958897125,8.255852498922973
5435,84.28355310890812,8.23081573329181
5436,1.520057629385323,0.14844312786966044
5437,1.520057629385323,0.14844312786966044
5438,84.28355310890812,8.23081573329181
5439,83.81911087563785,8.185460046449009
5440,83.56148017806512,8.160300798639172
5441,84.28355310890812,8.23081573329181
5442,1.4221627406752453,0.13888308014406692
5443,85.18415934150133,8.318765560693489
5444,84.28355310890812,8.23081573329181
5445,84.36708519405525,8.238973163481958
5446,84.53992958897125,8.255852498922973
5447,84.62459288585667,8.26412039900944
5448,85.04020020576866,8.304707051344595
5449,84.1446629218648,8.21725223846336
5450,85.04020020576866,8.304707051344595
5451,1.520057629385323,0.14844312786966044
5452,1.515298757929704,0.14797839432907264
5453,84.28355310890812,8.23081573329181
5454,1.5017345588662612,0.14665376551428333
5455,85.23392990164103,8.323625966957133
5456,84.78056515329313,8.279352065751281
5457,84.97307133777325,8.29815149782942
5458,83.9567779083644,8.198904092613711
5459,84.36708519405525,8.238973163481958
5460,84.62459288585667,8.26412039900944
5461,84.62459288585667,8.26412039900944
5462,84.97307133777325,8.29815149782942
5463,1.514590945738493,0.1479092720447747
5464,85.23392990164103,8.323625966957133
5465,1.514590945738493,0.1479092720447747
5466,84.97307133777325,8.29815149782942
5467,84.53992958897125,8.255852498922973
5468,84.63987849275809,8.265613134058407
5469,84.37649927238789,8.23989250706913
5470,1.4221627406752453,0.13888308014406692
5471,84.78056515329313,8.279352065751281
5472,84.78056515329313,8.279352065751281
5473,1.515298757929704,0.14797839432907264
5474,83.88470500402718,8.19186572304953
5475,84.53992958897125,8.255852498922973
5476,83.88470500402718,8.19186572304953
5477,1.515298757929704,0.14797839432907264
5478,84.1446629218648,8.21725223846336
5479,85.02476188194754,8.30319940253394
5480,85.02476188194754,8.30319940253394
5481,85.19965697177103,8.320279001149515
5482,84.53992958897125,8.255852498922973
5483,85.04020020576866,8.304707051344595
5484,83.9567779083644,8.198904092613711
5485,84.63987849275809,8.265613134058407
5486,85.39412370603368,8.339269893167351
5487,84.97307133777325,8.29815149782942
5488,85.39412370603368,8.339269893167351
5489,85.19965697177103,8.320279001149515
5490,1.515298757929704,0.14797839432907264
5491,1.515298757929704,0.14797839432907264
5492,84.37649927238789,8.23989250706913
5493,84.97307133777325,8.29815149782942
5494,84.28355310890812,8.23081573329181
5495,84.56704356763748,8.258500348402098
5496,84.63987849275809,8.265613134058407
5497,1.514590945738493,0.1479092720447747
5498,84.78056515329313,8.279352065751281
5499,1.515298757929704,0.14797839432907264
5500,1.515298757929704,0.14797839432907264
5501,85.19965697177103,8.320279001149515
5502,84.21093359522516,8.223723983908707
5503,85.39412370603368,8.339269893167351
5504,85.19965697177103,8.320279001149515
5505,84.53992958897125,8.255852498922973
5506,1.4221627406752453,0.13888308014406692
5507,1.520057629385323,0.14844312786966044
5508,1.520057629385323,0.14844312786966044
5509,84.36131712533233,8.238409875520736
5510,1.514590945738493,0.1479092720447747
5511,84.97307133777325,8.29815149782942
5512,83.81911087563785,8.185460046449009
5513,1.515298757929704,0.14797839432907264
5514,84.8317095725281,8.284346637942196
5515,84.78056515329313,8.279352065751281
5516,84.76522525283005,8.277854028596684
5517,84.76522525283005,8.277854028596684
5518,84.21093359522516,8.223723983908707
5519,1.514590945738493,0.1479092720447747
5520,84.53992958897125,8.255852498922973
5521,84.63987849275809,8.265613134058407
5522,84.37649927238789,8.23989250706913
5523,1.4221627406752453,0.13888308014406692
5524,83.88470500402718,8.19186572304953
5525,85.02476188194754,8.30319940253394
5526,83.56148017806512,8.160300798639172
5527,85.23392990164103,8.323625966957133
5528,84.28355310890812,8.23081573329181
5529,84.21093359522516,8.223723983908707
5530,84.21093359522516,8.223723983908707
5531,84.37649927238789,8.23989250706913
5532,84.21093359522516,8.223723983908707
5533,84.53992958897125,8.255852498922973
5534,84.1446629218648,8.21725223846336
5535,1.520057629385323,0.14844312786966044
5536,84.28355310890812,8.23081573329181
5537,1.4221627406752453,0.13888308014406692
5538,85.02476188194754,8.30319940253394
5539,84.56704356763748,8.258500348402098
5540,1.515298757929704,0.14797839432907264
5541,84.56704356763748,8.258500348402098
5542,1.515298757929704,0.14797839432907264
5543,84.56704356763748,8.258500348402098
5544,84.21093359522516,8.223723983908707
5545,84.8317095725281,8.284346637942196
5546,1.515298757929704,0.14797839432907264
5547,84.36708519405525,8.238973163481958
5548,1.5017345588662612,0.14665376551428333
5549,84.56704356763748,8.258500348402098
5550,1.514590945738493,0.1479092720447747
5551,1.520057629385323,0.14844312786966044
5552,85.39412370603368,8.339269893167351
5553,84.56704356763748,8.258500348402098
5554,1.515298757929704,0.14797839432907264
5555,84.21093359522516,8.223723983908707
5556,1.515298757929704,0.14797839432907264
5557,1.4221627406752453,0.13888308014406692
5558,83.9567779083644,8.198904092613711
5559,84.69742160456961,8.27123257857125
5560,84.97307133777325,8.29815149782942
5561,84.69742160456961,8.27123257857125
5562,83.9567779083644,8.198904092613711
5563,84.8317095725281,8.284346637942196
5564,85.04020020576866,8.304707051344595
5565,84.37649927238789,8.23989250706913
5566,1.514590945738493,0.1479092720447747
5567,85.04020020576866,8.304707051344595
5568,84.53992958897125,8.255852498922973
5569,84.37649927238789,8.23989250706913
5570,84.36131712533233,8.238409875520736
5571,84.37649927238789,8.23989250706913
5572,84.28355310890812,8.23081573329181
5573,85.18415934150133,8.318765560693489
5574,84.63987849275809,8.265613134058407
5575,1.515298757929704,0.14797839432907264
5576,1.5017345588662612,0.14665376551428333
5577,84.8317095725281,8.284346637942196
5578,83.9567779083644,8.198904092613711
5579,85.39412370603368,8.339269893167351
5580,85.19965697177103,8.320279001149515
5581,1.514590945738493,0.1479092720447747
5582,84.53992958897125,8.255852498922973
5583,84.37649927238789,8.23989250706913
5584,84.37649927238789,8.23989250706913
5585,1.515298757929704,0.14797839432907264
5586,83.81911087563785,8.185460046449009
5587,85.02476188194754,8.30319940253394
5588,84.21093359522516,8.223723983908707
5589,1.5017345588662612,0.14665376551428333
5590,84.56704356763748,8.258500348402098
5591,85.39412370603368,8.339269893167351
5592,84.69742160456961,8.27123257857125
5593,1.4221627406752453,0.13888308014406692
5594,83.81911087563785,8.185460046449009
5595,84.1446629218648,8.21725223846336
5596,83.81911087563785,8.185460046449009
5597,84.76522525283005,8.277854028596684
5598,85.23392990164103,8.323625966957133
5599,83.88470500402718,8.19186572304953
5600,83.56148017806512,8.160300798639172
5601,84.36131712533233,8.238409875520736
5602,84.53992958897125,8.255852498922973
5603,1.4221627406752453,0.13888308014406692
5604,83.88470500402718,8.19186572304953
5605,1.514590945738493,0.1479092720447747
5606,85.23392990164103,8.323625966957133
5607,84.97307133777325,8.29815149782942
5608,84.78056515329313,8.279352065751281
5609,84.36708519405525,8.238973163481958
5610,85.19965697177103,8.320279001149515
5611,1.5017345588662612,0.14665376551428333
5612,1.4221627406752453,0.13888308014406692
5613,85.39412370603368,8.339269893167351
5614,84.28355310890812,8.23081573329181
5615,1.520057629385323,0.14844312786966044
5616,83.56148017806512,8.160300798639172
5617,84.69742160456961,8.27123257857125
5618,84.1446629218648,8.21725223846336
5619,85.23392990164103,8.323625966957133
5620,84.63987849275809,8.265613134058407
5621,85.19965697177103,8.320279001149515
5622,1.515298757929704,0.14797839432907264
5623,84.78056515329313,8.279352065751281
5624,1.520057629385323,0.14844312786966044
5625,1.515298757929704,0.14797839432907264
5626,84.36708519405525,8.238973163481958
5627,84.56704356763748,8.258500348402098
5628,1.514590945738493,0.1479092720447747
5629,83.56148017806512,8.160300798639172
5630,84.76522525283005,8.277854028596684
5631,1.5017345588662612,0.14665376551428333
5632,84.36708519405525,8.238973163481958
5633,84.21093359522516,8.223723983908707
5634,85.39412370603368,8.339269893167351
5635,84.78056515329313,8.279352065751281
5636,1.514590945738493,0.1479092720447747
5637,84.97307133777325,8.29815149782942
5638,85.18415934150133,8.318765560693489
5639,84.8317095725281,8.284346637942196
5640,83.9567779083644,8.198904092613711
5641,85.23392990164103,8.323625966957133
5642,85.02476188194754,8.30319940253394
5643,84.76522525283005,8.277854028596684
5644,1.515298757929704,0.14797839432907264
5645,84.56704356763748,8.258500348402098
5646,84.63987849275809,8.265613134058407
5647,84.78056515329313,8.279352065751281
5648,1.5017345588662612,0.14665376551428333
5649,83.88470500402718,8.19186572304953
5650,84.78056515329313,8.279352065751281
5651,83.81911087563785,8.185460046449009
5652,84.56704356763748,8.258500348402098
5653,1.4221627406752453,0.13888308014406692
5654,85.19965697177103,8.320279001149515
5655,85.04020020576866,8.304707051344595
5656,84.62459288585667,8.26412039900944
5657,84.97307133777325,8.29815149782942
5658,83.56148017806512,8.160300798639172
5659,84.36131712533233,8.238409875520736
5660,83.56148017806512,8.160300798639172
5661,83.56148017806512,8.160300798639172
5662,84.76522525283005,8.277854028596684
5663,84.53992958897125,8.255852498922973
5664,84.37649927238789,8.23989250706913
5665,84.97307133777325,8.29815149782942
5666,85.04020020576866,8.304707051344595
5667,84.62459288585667,8.26412039900944
5668,1.515298757929704,0.14797839432907264
5669,85.19965697177103,8.320279001149515
5670,85.02476188194754,8.30319940253394
5671,1.5017345588662612,0.14665376551428333
5672,1.5017345588662612,0.14665376551428333
5673,84.97307133777325,8.29815149782942
5674,84.62459288585667,8.26412039900944
5675,1.5017345588662612,0.14665376551428333
5676,1.520057629385323,0.14844312786966044
5677,85.39412370603368,8.339269893167351
5678,84.76522525283005,8.277854028596684
5679,84.56704356763748,8.258500348402098
5680,84.63987849275809,8.265613134058407
5681,83.88470500402718,8.19186572304953
5682,84.56704356763748,8.258500348402098
5683,84.37649927238789,8.23989250706913
5684,84.76522525283005,8.277854028596684
5685,84.36708519405525,8.238973163481958
5686,84.37649927238789,8.23989250706913
5687,1.514590945738493,0.1479092720447747
5688,84.53992958897125,8.255852498922973
5689,83.56148017806512,8.160300798639172
5690,84.8317095725281,8.284346637942196
5691,84.56704356763748,8.258500348402098
5692,83.9567779083644,8.198904092613711
5693,83.9567779083644,8.198904092613711
5694,84.78056515329313,8.279352065751281
5695,1.515298757929704,0.14797839432907264
5696,85.04020020576866,8.304707051344595
5697,85.39412370603368,8.339269893167351
5698,83.81911087563785,8.185460046449009
5699,84.62459288585667,8.26412039900944
5700,84.37649927238789,8.23989250706913
5701,84.21093359522516,8.223723983908707
5702,85.02476188194754,8.30319940253394
5703,84.76522525283005,8.277854028596684
5704,1.520057629385323,0.14844312786966044
5705,83.56148017806512,8.160300798639172
5706,83.88470500402718,8.19186572304953
5707,1.514590945738493,0.1479092720447747
5708,83.56148017806512,8.160300798639172
5709,85.39412370603368,8.339269893167351
5710,85.23392990164103,8.323625966957133
5711,85.19965697177103,8.320279001149515
5712,83.81911087563785,8.185460046449009
5713,83.88470500402718,8.19186572304953
5714,84.21093359522516,8.223723983908707
5715,84.63987849275809,8.265613134058407
5716,1.514590945738493,0.1479092720447747
5717,1.4221627406752453,0.13888308014406692
5718,84.62459288585667,8.26412039900944
5719,84.78056515329313,8.279352065751281
5720,85.19965697177103,8.320279001149515
5721,83.88470500402718,8.19186572304953
5722,83.81911087563785,8.185460046449009
5723,1.520057629385323,0.14844312786966044
5724,85.02476188194754,8.30319940253394
5725,85.04020020576866,8.304707051344595
5726,84.8317095725281,8.284346637942196
5727,84.97307133777325,8.29815149782942
5728,84.76522525283005,8.277854028596684
5729,84.36708519405525,8.238973163481958
5730,85.02476188194754,8.30319940253394
5731,84.53992958897125,8.255852498922973
5732,84.1446629218648,8.21725223846336
5733,1.5017345588662612,0.14665376551428333
5734,84.8317095725281,8.284346637942196
5735,1.5017345588662612,0.14665376551428333
5736,83.88470500402718,8.19186572304953
5737,84.62459288585667,8.26412039900944
5738,84.28355310890812,8.23081573329181
5739,85.19965697177103,8.320279001149515
5740,84.78056515329313,8.279352065751281
5741,84.1446629218648,8.21725223846336
5742,84.36131712533233,8.238409875520736
5743,83.88470500402718,8.19186572304953
5744,85.18415934150133,8.318765560693489
5745,84.53992958897125,8.255852498922973
5746,85.18415934150133,8.318765560693489
5747,83.56148017806512,8.160300798639172
5748,83.9567779083644,8.198904092613711
5749,84.37649927238789,8.23989250706913
5750,1.514590945738493,0.1479092720447747
5751,84.8317095725281,8.284346637942196
5752,83.56148017806512,8.160300798639172
5753,85.02476188194754,8.30319940253394
5754,85.39412370603368,8.339269893167351
5755,83.9567779083644,8.198904092613711
5756,83.9567779083644,8.198904092613711
5757,84.28355310890812,8.23081573329181
5758,84.36131712533233,8.238409875520736
5759,85.39412370603368,8.339269893167351
5760,1.5017345588662612,0.14665376551428333
5761,1.515298757929704,0.14797839432907264
5762,1.515298757929704,0.14797839432907264
5763,1.4221627406752453,0.13888308014406692
5764,84.97307133777325,8.29815149782942
5765,84.69742160456961,8.27123257857125
5766,83.88470500402718,8.19186572304953
5767,1.515298757929704,0.14797839432907264
5768,84.1446629218648,8.21725223846336
5769,85.39412370603368,8.339269893167351
5770,84.1446629218648,8.21725223846336
5771,83.9567779083644,8.198904092613711
5772,84.36708519405525,8.238973163481958
5773,84.97307133777325,8.29815149782942
5774,85.02476188194754,8.30319940253394
5775,1.4221627406752453,0.13888308014406692
5776,83.56148017806512,8.160300798639172
5777,84.21093359522516,8.223723983908707
5778,84.97307133777325,8.29815149782942
5779,1.4221627406752453,0.13888308014406692
5780,84.97307133777325,8.29815149782942
5781,84.53992958897125,8.255852498922973
5782,84.63987849275809,8.265613134058407
5783,85.39412370603368,8.339269893167351
5784,84.69742160456961,8.27123257857125
5785,85.39412370603368,8.339269893167351
5786,84.37649927238789,8.23989250706913
5787,83.88470500402718,8.19186572304953
5788,84.8317095725281,8.284346637942196
5789,84.21093359522516,8.223723983908707
5790,85.02476188194754,8.30319940253394
5791,84.69742160456961,8.27123257857125
5792,84.36708519405525,8.238973163481958
5793,1.515298757929704,0.14797839432907264
5794,83.81911087563785,8.185460046449009
5795,84.62459288585667,8.26412039900944
5796,84.36131712533233,8.238409875520736
5797,83.9567779083644,8.198904092613711
5798,84.53992958897125,8.255852498922973
5799,1.5017345588662612,0.14665376551428333
5800,83.9567779083644,8.198904092613711
5801,84.1446629218648,8.21725223846336
5802,84.53992958897125,8.255852498922973
5803,84.62459288585667,8.26412039900944
5804,84.36131712533233,8.238409875520736
5805,1.520057629385323,0.14844312786966044
5806,83.56148017806512,8.160300798639172
5807,84.28355310890812,8.23081573329181
5808,84.21093359522516,8.223723983908707
5809,85.18415934150133,8.318765560693489
5810,84.36131712533233,8.238409875520736
5811,84.78056515329313,8.279352065751281
5812,84.62459288585667,8.26412039900944
5813,1.514590945738493,0.1479092720447747
5814,1.5017345588662612,0.14665376551428333
5815,1.5017345588662612,0.14665376551428333
5816,85.23392990164103,8.323625966957133
5817,84.76522525283005,8.277854028596684
5818,84.69742160456961,8.27123257857125
5819,83.9567779083644,8.198904092613711
5820,1.5017345588662612,0.14665376551428333
5821,85.19965697177103,8.320279001149515
5822,83.81911087563785,8.185460046449009
5823,84.56704356763748,8.258500348402098
5824,84.53992958897125,8.255852498922973
5825,84.28355310890812,8.23081573329181
5826,85.18415934150133,8.318765560693489
5827,1.5017345588662612,0.14665376551428333
5828,84.36131712533233,8.238409875520736
5829,85.23392990164103,8.323625966957133
5830,1.520057629385323,0.14844312786966044
5831,84.21093359522516,8.223723983908707
5832,84.1446629218648,8.21725223846336
5833,84.28355310890812,8.23081573329181
5834,1.515298757929704,0.14797839432907264
5835,84.53992958897125,8.255852498922973
5836,85.04020020576866,8.304707051344595
5837,84.36708519405525,8.238973163481958
5838,85.18415934150133,8.318765560693489
5839,84.1446629218648,8.21725223846336
5840,84.36708519405525,8.238973163481958
5841,1.520057629385323,0.14844312786966044
5842,84.28355310890812,8.23081573329181
5843,83.88470500402718,8.19186572304953
5844,84.56704356763748,8.258500348402098
5845,1.5017345588662612,0.14665376551428333
5846,84.56704356763748,8.258500348402098
5847,85.02476188194754,8.30319940253394
5848,84.78056515329313,8.279352065751281
5849,84.76522525283005,8.277854028596684
5850,83.56148017806512,8.160300798639172
5851,84.28355310890812,8.23081573329181
5852,84.53992958897125,8.255852498922973
5853,84.78056515329313,8.279352065751281
5854,1.514590945738493,0.1479092720447747
5855,84.63987849275809,8.265613134058407
5856,84.8317095725281,8.284346637942196
5857,84.76522525283005,8.277854028596684
5858,84.1446629218648,8.21725223846336
5859,1.520057629385323,0.14844312786966044
5860,84.53992958897125,8.255852498922973
5861,85.39412370603368,8.339269893167351
5862,1.514590945738493,0.1479092720447747
5863,83.9567779083644,8.198904092613711
5864,84.53992958897125,8.255852498922973
5865,83.56148017806512,8.160300798639172
5866,84.36708519405525,8.238973163481958
5867,84.1446629218648,8.21725223846336
5868,83.88470500402718,8.19186572304953
5869,83.56148017806512,8.160300798639172
5870,85.18415934150133,8.318765560693489
5871,84.21093359522516,8.223723983908707
5872,83.81911087563785,8.185460046449009
5873,84.69742160456961,8.27123257857125
5874,85.39412370603368,8.339269893167351
5875,84.76522525283005,8.277854028596684
5876,1.4221627406752453,0.13888308014406692
5877,1.514590945738493,0.1479092720447747
5878,85.23392990164103,8.323625966957133
5879,83.9567779083644,8.198904092613711
5880,84.78056515329313,8.279352065751281
5881,84.69742160456961,8.27123257857125
5882,85.18415934150133,8.318765560693489
5883,84.56704356763748,8.258500348402098
5884,84.8317095725281,8.284346637942196
5885,84.78056515329313,8.279352065751281
5886,1.5017345588662612,0.14665376551428333
5887,85.19965697177103,8.320279001149515
5888,1.5017345588662612,0.14665376551428333
5889,1.514590945738493,0.1479092720447747
5890,84.53992958897125,8.255852498922973
5891,84.78056515329313,8.279352065751281
5892,84.76522525283005,8.277854028596684
5893,84.53992958897125,8.255852498922973
5894,83.56148017806512,8.160300798639172
5895,84.36131712533233,8.238409875520736
5896,84.36131712533233,8.238409875520736
5897,85.18415934150133,8.318765560693489
5898,84.76522525283005,8.277854028596684
5899,84.56704356763748,8.258500348402098
5900,85.02476188194754,8.30319940253394
5901,1.515298757929704,0.14797839432907264
5902,83.56148017806512,8.160300798639172
5903,1.4221627406752453,0.13888308014406692
5904,84.36708519405525,8.238973163481958
5905,84.63987849275809,8.265613134058407
5906,1.514590945738493,0.1479092720447747
5907,1.5017345588662612,0.14665376551428333
5908,1.4221627406752453,0.13888308014406692
5909,1.514590945738493,0.1479092720447747
5910,1.4221627406752453,0.13888308014406692
5911,84.1446629218648,8.21725223846336
5912,84.53992958897125,8.255852498922973
5913,85.18415934150133,8.318765560693489
5914,83.88470500402718,8.19186572304953
5915,85.23392990164103,8.323625966957133
5916,85.04020020576866,8.304707051344595
5917,84.21093359522516,8.223723983908707
5918,84.53992958897125,8.255852498922973
5919,84.62459288585667,8.26412039900944
5920,84.69742160456961,8.27123257857125
5921,83.81911087563785,8.185460046449009
5922,84.76522525283005,8.277854028596684
5923,85.02476188194754,8.30319940253394
5924,1.514590945738493,0.1479092720447747
5925,83.81911087563785,8.185460046449009
5926,85.04020020576866,8.304707051344595
5927,85.18415934150133,8.318765560693489
5928,1.4221627406752453,0.13888308014406692
5929,1.515298757929704,0.14797839432907264
5930,85.02476188194754,8.30319940253394
5931,83.9567779083644,8.198904092613711
5932,83.88470500402718,8.19186572304953
5933,84.36708519405525,8.238973163481958
5934,84.62459288585667,8.26412039900944
5935,84.36708519405525,8.238973163481958
5936,84.78056515329313,8.279352065751281
5937,85.19965697177103,8.320279001149515
5938,84.21093359522516,8.223723983908707
5939,85.04020020576866,8.304707051344595
5940,85.18415934150133,8.318765560693489
5941,1.5017345588662612,0.14665376551428333
5942,84.1446629218648,8.21725223846336
5943,83.88470500402718,8.19186572304953
5944,85.19965697177103,8.320279001149515
5945,85.39412370603368,8.339269893167351
5946,83.88470500402718,8.19186572304953
5947,84.78056515329313,8.279352065751281
5948,1.514590945738493,0.1479092720447747
5949,83.56148017806512,8.160300798639172
5950,84.21093359522516,8.223723983908707
5951,1.5017345588662612,0.14665376551428333
5952,85.04020020576866,8.304707051344595
5953,83.88470500402718,8.19186572304953
5954,1.515298757929704,0.14797839432907264
5955,84.62459288585667,8.26412039900944
5956,85.02476188194754,8.30319940253394
5957,84.97307133777325,8.29815149782942
5958,84.56704356763748,8.258500348402098
5959,1.5017345588662612,0.14665376551428333
5960,84.97307133777325,8.29815149782942
5961,85.18415934150133,8.318765560693489
5962,83.88470500402718,8.19186572304953
5963,1.4221627406752453,0.13888308014406692
5964,84.37649927238789,8.23989250706913
5965,83.9567779083644,8.198904092613711
5966,84.36131712533233,8.238409875520736
5967,85.02476188194754,8.30319940253394
5968,83.56148017806512,8.160300798639172
5969,84.78056515329313,8.279352065751281
5970,1.515298757929704,0.14797839432907264
5971,84.76522525283005,8.277854028596684
5972,84.53992958897125,8.255852498922973
5973,84.28355310890812,8.23081573329181
5974,84.62459288585667,8.26412039900944
5975,84.37649927238789,8.23989250706913
5976,84.63987849275809,8.265613134058407
5977,85.18415934150133,8.318765560693489
5978,84.37649927238789,8.23989250706913
5979,84.53992958897125,8.255852498922973
5980,85.19965697177103,8.320279001149515
5981,85.19965697177103,8.320279001149515
5982,84.21093359522516,8.223723983908707
5983,83.9567779083644,8.198904092613711
5984,84.62459288585667,8.26412039900944
5985,84.36131712533233,8.238409875520736
5986,84.21093359522516,8.223723983908707
5987,85.04020020576866,8.304707051344595
5988,84.37649927238789,8.23989250706913
5989,84.21093359522516,8.223723983908707
5990,84.78056515329313,8.279352065751281
5991,84.62459288585667,8.26412039900944
5992,85.02476188194754,8.30319940253394
5993,84.21093359522516,8.223723983908707
5994,84.36708519405525,8.238973163481958
5995,84.69742160456961,8.27123257857125
5996,85.04020020576866,8.304707051344595
5997,85.19965697177103,8.320279001149515
5998,1.5017345588662612,0.14665376551428333
5999,84.1446629218648,8.21725223846336
6000,84.69742160456961,8.27123257857125
6001,84.62459288585667,8.26412039900944
6002,1.4221627406752453,0.13888308014406692
6003,85.23392990164103,8.323625966957133
6004,1.4221627406752453,0.13888308014406692
6005,84.76522525283005,8.277854028596684
6006,84.69742160456961,8.27123257857125
6007,84.28355310890812,8.23081573329181
6008,85.18415934150133,8.318765560693489
6009,84.69742160456961,8.27123257857125
6010,83.81911087563785,8.185460046449009
6011,84.21093359522516,8.223723983908707
6012,83.88470500402718,8.19186572304953
6013,84.62459288585667,8.26412039900944
6014,83.9567779083644,8.198904092613711
6015,85.02476188194754,8.30319940253394
6016,84.53992958897125,8.255852498922973
6017,84.36131712533233,8.238409875520736
6018,1.514590945738493,0.1479092720447747
6019,85.23392990164103,8.323625966957133
6020,85.18415934150133,8.318765560693489
6021,84.97307133777325,8.29815149782942
6022,85.19965697177103,8.320279001149515
6023,84.76522525283005,8.277854028596684
6024,1.5017345588662612,0.14665376551428333
6025,85.19965697177103,8.320279001149515
6026,83.81911087563785,8.185460046449009
6027,85.19965697177103,8.320279001149515
6028,84.21093359522516,8.223723983908707
6029,85.02476188194754,8.30319940253394
6030,1.520057629385323,0.14844312786966044
6031,83.9567779083644,8.198904092613711
6032,84.76522525283005,8.277854028596684
6033,85.04020020576866,8.304707051344595
6034,85.18415934150133,8.318765560693489
6035,84.69742160456961,8.27123257857125
6036,83.9567779083644,8.198904092613711
6037,1.515298757929704,0.14797839432907264
6038,85.02476188194754,8.30319940253394
6039,83.81911087563785,8.185460046449009
6040,83.88470500402718,8.19186572304953
6041,1.515298757929704,0.14797839432907264
6042,84.1446629218648,8.21725223846336
6043,1.515298757929704,0.14797839432907264
6044,85.19965697177103,8.320279001149515
6045,85.23392990164103,8.323625966957133
6046,84.53992958897125,8.255852498922973
6047,84.69742160456961,8.27123257857125
6048,85.23392990164103,8.323625966957133
6049,85.04020020576866,8.304707051344595
6050,84.62459288585667,8.26412039900944
6051,84.1446629218648,8.21725223846336
6052,84.21093359522516,8.223723983908707
6053,83.56148017806512,8.160300798639172
6054,85.39412370603368,8.339269893167351
6055,84.21093359522516,8.223723983908707
6056,84.21093359522516,8.223723983908707
6057,83.88470500402718,8.19186572304953
6058,84.36131712533233,8.238409875520736
6059,84.1446629218648,8.21725223846336
6060,84.78056515329313,8.279352065751281
6061,84.8317095725281,8.284346637942196
6062,1.5017345588662612,0.14665376551428333
6063,84.8317095725281,8.284346637942196
6064,84.53992958897125,8.255852498922973
6065,83.56148017806512,8.160300798639172
6066,1.520057629385323,0.14844312786966044
6067,85.02476188194754,8.30319940253394
6068,85.19965697177103,8.320279001149515
6069,1.5017345588662612,0.14665376551428333
6070,85.02476188194754,8.30319940253394
6071,85.23392990164103,8.323625966957133
6072,1.5017345588662612,0.14665376551428333
6073,85.39412370603368,8.339269893167351
6074,85.23392990164103,8.323625966957133
6075,84.78056515329313,8.279352065751281
6076,84.76522525283005,8.277854028596684
6077,84.78056515329313,8.279352065751281
6078,1.520057629385323,0.14844312786966044
6079,85.19965697177103,8.320279001149515
6080,84.36131712533233,8.238409875520736
6081,84.1446629218648,8.21725223846336
6082,1.520057629385323,0.14844312786966044
6083,84.53992958897125,8.255852498922973
6084,84.36131712533233,8.238409875520736
6085,84.8317095725281,8.284346637942196
6086,84.36708519405525,8.238973163481958
6087,84.37649927238789,8.23989250706913
6088,1.514590945738493,0.1479092720447747
6089,84.36708519405525,8.238973163481958
6090,84.37649927238789,8.23989250706913
6091,85.18415934150133,8.318765560693489
6092,84.37649927238789,8.23989250706913
6093,84.28355310890812,8.23081573329181
6094,1.515298757929704,0.14797839432907264
6095,85.04020020576866,8.304707051344595
6096,84.36708519405525,8.238973163481958
6097,84.97307133777325,8.29815149782942
6098,84.97307133777325,8.29815149782942
6099,84.1446629218648,8.21725223846336
6100,84.37649927238789,8.23989250706913
6101,84.8317095725281,8.284346637942196
6102,84.21093359522516,8.223723983908707
6103,1.520057629385323,0.14844312786966044
6104,85.04020020576866,8.304707051344595
6105,84.62459288585667,8.26412039900944
6106,84.28355310890812,8.23081573329181
6107,84.78056515329313,8.279352065751281
6108,83.88470500402718,8.19186572304953
6109,1.5017345588662612,0.14665376551428333
6110,85.18415934150133,8.318765560693489
6111,84.36131712533233,8.238409875520736
6112,84.36131712533233,8.238409875520736
6113,84.62459288585667,8.26412039900944
6114,85.04020020576866,8.304707051344595
6115,84.53992958897125,8.255852498922973
6116,85.02476188194754,8.30319940253394
6117,84.76522525283005,8.277854028596684
6118,1.5017345588662612,0.14665376551428333
6119,1.5017345588662612,0.14665376551428333
6120,1.4221627406752453,0.13888308014406692
6121,1.514590945738493,0.1479092720447747
6122,85.02476188194754,8.30319940253394
6123,85.02476188194754,8.30319940253394
6124,84.37649927238789,8.23989250706913
6125,83.56148017806512,8.160300798639172
6126,84.28355310890812,8.23081573329181
6127,1.4221627406752453,0.13888308014406692
6128,85.04020020576866,8.304707051344595
6129,84.56704356763748,8.258500348402098
6130,85.04020020576866,8.304707051344595
6131,84.56704356763748,8.258500348402098
6132,83.88470500402718,8.19186572304953
6133,84.56704356763748,8.258500348402098
6134,85.18415934150133,8.318765560693489
6135,85.19965697177103,8.320279001149515
6136,84.69742160456961,8.27123257857125
6137,84.36131712533233,8.238409875520736
6138,84.21093359522516,8.223723983908707
6139,85.39412370603368,8.339269893167351
6140,84.37649927238789,8.23989250706913
6141,84.76522525283005,8.277854028596684
6142,84.8317095725281,8.284346637942196
6143,85.04020020576866,8.304707051344595
6144,83.88470500402718,8.19186572304953
6145,84.36708519405525,8.238973163481958
6146,83.9567779083644,8.198904092613711
6147,83.56148017806512,8.160300798639172
6148,84.78056515329313,8.279352065751281
6149,84.62459288585667,8.26412039900944
6150,84.36131712533233,8.238409875520736
6151,84.97307133777325,8.29815149782942
6152,1.4221627406752453,0.13888308014406692
6153,83.56148017806512,8.160300798639172
6154,1.515298757929704,0.14797839432907264
6155,84.8317095725281,8.284346637942196
6156,85.18415934150133,8.318765560693489
6157,83.81911087563785,8.185460046449009
6158,85.23392990164103,8.323625966957133
6159,85.04020020576866,8.304707051344595
6160,85.39412370603368,8.339269893167351
6161,85.23392990164103,8.323625966957133
6162,84.62459288585667,8.26412039900944
6163,85.23392990164103,8.323625966957133
6164,84.56704356763748,8.258500348402098
6165,84.97307133777325,8.29815149782942
6166,1.5017345588662612,0.14665376551428333
6167,84.62459288585667,8.26412039900944
6168,84.37649927238789,8.23989250706913
6169,84.36131712533233,8.238409875520736
6170,84.63987849275809,8.265613134058407
6171,83.81911087563785,8.185460046449009
6172,84.8317095725281,8.284346637942196
6173,83.81911087563785,8.185460046449009
6174,84.37649927238789,8.23989250706913
6175,84.1446629218648,8.21725223846336
6176,1.515298757929704,0.14797839432907264
6177,1.5017345588662612,0.14665376551428333
6178,84.21093359522516,8.223723983908707
6179,1.520057629385323,0.14844312786966044
6180,84.69742160456961,8.27123257857125
6181,85.23392990164103,8.323625966957133
6182,84.69742160456961,8.27123257857125
6183,84.1446629218648,8.21725223846336
6184,84.37649927238789,8.23989250706913
6185,83.88470500402718,8.19186572304953
6186,1.514590945738493,0.1479092720447747
6187,84.36131712533233,8.238409875520736
6188,85.39412370603368,8.339269893167351
6189,1.5017345588662612,0.14665376551428333
6190,84.76522525283005,8.277854028596684
6191,84.8317095725281,8.284346637942196
6192,1.520057629385323,0.14844312786966044
6193,1.515298757929704,0.14797839432907264
6194,84.8317095725281,8.284346637942196
6195,84.78056515329313,8.279352065751281
6196,84.62459288585667,8.26412039900944
6197,84.56704356763748,8.258500348402098
6198,84.97307133777325,8.29815149782942
6199,84.62459288585667,8.26412039900944
6200,84.36708519405525,8.238973163481958
6201,84.8317095725281,8.284346637942196
6202,84.62459288585667,8.26412039900944
6203,85.23392990164103,8.323625966957133
6204,85.18415934150133,8.318765560693489
6205,84.1446629218648,8.21725223846336
6206,84.78056515329313,8.279352065751281
6207,83.81911087563785,8.185460046449009
6208,1.4221627406752453,0.13888308014406692
6209,85.39412370603368,8.339269893167351
6210,1.5017345588662612,0.14665376551428333
6211,83.81911087563785,8.185460046449009
6212,84.97307133777325,8.29815149782942
6213,84.1446629218648,8.21725223846336
6214,84.69742160456961,8.27123257857125
6215,84.97307133777325,8.29815149782942
6216,1.515298757929704,0.14797839432907264
6217,85.39412370603368,8.339269893167351
6218,1.520057629385323,0.14844312786966044
6219,83.9567779083644,8.198904092613711
6220,83.88470500402718,8.19186572304953
6221,84.76522525283005,8.277854028596684
6222,85.18415934150133,8.318765560693489
6223,1.515298757929704,0.14797839432907264
6224,85.02476188194754,8.30319940253394
6225,84.69742160456961,8.27123257857125
6226,85.04020020576866,8.304707051344595
6227,83.88470500402718,8.19186572304953
6228,83.9567779083644,8.198904092613711
6229,85.39412370603368,8.339269893167351
6230,1.515298757929704,0.14797839432907264
6231,1.515298757929704,0.14797839432907264
6232,85.19965697177103,8.320279001149515
6233,1.515298757929704,0.14797839432907264
6234,85.18415934150133,8.318765560693489
6235,83.9567779083644,8.198904092613711
6236,84.8317095725281,8.284346637942196
6237,1.514590945738493,0.1479092720447747
6238,1.4221627406752453,0.13888308014406692
6239,84.56704356763748,8.258500348402098
6240,84.28355310890812,8.23081573329181
6241,84.8317095725281,8.284346637942196
6242,84.56704356763748,8.258500348402098
6243,84.97307133777325,8.29815149782942
6244,84.78056515329313,8.279352065751281
6245,85.04020020576866,8.304707051344595
6246,83.56148017806512,8.160300798639172
6247,85.18415934150133,8.318765560693489
6248,84.78056515329313,8.279352065751281
6249,84.8317095725281,8.284346637942196
6250,1.515298757929704,0.14797839432907264
6251,84.8317095725281,8.284346637942196
6252,84.97307133777325,8.29815149782942
6253,84.76522525283005,8.277854028596684
6254,85.18415934150133,8.318765560693489
6255,1.4221627406752453,0.13888308014406692
6256,85.04020020576866,8.304707051344595
6257,83.81911087563785,8.185460046449009
6258,84.62459288585667,8.26412039900944
6259,84.8317095725281,8.284346637942196
6260,84.37649927238789,8.23989250706913
6261,1.4221627406752453,0.13888308014406692
6262,1.5017345588662612,0.14665376551428333
6263,83.88470500402718,8.19186572304953
6264,1.5017345588662612,0.14665376551428333
6265,84.78056515329313,8.279352065751281
6266,84.97307133777325,8.29815149782942
6267,84.21093359522516,8.223723983908707
6268,84.56704356763748,8.258500348402098
6269,84.97307133777325,8.29815149782942
6270,84.8317095725281,8.284346637942196
6271,84.28355310890812,8.23081573329181
6272,84.8317095725281,8.284346637942196
6273,84.1446629218648,8.21725223846336
6274,1.4221627406752453,0.13888308014406692
6275,1.4221627406752453,0.13888308014406692
6276,1.5017345588662612,0.14665376551428333
6277,84.37649927238789,8.23989250706913
6278,84.36708519405525,8.238973163481958
6279,85.19965697177103,8.320279001149515
6280,83.81911087563785,8.185460046449009
6281,1.4221627406752453,0.13888308014406692
6282,84.62459288585667,8.26412039900944
6283,1.4221627406752453,0.13888308014406692
6284,1.5017345588662612,0.14665376551428333
6285,84.36131712533233,8.238409875520736
6286,83.56148017806512,8.160300798639172
6287,84.28355310890812,8.23081573329181
6288,85.04020020576866,8.304707051344595
6289,1.520057629385323,0.14844312786966044
6290,84.37649927238789,8.23989250706913
6291,83.9567779083644,8.198904092613711
6292,84.56704356763748,8.258500348402098
6293,1.520057629385323,0.14844312786966044
6294,84.1446629218648,8.21725223846336
6295,85.18415934150133,8.318765560693489
6296,84.1446629218648,8.21725223846336
6297,84.36131712533233,8.238409875520736
6298,85.02476188194754,8.30319940253394
6299,85.39412370603368,8.339269893167351
6300,84.36131712533233,8.238409875520736
6301,83.88470500402718,8.19186572304953
6302,85.23392990164103,8.323625966957133
6303,84.37649927238789,8.23989250706913
6304,84.1446629218648,8.21725223846336
6305,84.97307133777325,8.29815149782942
6306,85.23392990164103,8.323625966957133
6307,83.81911087563785,8.185460046449009
6308,83.56148017806512,8.160300798639172
6309,85.04020020576866,8.304707051344595
6310,1.520057629385323,0.14844312786966044
6311,83.88470500402718,8.19186572304953
6312,83.88470500402718,8.19186572304953
6313,84.78056515329313,8.279352065751281
6314,84.69742160456961,8.27123257857125
6315,85.23392990164103,8.323625966957133
6316,84.28355310890812,8.23081573329181
6317,84.36131712533233,8.238409875520736
6318,84.37649927238789,8.23989250706913
6319,84.69742160456961,8.27123257857125
6320,83.81911087563785,8.185460046449009
6321,85.23392990164103,8.323625966957133
6322,84.63987849275809,8.265613134058407
6323,1.520057629385323,0.14844312786966044
6324,84.37649927238789,8.23989250706913
6325,84.97307133777325,8.29815149782942
6326,83.9567779083644,8.198904092613711
6327,85.04020020576866,8.304707051344595
6328,84.21093359522516,8.223723983908707
6329,84.8317095725281,8.284346637942196
6330,1.515298757929704,0.14797839432907264
6331,85.19965697177103,8.320279001149515
6332,1.514590945738493,0.1479092720447747
6333,85.04020020576866,8.304707051344595
6334,85.19965697177103,8.320279001149515
6335,83.81911087563785,8.185460046449009
6336,84.37649927238789,8.23989250706913
6337,85.04020020576866,8.304707051344595
6338,84.56704356763748,8.258500348402098
6339,85.19965697177103,8.320279001149515
6340,84.21093359522516,8.223723983908707
6341,1.515298757929704,0.14797839432907264
6342,85.23392990164103,8.323625966957133
6343,84.8317095725281,8.284346637942196
6344,84.53992958897125,8.255852498922973
6345,84.8317095725281,8.284346637942196
6346,85.04020020576866,8.304707051344595
6347,85.19965697177103,8.320279001149515
6348,83.88470500402718,8.19186572304953
6349,85.18415934150133,8.318765560693489
6350,1.5017345588662612,0.14665376551428333
6351,83.56148017806512,8.160300798639172
6352,1.5017345588662612,0.14665376551428333
6353,84.28355310890812,8.23081573329181
6354,83.88470500402718,8.19186572304953
6355,84.1446629218648,8.21725223846336
6356,83.9567779083644,8.198904092613711
6357,84.69742160456961,8.27123257857125
6358,1.4221627406752453,0.13888308014406692
6359,84.1446629218648,8.21725223846336
6360,84.53992958897125,8.255852498922973
6361,84.78056515329313,8.279352065751281
6362,84.21093359522516,8.223723983908707
6363,84.36131712533233,8.238409875520736
6364,84.76522525283005,8.277854028596684
6365,85.19965697177103,8.320279001149515
6366,85.18415934150133,8.318765560693489
6367,1.515298757929704,0.14797839432907264
6368,1.4221627406752453,0.13888308014406692
6369,85.23392990164103,8.323625966957133
6370,84.56704356763748,8.258500348402098
6371,84.63987849275809,8.265613134058407
6372,85.04020020576866,8.304707051344595
6373,85.23392990164103,8.323625966957133
6374,1.515298757929704,0.14797839432907264
6375,84.8317095725281,8.284346637942196
6376,85.23392990164103,8.323625966957133
6377,84.63987849275809,8.265613134058407
6378,84.37649927238789,8.23989250706913
6379,84.78056515329313,8.279352065751281
6380,84.28355310890812,8.23081573329181
6381,85.23392990164103,8.323625966957133
6382,84.69742160456961,8.27123257857125
6383,1.5017345588662612,0.14665376551428333
6384,84.21093359522516,8.223723983908707
6385,84.53992958897125,8.255852498922973
6386,85.18415934150133,8.318765560693489
6387,1.514590945738493,0.1479092720447747
6388,83.81911087563785,8.185460046449009
6389,85.18415934150133,8.318765560693489
6390,84.62459288585667,8.26412039900944
6391,1.520057629385323,0.14844312786966044
6392,1.4221627406752453,0.13888308014406692
6393,1.514590945738493,0.1479092720447747
6394,84.36708519405525,8.238973163481958
6395,84.37649927238789,8.23989250706913
6396,85.02476188194754,8.30319940253394
6397,84.1446629218648,8.21725223846336
6398,1.520057629385323,0.14844312786966044
6399,85.02476188194754,8.30319940253394
6400,84.28355310890812,8.23081573329181
6401,85.04020020576866,8.304707051344595
6402,84.76522525283005,8.277854028596684
6403,84.62459288585667,8.26412039900944
6404,84.56704356763748,8.258500348402098
6405,85.18415934150133,8.318765560693489
6406,83.56148017806512,8.160300798639172
6407,84.21093359522516,8.223723983908707
6408,85.02476188194754,8.30319940253394
6409,84.97307133777325,8.29815149782942
6410,84.63987849275809,8.265613134058407
6411,83.9567779083644,8.198904092613711
6412,84.37649927238789,8.23989250706913
6413,83.81911087563785,8.185460046449009
6414,84.78056515329313,8.279352065751281
6415,1.515298757929704,0.14797839432907264
6416,85.19965697177103,8.320279001149515
6417,84.63987849275809,8.265613134058407
6418,85.18415934150133,8.318765560693489
6419,84.36708519405525,8.238973163481958
6420,84.36708519405525,8.238973163481958
6421,83.56148017806512,8.160300798639172
6422,85.04020020576866,8.304707051344595
6423,85.39412370603368,8.339269893167351
6424,84.36708519405525,8.238973163481958
6425,85.04020020576866,8.304707051344595
6426,84.36131712533233,8.238409875520736
6427,84.76522525283005,8.277854028596684
6428,1.5017345588662612,0.14665376551428333
6429,83.88470500402718,8.19186572304953
6430,84.56704356763748,8.258500348402098
6431,84.69742160456961,8.27123257857125
6432,84.62459288585667,8.26412039900944
6433,84.76522525283005,8.277854028596684
6434,84.97307133777325,8.29815149782942
6435,85.23392990164103,8.323625966957133
6436,1.514590945738493,0.1479092720447747
6437,1.4221627406752453,0.13888308014406692
6438,85.19965697177103,8.320279001149515
6439,85.04020020576866,8.304707051344595
6440,85.02476188194754,8.30319940253394
6441,83.81911087563785,8.185460046449009
6442,84.1446629218648,8.21725223846336
6443,84.36708519405525,8.238973163481958
6444,85.39412370603368,8.339269893167351
6445,1.4221627406752453,0.13888308014406692
6446,83.81911087563785,8.185460046449009
6447,83.88470500402718,8.19186572304953
6448,84.8317095725281,8.284346637942196
6449,84.56704356763748,8.258500348402098
6450,83.56148017806512,8.160300798639172
6451,83.81911087563785,8.185460046449009
6452,83.88470500402718,8.19186572304953
6453,84.69742160456961,8.27123257857125
6454,1.515298757929704,0.14797839432907264
6455,83.81911087563785,8.185460046449009
6456,84.62459288585667,8.26412039900944
6457,84.28355310890812,8.23081573329181
6458,85.02476188194754,8.30319940253394
6459,1.515298757929704,0.14797839432907264
6460,84.63987849275809,8.265613134058407
6461,84.21093359522516,8.223723983908707
6462,84.1446629218648,8.21725223846336
6463,84.76522525283005,8.277854028596684
6464,85.04020020576866,8.304707051344595
6465,83.88470500402718,8.19186572304953
6466,85.04020020576866,8.304707051344595
6467,84.62459288585667,8.26412039900944
6468,1.5017345588662612,0.14665376551428333
6469,1.520057629385323,0.14844312786966044
6470,84.97307133777325,8.29815149782942
6471,84.37649927238789,8.23989250706913
6472,84.62459288585667,8.26412039900944
6473,83.88470500402718,8.19186572304953
6474,84.62459288585667,8.26412039900944
6475,84.36131712533233,8.238409875520736
6476,84.63987849275809,8.265613134058407
6477,83.56148017806512,8.160300798639172
6478,85.04020020576866,8.304707051344595
6479,84.8317095725281,8.284346637942196
6480,83.56148017806512,8.160300798639172
6481,85.19965697177103,8.320279001149515
6482,84.62459288585667,8.26412039900944
6483,1.514590945738493,0.1479092720447747
6484,1.5017345588662612,0.14665376551428333
6485,84.36708519405525,8.238973163481958
6486,1.4221627406752453,0.13888308014406692
6487,85.39412370603368,8.339269893167351
6488,84.53992958897125,8.255852498922973
6489,84.56704356763748,8.258500348402098
6490,84.62459288585667,8.26412039900944
6491,84.36708519405525,8.238973163481958
6492,85.04020020576866,8.304707051344595
6493,1.5017345588662612,0.14665376551428333
6494,84.37649927238789,8.23989250706913
6495,84.36708519405525,8.238973163481958
6496,84.1446629218648,8.21725223846336
6497,84.8317095725281,8.284346637942196
6498,85.02476188194754,8.30319940253394
6499,84.37649927238789,8.23989250706913
6500,84.36708519405525,8.238973163481958
6501,83.9567779083644,8.198904092613711
6502,84.1446629218648,8.21725223846336
6503,84.36708519405525,8.238973163481958
6504,84.97307133777325,8.29815149782942
6505,84.63987849275809,8.265613134058407
6506,84.21093359522516,8.223723983908707
6507,85.23392990164103,8.323625966957133
6508,84.62459288585667,8.26412039900944
6509,85.18415934150133,8.318765560693489
6510,84.53992958897125,8.255852498922973
6511,85.04020020576866,8.304707051344595
6512,84.21093359522516,8.223723983908707
6513,84.21093359522516,8.223723983908707
6514,84.1446629218648,8.21725223846336
6515,85.23392990164103,8.323625966957133
6516,83.81911087563785,8.185460046449009
6517,84.97307133777325,8.29815149782942
6518,85.04020020576866,8.304707051344595
6519,85.23392990164103,8.323625966957133
6520,84.53992958897125,8.255852498922973
6521,84.36708519405525,8.238973163481958
6522,84.37649927238789,8.23989250706913
6523,84.21093359522516,8.223723983908707
6524,1.514590945738493,0.1479092720447747
6525,84.76522525283005,8.277854028596684
6526,1.4221627406752453,0.13888308014406692
6527,1.515298757929704,0.14797839432907264
6528,84.36131712533233,8.238409875520736
6529,85.04020020576866,8.304707051344595
6530,84.76522525283005,8.277854028596684
6531,85.19965697177103,8.320279001149515
6532,1.520057629385323,0.14844312786966044
6533,1.520057629385323,0.14844312786966044
6534,85.23392990164103,8.323625966957133
6535,84.53992958897125,8.255852498922973
6536,84.76522525283005,8.277854028596684
6537,1.5017345588662612,0.14665376551428333
6538,85.04020020576866,8.304707051344595
6539,85.39412370603368,8.339269893167351
6540,84.56704356763748,8.258500348402098
6541,84.53992958897125,8.255852498922973
6542,85.04020020576866,8.304707051344595
6543,1.4221627406752453,0.13888308014406692
6544,84.76522525283005,8.277854028596684
6545,84.97307133777325,8.29815149782942
6546,84.36131712533233,8.238409875520736
6547,84.1446629218648,8.21725223846336
6548,84.36131712533233,8.238409875520736
6549,84.56704356763748,8.258500348402098
6550,84.8317095725281,8.284346637942196
6551,84.36131712533233,8.238409875520736
6552,83.81911087563785,8.185460046449009
6553,83.88470500402718,8.19186572304953
6554,84.1446629218648,8.21725223846336
6555,1.5017345588662612,0.14665376551428333
6556,83.9567779083644,8.198904092613711
6557,84.36131712533233,8.238409875520736
6558,84.56704356763748,8.258500348402098
6559,84.62459288585667,8.26412039900944
6560,84.36131712533233,8.238409875520736
6561,83.81911087563785,8.185460046449009
6562,84.78056515329313,8.279352065751281
6563,85.19965697177103,8.320279001149515
6564,83.81911087563785,8.185460046449009
6565,1.5017345588662612,0.14665376551428333
6566,84.21093359522516,8.223723983908707
6567,1.520057629385323,0.14844312786966044
6568,84.8317095725281,8.284346637942196
6569,85.18415934150133,8.318765560693489
6570,84.69742160456961,8.27123257857125
6571,84.56704356763748,8.258500348402098
6572,84.76522525283005,8.277854028596684
6573,1.514590945738493,0.1479092720447747
6574,84.97307133777325,8.29815149782942
6575,85.19965697177103,8.320279001149515
6576,84.62459288585667,8.26412039900944
6577,84.76522525283005,8.277854028596684
6578,83.9567779083644,8.198904092613711
6579,84.97307133777325,8.29815149782942
6580,84.76522525283005,8.277854028596684
6581,85.04020020576866,8.304707051344595
6582,1.520057629385323,0.14844312786966044
6583,84.78056515329313,8.279352065751281
6584,1.515298757929704,0.14797839432907264
6585,84.56704356763748,8.258500348402098
6586,85.04020020576866,8.304707051344595
6587,1.5017345588662612,0.14665376551428333
6588,84.28355310890812,8.23081573329181
6589,85.02476188194754,8.30319940253394
6590,83.56148017806512,8.160300798639172
6591,83.9567779083644,8.198904092613711
6592,1.4221627406752453,0.13888308014406692
6593,84.8317095725281,8.284346637942196
6594,1.4221627406752453,0.13888308014406692
6595,84.21093359522516,8.223723983908707
6596,1.4221627406752453,0.13888308014406692
6597,84.8317095725281,8.284346637942196
6598,83.56148017806512,8.160300798639172
6599,84.36708519405525,8.238973163481958
6600,85.04020020576866,8.304707051344595
6601,85.23392990164103,8.323625966957133
6602,1.4221627406752453,0.13888308014406692
6603,85.04020020576866,8.304707051344595
6604,83.88470500402718,8.19186572304953
6605,84.1446629218648,8.21725223846336
6606,84.56704356763748,8.258500348402098
6607,85.04020020576866,8.304707051344595
6608,84.28355310890812,8.23081573329181
6609,84.97307133777325,8.29815149782942
6610,84.56704356763748,8.258500348402098
6611,85.39412370603368,8.339269893167351
6612,1.5017345588662612,0.14665376551428333
6613,84.76522525283005,8.277854028596684
6614,83.9567779083644,8.198904092613711
6615,1.514590945738493,0.1479092720447747
6616,85.23392990164103,8.323625966957133
6617,84.56704356763748,8.258500348402098
6618,84.63987849275809,8.265613134058407
6619,84.36131712533233,8.238409875520736
6620,84.62459288585667,8.26412039900944
6621,85.39412370603368,8.339269893167351
6622,84.69742160456961,8.27123257857125
6623,1.514590945738493,0.1479092720447747
6624,84.97307133777325,8.29815149782942
6625,1.520057629385323,0.14844312786966044
6626,85.23392990164103,8.323625966957133
6627,84.97307133777325,8.29815149782942
6628,84.1446629218648,8.21725223846336
6629,1.5017345588662612,0.14665376551428333
6630,84.69742160456961,8.27123257857125
6631,84.78056515329313,8.279352065751281
6632,84.53992958897125,8.255852498922973
6633,84.76522525283005,8.277854028596684
6634,84.78056515329313,8.279352065751281
6635,84.36131712533233,8.238409875520736
6636,85.18415934150133,8.318765560693489
6637,84.97307133777325,8.29815149782942
6638,1.514590945738493,0.1479092720447747
6639,84.21093359522516,8.223723983908707
6640,1.514590945738493,0.1479092720447747
6641,84.36131712533233,8.238409875520736
6642,83.9567779083644,8.198904092613711
6643,84.28355310890812,8.23081573329181
6644,84.37649927238789,8.23989250706913
6645,83.88470500402718,8.19186572304953
6646,83.9567779083644,8.198904092613711
6647,84.63987849275809,8.265613134058407
6648,84.28355310890812,8.23081573329181
6649,1.5017345588662612,0.14665376551428333
6650,84.36708519405525,8.238973163481958
6651,85.23392990164103,8.323625966957133
6652,84.53992958897125,8.255852498922973
6653,84.63987849275809,8.265613134058407
6654,1.4221627406752453,0.13888308014406692
6655,84.1446629218648,8.21725223846336
6656,85.04020020576866,8.304707051344595
6657,83.81911087563785,8.185460046449009
6658,84.1446629218648,8.21725223846336
6659,84.69742160456961,8.27123257857125
6660,84.53992958897125,8.255852498922973
6661,1.514590945738493,0.1479092720447747
6662,84.78056515329313,8.279352065751281
6663,84.62459288585667,8.26412039900944
6664,85.19965697177103,8.320279001149515
6665,84.21093359522516,8.223723983908707
6666,84.62459288585667,8.26412039900944
6667,85.23392990164103,8.323625966957133
6668,1.4221627406752453,0.13888308014406692
6669,84.36708519405525,8.238973163481958
6670,83.56148017806512,8.160300798639172
6671,1.520057629385323,0.14844312786966044
6672,85.19965697177103,8.320279001149515
6673,84.53992958897125,8.255852498922973
6674,85.39412370603368,8.339269893167351
6675,1.5017345588662612,0.14665376551428333
6676,84.28355310890812,8.23081573329181
6677,83.81911087563785,8.185460046449009
6678,85.19965697177103,8.320279001149515
6679,1.520057629385323,0.14844312786966044
6680,83.88470500402718,8.19186572304953
6681,84.62459288585667,8.26412039900944
6682,85.04020020576866,8.304707051344595
6683,84.37649927238789,8.23989250706913
6684,84.76522525283005,8.277854028596684
6685,85.19965697177103,8.320279001149515
6686,1.4221627406752453,0.13888308014406692
6687,84.78056515329313,8.279352065751281
6688,84.36708519405525,8.238973163481958
6689,84.69742160456961,8.27123257857125
6690,1.4221627406752453,0.13888308014406692
6691,84.56704356763748,8.258500348402098
6692,84.36708519405525,8.238973163481958
6693,85.19965697177103,8.320279001149515
6694,1.514590945738493,0.1479092720447747
6695,84.78056515329313,8.279352065751281
6696,84.37649927238789,8.23989250706913
6697,84.56704356763748,8.258500348402098
6698,84.97307133777325,8.29815149782942
6699,1.4221627406752453,0.13888308014406692
6700,85.23392990164103,8.323625966957133
6701,1.520057629385323,0.14844312786966044
6702,1.514590945738493,0.1479092720447747
6703,83.9567779083644,8.198904092613711
6704,83.81911087563785,8.185460046449009
6705,84.69742160456961,8.27123257857125
6706,84.1446629218648,8.21725223846336
6707,1.5017345588662612,0.14665376551428333
6708,1.4221627406752453,0.13888308014406692
6709,84.36131712533233,8.238409875520736
6710,85.39412370603368,8.339269893167351
6711,84.53992958897125,8.255852498922973
6712,85.23392990164103,8.323625966957133
6713,84.69742160456961,8.27123257857125
6714,85.19965697177103,8.320279001149515
6715,85.04020020576866,8.304707051344595
6716,84.53992958897125,8.255852498922973
6717,84.21093359522516,8.223723983908707
6718,1.515298757929704,0.14797839432907264
6719,1.5017345588662612,0.14665376551428333
6720,1.4221627406752453,0.13888308014406692
6721,84.36708519405525,8.238973163481958
6722,84.63987849275809,8.265613134058407
6723,84.56704356763748,8.258500348402098
6724,83.56148017806512,8.160300798639172
6725,1.515298757929704,0.14797839432907264
6726,84.78056515329313,8.279352065751281
6727,83.81911087563785,8.185460046449009
6728,85.18415934150133,8.318765560693489
6729,1.515298757929704,0.14797839432907264
6730,1.5017345588662612,0.14665376551428333
6731,84.1446629218648,8.21725223846336
6732,1.5017345588662612,0.14665376551428333
6733,1.4221627406752453,0.13888308014406692
6734,84.76522525283005,8.277854028596684
6735,83.56148017806512,8.160300798639172
6736,84.1446629218648,8.21725223846336
6737,84.62459288585667,8.26412039900944
6738,1.4221627406752453,0.13888308014406692
6739,85.19965697177103,8.320279001149515
6740,83.56148017806512,8.160300798639172
6741,1.4221627406752453,0.13888308014406692
6742,84.63987849275809,8.265613134058407
6743,85.02476188194754,8.30319940253394
6744,85.02476188194754,8.30319940253394
6745,84.37649927238789,8.23989250706913
6746,84.8317095725281,8.284346637942196
6747,84.97307133777325,8.29815149782942
6748,85.02476188194754,8.30319940253394
6749,85.02476188194754,8.30319940253394
6750,84.76522525283005,8.277854028596684
6751,84.62459288585667,8.26412039900944
6752,85.18415934150133,8.318765560693489
6753,1.514590945738493,0.1479092720447747
6754,84.21093359522516,8.223723983908707
6755,1.520057629385323,0.14844312786966044
6756,1.514590945738493,0.1479092720447747
6757,84.78056515329313,8.279352065751281
6758,84.8317095725281,8.284346637942196
6759,83.9567779083644,8.198904092613711
6760,84.28355310890812,8.23081573329181
6761,83.9567779083644,8.198904092613711
6762,85.02476188194754,8.30319940253394
6763,84.37649927238789,8.23989250706913
6764,84.78056515329313,8.279352065751281
6765,84.97307133777325,8.29815149782942
6766,83.56148017806512,8.160300798639172
6767,1.5017345588662612,0.14665376551428333
6768,84.28355310890812,8.23081573329181
6769,84.97307133777325,8.29815149782942
6770,83.81911087563785,8.185460046449009
6771,83.81911087563785,8.185460046449009
6772,84.76522525283005,8.277854028596684
6773,85.23392990164103,8.323625966957133
6774,84.1446629218648,8.21725223846336
6775,83.81911087563785,8.185460046449009
6776,1.515298757929704,0.14797839432907264
6777,83.56148017806512,8.160300798639172
6778,83.81911087563785,8.185460046449009
6779,84.62459288585667,8.26412039900944
6780,84.36708519405525,8.238973163481958
6781,1.515298757929704,0.14797839432907264
6782,84.97307133777325,8.29815149782942
6783,84.1446629218648,8.21725223846336
6784,85.23392990164103,8.323625966957133
6785,84.97307133777325,8.29815149782942
6786,83.9567779083644,8.198904092613711
6787,1.520057629385323,0.14844312786966044
6788,84.56704356763748,8.258500348402098
6789,85.23392990164103,8.323625966957133
6790,85.02476188194754,8.30319940253394
6791,84.1446629218648,8.21725223846336
6792,85.23392990164103,8.323625966957133
6793,84.63987849275809,8.265613134058407
6794,84.69742160456961,8.27123257857125
6795,1.4221627406752453,0.13888308014406692
6796,83.88470500402718,8.19186572304953
6797,84.1446629218648,8.21725223846336
6798,1.5017345588662612,0.14665376551428333
6799,85.39412370603368,8.339269893167351
6800,83.81911087563785,8.185460046449009
6801,84.36708519405525,8.238973163481958
6802,1.520057629385323,0.14844312786966044
6803,1.515298757929704,0.14797839432907264
6804,84.36708519405525,8.238973163481958
6805,84.28355310890812,8.23081573329181
6806,84.28355310890812,8.23081573329181
6807,83.56148017806512,8.160300798639172
6808,85.18415934150133,8.318765560693489
6809,84.37649927238789,8.23989250706913
6810,84.28355310890812,8.23081573329181
6811,84.28355310890812,8.23081573329181
6812,84.62459288585667,8.26412039900944
6813,83.88470500402718,8.19186572304953
6814,1.515298757929704,0.14797839432907264
6815,84.28355310890812,8.23081573329181
6816,84.76522525283005,8.277854028596684
6817,85.39412370603368,8.339269893167351
6818,85.19965697177103,8.320279001149515
6819,83.88470500402718,8.19186572304953
6820,84.28355310890812,8.23081573329181
6821,1.4221627406752453,0.13888308014406692
6822,83.88470500402718,8.19186572304953
6823,83.88470500402718,8.19186572304953
6824,1.514590945738493,0.1479092720447747
6825,1.514590945738493,0.1479092720447747
6826,1.4221627406752453,0.13888308014406692
6827,84.63987849275809,8.265613134058407
6828,1.4221627406752453,0.13888308014406692
6829,83.81911087563785,8.185460046449009
6830,84.1446629218648,8.21725223846336
6831,1.520057629385323,0.14844312786966044
6832,84.76522525283005,8.277854028596684
6833,85.04020020576866,8.304707051344595
6834,84.21093359522516,8.223723983908707
6835,84.53992958897125,8.255852498922973
6836,85.18415934150133,8.318765560693489
6837,85.23392990164103,8.323625966957133
6838,85.19965697177103,8.320279001149515
6839,1.515298757929704,0.14797839432907264
6840,1.514590945738493,0.1479092720447747
6841,84.37649927238789,8.23989250706913
6842,84.36708519405525,8.238973163481958
6843,84.36131712533233,8.238409875520736
6844,85.23392990164103,8.323625966957133
6845,85.23392990164103,8.323625966957133
6846,1.4221627406752453,0.13888308014406692
6847,1.515298757929704,0.14797839432907264
6848,85.19965697177103,8.320279001149515
6849,84.69742160456961,8.27123257857125
6850,83.56148017806512,8.160300798639172
6851,1.514590945738493,0.1479092720447747
6852,1.515298757929704,0.14797839432907264
6853,83.9567779083644,8.198904092613711
6854,84.62459288585667,8.26412039900944
6855,1.520057629385323,0.14844312786966044
6856,84.69742160456961,8.27123257857125
6857,84.56704356763748,8.258500348402098
6858,1.520057629385323,0.14844312786966044
6859,1.4221627406752453,0.13888308014406692
6860,1.4221627406752453,0.13888308014406692
6861,1.520057629385323,0.14844312786966044
6862,84.56704356763748,8.258500348402098
6863,1.5017345588662612,0.14665376551428333
6864,84.36131712533233,8.238409875520736
6865,84.97307133777325,8.29815149782942
6866,83.9567779083644,8.198904092613711
6867,84.62459288585667,8.26412039900944
6868,84.37649927238789,8.23989250706913
6869,1.515298757929704,0.14797839432907264
6870,83.88470500402718,8.19186572304953
6871,84.28355310890812,8.23081573329181
6872,84.36708519405525,8.238973163481958
6873,84.37649927238789,8.23989250706913
6874,85.23392990164103,8.323625966957133
6875,84.78056515329313,8.279352065751281
6876,83.81911087563785,8.185460046449009
6877,84.76522525283005,8.277854028596684
6878,85.23392990164103,8.323625966957133
6879,84.97307133777325,8.29815149782942
6880,1.520057629385323,0.14844312786966044
6881,1.520057629385323,0.14844312786966044
6882,85.23392990164103,8.323625966957133
6883,83.81911087563785,8.185460046449009
6884,85.23392990164103,8.323625966957133
6885,84.8317095725281,8.284346637942196
6886,83.56148017806512,8.160300798639172
6887,1.514590945738493,0.1479092720447747
6888,84.97307133777325,8.29815149782942
6889,84.37649927238789,8.23989250706913
6890,1.520057629385323,0.14844312786966044
6891,85.19965697177103,8.320279001149515
6892,83.81911087563785,8.185460046449009
6893,84.21093359522516,8.223723983908707
6894,84.69742160456961,8.27123257857125
6895,84.62459288585667,8.26412039900944
6896,84.62459288585667,8.26412039900944
6897,85.02476188194754,8.30319940253394
6898,85.19965697177103,8.320279001149515
6899,84.62459288585667,8.26412039900944
6900,1.514590945738493,0.1479092720447747
6901,83.9567779083644,8.198904092613711
6902,84.21093359522516,8.223723983908707
6903,84.62459288585667,8.26412039900944
6904,85.02476188194754,8.30319940253394
6905,84.36131712533233,8.238409875520736
6906,83.88470500402718,8.19186572304953
6907,84.76522525283005,8.277854028596684
6908,84.76522525283005,8.277854028596684
6909,84.63987849275809,8.265613134058407
6910,84.37649927238789,8.23989250706913
6911,83.88470500402718,8.19186572304953
6912,85.18415934150133,8.318765560693489
6913,1.514590945738493,0.1479092720447747
6914,84.97307133777325,8.29815149782942
6915,83.9567779083644,8.198904092613711
6916,85.18415934150133,8.318765560693489
6917,84.62459288585667,8.26412039900944
6918,85.19965697177103,8.320279001149515
6919,84.97307133777325,8.29815149782942
6920,85.39412370603368,8.339269893167351
6921,84.36131712533233,8.238409875520736
6922,84.63987849275809,8.265613134058407
6923,84.63987849275809,8.265613134058407
6924,85.39412370603368,8.339269893167351
6925,1.5017345588662612,0.14665376551428333
6926,1.4221627406752453,0.13888308014406692
6927,1.514590945738493,0.1479092720447747
6928,84.78056515329313,8.279352065751281
6929,83.81911087563785,8.185460046449009
6930,85.39412370603368,8.339269893167351
6931,1.4221627406752453,0.13888308014406692
6932,85.18415934150133,8.318765560693489
6933,84.76522525283005,8.277854028596684
6934,84.28355310890812,8.23081573329181
6935,84.78056515329313,8.279352065751281
6936,84.69742160456961,8.27123257857125
6937,83.9567779083644,8.198904092613711
6938,83.56148017806512,8.160300798639172
6939,1.5017345588662612,0.14665376551428333
6940,1.515298757929704,0.14797839432907264
6941,83.9567779083644,8.198904092613711
6942,85.02476188194754,8.30319940253394
6943,85.19965697177103,8.320279001149515
6944,84.53992958897125,8.255852498922973
6945,1.515298757929704,0.14797839432907264
6946,85.39412370603368,8.339269893167351
6947,84.69742160456961,8.27123257857125
6948,84.97307133777325,8.29815149782942
6949,85.18415934150133,8.318765560693489
6950,84.63987849275809,8.265613134058407
6951,84.36708519405525,8.238973163481958
6952,85.19965697177103,8.320279001149515
6953,85.02476188194754,8.30319940253394
6954,84.28355310890812,8.23081573329181
6955,84.53992958897125,8.255852498922973
6956,84.28355310890812,8.23081573329181
6957,83.88470500402718,8.19186572304953
6958,83.81911087563785,8.185460046449009
6959,85.04020020576866,8.304707051344595
6960,84.56704356763748,8.258500348402098
6961,84.1446629218648,8.21725223846336
6962,84.63987849275809,8.265613134058407
6963,84.56704356763748,8.258500348402098
6964,1.520057629385323,0.14844312786966044
6965,84.62459288585667,8.26412039900944
6966,85.39412370603368,8.339269893167351
6967,85.02476188194754,8.30319940253394
6968,84.63987849275809,8.265613134058407
6969,84.69742160456961,8.27123257857125
6970,84.63987849275809,8.265613134058407
6971,1.520057629385323,0.14844312786966044
6972,1.5017345588662612,0.14665376551428333
6973,1.4221627406752453,0.13888308014406692
6974,1.520057629385323,0.14844312786966044
6975,1.520057629385323,0.14844312786966044
6976,84.78056515329313,8.279352065751281
6977,85.18415934150133,8.318765560693489
6978,85.02476188194754,8.30319940253394
6979,83.9567779083644,8.198904092613711
6980,84.78056515329313,8.279352065751281
6981,84.53992958897125,8.255852498922973
6982,1.520057629385323,0.14844312786966044
6983,84.53992958897125,8.255852498922973
6984,1.514590945738493,0.1479092720447747
6985,84.62459288585667,8.26412039900944
6986,1.514590945738493,0.1479092720447747
6987,84.36131712533233,8.238409875520736
6988,84.53992958897125,8.255852498922973
6989,83.9567779083644,8.198904092613711
6990,84.97307133777325,8.29815149782942
6991,84.21093359522516,8.223723983908707
6992,85.04020020576866,8.304707051344595
6993,1.514590945738493,0.1479092720447747
6994,84.76522525283005,8.277854028596684
6995,84.8317095725281,8.284346637942196
6996,1.4221627406752453,0.13888308014406692
6997,1.4221627406752453,0.13888308014406692
6998,1.514590945738493,0.1479092720447747
6999,85.39412370603368,8.339269893167351
7000,84.76522525283005,8.277854028596684
7001,84.78056515329313,8.279352065751281
7002,84.28355310890812,8.23081573329181
7003,83.56148017806512,8.160300798639172
7004,85.04020020576866,8.304707051344595
7005,1.514590945738493,0.1479092720447747
7006,84.53992958897125,8.255852498922973
7007,85.04020020576866,8.304707051344595
7008,85.23392990164103,8.323625966957133
7009,83.56148017806512,8.160300798639172
7010,84.62459288585667,8.26412039900944
7011,84.21093359522516,8.223723983908707
7012,85.23392990164103,8.323625966957133
7013,84.78056515329313,8.279352065751281
7014,84.78056515329313,8.279352065751281
7015,83.81911087563785,8.185460046449009
7016,84.97307133777325,8.29815149782942
7017,84.76522525283005,8.277854028596684
7018,84.69742160456961,8.27123257857125
7019,84.36708519405525,8.238973163481958
7020,85.18415934150133,8.318765560693489
7021,84.1446629218648,8.21725223846336
7022,83.9567779083644,8.198904092613711
7023,85.23392990164103,8.323625966957133
7024,84.37649927238789,8.23989250706913
7025,84.1446629218648,8.21725223846336
7026,85.04020020576866,8.304707051344595
7027,84.37649927238789,8.23989250706913
7028,85.23392990164103,8.323625966957133
7029,83.9567779083644,8.198904092613711
7030,84.37649927238789,8.23989250706913
7031,84.63987849275809,8.265613134058407
7032,84.76522525283005,8.277854028596684
7033,1.515298757929704,0.14797839432907264
7034,84.56704356763748,8.258500348402098
7035,1.4221627406752453,0.13888308014406692
7036,84.97307133777325,8.29815149782942
7037,85.39412370603368,8.339269893167351
7038,85.02476188194754,8.30319940253394
7039,84.36131712533233,8.238409875520736
7040,85.04020020576866,8.304707051344595
7041,83.9567779083644,8.198904092613711
7042,84.28355310890812,8.23081573329181
7043,84.63987849275809,8.265613134058407
7044,84.63987849275809,8.265613134058407
7045,84.21093359522516,8.223723983908707
7046,84.62459288585667,8.26412039900944
7047,84.36708519405525,8.238973163481958
7048,85.19965697177103,8.320279001149515
7049,85.18415934150133,8.318765560693489
7050,1.4221627406752453,0.13888308014406692
7051,83.9567779083644,8.198904092613711
7052,1.5017345588662612,0.14665376551428333
7053,85.39412370603368,8.339269893167351
7054,1.520057629385323,0.14844312786966044
7055,84.53992958897125,8.255852498922973
7056,84.62459288585667,8.26412039900944
7057,1.515298757929704,0.14797839432907264
7058,1.5017345588662612,0.14665376551428333
7059,85.02476188194754,8.30319940253394
7060,83.88470500402718,8.19186572304953
7061,83.56148017806512,8.160300798639172
7062,84.1446629218648,8.21725223846336
7063,1.520057629385323,0.14844312786966044
7064,85.19965697177103,8.320279001149515
7065,1.514590945738493,0.1479092720447747
7066,1.515298757929704,0.14797839432907264
7067,84.53992958897125,8.255852498922973
7068,1.4221627406752453,0.13888308014406692
7069,84.36131712533233,8.238409875520736
7070,1.515298757929704,0.14797839432907264
7071,1.4221627406752453,0.13888308014406692
7072,84.62459288585667,8.26412039900944
7073,84.53992958897125,8.255852498922973
7074,83.81911087563785,8.185460046449009
7075,85.18415934150133,8.318765560693489
7076,84.8317095725281,8.284346637942196
7077,83.56148017806512,8.160300798639172
7078,84.76522525283005,8.277854028596684
7079,84.28355310890812,8.23081573329181
7080,85.39412370603368,8.339269893167351
7081,84.8317095725281,8.284346637942196
7082,1.515298757929704,0.14797839432907264
7083,84.8317095725281,8.284346637942196
7084,84.21093359522516,8.223723983908707
7085,85.18415934150133,8.318765560693489
7086,84.36708519405525,8.238973163481958
7087,84.76522525283005,8.277854028596684
7088,85.39412370603368,8.339269893167351
7089,84.53992958897125,8.255852498922973
7090,83.9567779083644,8.198904092613711
7091,84.36708519405525,8.238973163481958
7092,84.21093359522516,8.223723983908707
7093,83.9567779083644,8.198904092613711
7094,84.8317095725281,8.284346637942196
7095,84.76522525283005,8.277854028596684
7096,85.19965697177103,8.320279001149515
7097,83.9567779083644,8.198904092613711
7098,83.56148017806512,8.160300798639172
7099,84.21093359522516,8.223723983908707
7100,1.5017345588662612,0.14665376551428333
7101,84.56704356763748,8.258500348402098
7102,1.515298757929704,0.14797839432907264
7103,84.63987849275809,8.265613134058407
7104,83.81911087563785,8.185460046449009
7105,85.39412370603368,8.339269893167351
7106,84.37649927238789,8.23989250706913
7107,85.02476188194754,8.30319940253394
7108,84.53992958897125,8.255852498922973
7109,85.23392990164103,8.323625966957133
7110,1.4221627406752453,0.13888308014406692
7111,83.81911087563785,8.185460046449009
7112,83.56148017806512,8.160300798639172
7113,84.37649927238789,8.23989250706913
7114,83.88470500402718,8.19186572304953
7115,85.02476188194754,8.30319940253394
7116,83.88470500402718,8.19186572304953
7117,85.18415934150133,8.318765560693489
7118,84.78056515329313,8.279352065751281
7119,84.36131712533233,8.238409875520736
7120,83.9567779083644,8.198904092613711
7121,84.53992958897125,8.255852498922973
7122,1.5017345588662612,0.14665376551428333
7123,84.69742160456961,8.27123257857125
7124,84.36131712533233,8.238409875520736
7125,1.514590945738493,0.1479092720447747
7126,84.1446629218648,8.21725223846336
7127,84.21093359522516,8.223723983908707
7128,1.515298757929704,0.14797839432907264
7129,83.81911087563785,8.185460046449009
7130,84.36131712533233,8.238409875520736
7131,84.69742160456961,8.27123257857125
7132,85.18415934150133,8.318765560693489
7133,1.4221627406752453,0.13888308014406692
7134,84.36708519405525,8.238973163481958
7135,83.88470500402718,8.19186572304953
7136,84.1446629218648,8.21725223846336
7137,1.5017345588662612,0.14665376551428333
7138,85.18415934150133,8.318765560693489
7139,83.88470500402718,8.19186572304953
7140,1.4221627406752453,0.13888308014406692
7141,85.18415934150133,8.318765560693489
7142,84.1446629218648,8.21725223846336
7143,84.8317095725281,8.284346637942196
7144,1.515298757929704,0.14797839432907264
7145,83.56148017806512,8.160300798639172
7146,84.21093359522516,8.223723983908707
7147,85.19965697177103,8.320279001149515
7148,85.19965697177103,8.320279001149515
7149,83.81911087563785,8.185460046449009
7150,83.9567779083644,8.198904092613711
7151,1.515298757929704,0.14797839432907264
7152,84.37649927238789,8.23989250706913
7153,85.19965697177103,8.320279001149515
7154,84.1446629218648,8.21725223846336
7155,85.04020020576866,8.304707051344595
7156,84.37649927238789,8.23989250706913
7157,84.8317095725281,8.284346637942196
7158,83.56148017806512,8.160300798639172
7159,1.5017345588662612,0.14665376551428333
7160,84.62459288585667,8.26412039900944
7161,84.76522525283005,8.277854028596684
7162,84.78056515329313,8.279352065751281
7163,84.36131712533233,8.238409875520736
7164,84.69742160456961,8.27123257857125
7165,84.28355310890812,8.23081573329181
7166,85.39412370603368,8.339269893167351
7167,1.520057629385323,0.14844312786966044
7168,84.21093359522516,8.223723983908707
7169,1.520057629385323,0.14844312786966044
7170,84.21093359522516,8.223723983908707
7171,85.19965697177103,8.320279001149515
7172,85.04020020576866,8.304707051344595
7173,84.63987849275809,8.265613134058407
7174,1.515298757929704,0.14797839432907264
7175,84.37649927238789,8.23989250706913
7176,85.23392990164103,8.323625966957133
7177,84.78056515329313,8.279352065751281
7178,85.02476188194754,8.30319940253394
7179,85.04020020576866,8.304707051344595
7180,1.514590945738493,0.1479092720447747
7181,84.28355310890812,8.23081573329181
7182,1.520057629385323,0.14844312786966044
7183,85.19965697177103,8.320279001149515
7184,85.39412370603368,8.339269893167351
7185,84.36131712533233,8.238409875520736
7186,1.520057629385323,0.14844312786966044
7187,85.19965697177103,8.320279001149515
7188,85.19965697177103,8.320279001149515
7189,1.520057629385323,0.14844312786966044
7190,85.18415934150133,8.318765560693489
7191,84.63987849275809,8.265613134058407
7192,84.97307133777325,8.29815149782942
7193,85.18415934150133,8.318765560693489
7194,84.97307133777325,8.29815149782942
7195,85.02476188194754,8.30319940253394
7196,85.04020020576866,8.304707051344595
7197,1.514590945738493,0.1479092720447747
7198,84.28355310890812,8.23081573329181
7199,1.514590945738493,0.1479092720447747
7200,85.04020020576866,8.304707051344595
7201,84.36131712533233,8.238409875520736
7202,83.9567779083644,8.198904092613711
7203,1.514590945738493,0.1479092720447747
7204,84.53992958897125,8.255852498922973
7205,84.56704356763748,8.258500348402098
7206,85.39412370603368,8.339269893167351
7207,84.69742160456961,8.27123257857125
7208,84.28355310890812,8.23081573329181
7209,84.69742160456961,8.27123257857125
7210,84.28355310890812,8.23081573329181
7211,83.81911087563785,8.185460046449009
7212,85.19965697177103,8.320279001149515
7213,1.520057629385323,0.14844312786966044
7214,84.21093359522516,8.223723983908707
7215,85.19965697177103,8.320279001149515
7216,84.76522525283005,8.277854028596684
7217,84.78056515329313,8.279352065751281
7218,85.19965697177103,8.320279001149515
7219,84.8317095725281,8.284346637942196
7220,1.520057629385323,0.14844312786966044
7221,1.520057629385323,0.14844312786966044
7222,85.02476188194754,8.30319940253394
7223,84.8317095725281,8.284346637942196
7224,84.53992958897125,8.255852498922973
7225,84.76522525283005,8.277854028596684
7226,85.02476188194754,8.30319940253394
7227,1.514590945738493,0.1479092720447747
7228,83.81911087563785,8.185460046449009
7229,84.1446629218648,8.21725223846336
7230,84.37649927238789,8.23989250706913
7231,85.02476188194754,8.30319940253394
7232,85.18415934150133,8.318765560693489
7233,84.53992958897125,8.255852498922973
7234,84.78056515329313,8.279352065751281
7235,84.37649927238789,8.23989250706913
7236,85.02476188194754,8.30319940253394
7237,84.63987849275809,8.265613134058407
7238,84.8317095725281,8.284346637942196
7239,1.4221627406752453,0.13888308014406692
7240,84.97307133777325,8.29815149782942
7241,84.37649927238789,8.23989250706913
7242,1.5017345588662612,0.14665376551428333
7243,84.62459288585667,8.26412039900944
7244,1.514590945738493,0.1479092720447747
7245,84.8317095725281,8.284346637942196
7246,85.18415934150133,8.318765560693489
7247,84.8317095725281,8.284346637942196
7248,84.36131712533233,8.238409875520736
7249,85.02476188194754,8.30319940253394
7250,84.21093359522516,8.223723983908707
7251,84.28355310890812,8.23081573329181
7252,84.36708519405525,8.238973163481958
7253,85.04020020576866,8.304707051344595
7254,84.36708519405525,8.238973163481958
7255,84.76522525283005,8.277854028596684
7256,84.1446629218648,8.21725223846336
7257,84.21093359522516,8.223723983908707
7258,84.37649927238789,8.23989250706913
7259,84.36708519405525,8.238973163481958
7260,1.4221627406752453,0.13888308014406692
7261,1.5017345588662612,0.14665376551428333
7262,1.520057629385323,0.14844312786966044
7263,84.36708519405525,8.238973163481958
7264,84.37649927238789,8.23989250706913
7265,84.36131712533233,8.238409875520736
7266,84.56704356763748,8.258500348402098
7267,84.36131712533233,8.238409875520736
7268,83.81911087563785,8.185460046449009
7269,85.23392990164103,8.323625966957133
7270,83.81911087563785,8.185460046449009
7271,84.78056515329313,8.279352065751281
7272,1.514590945738493,0.1479092720447747
7273,83.9567779083644,8.198904092613711
7274,84.53992958897125,8.255852498922973
7275,1.515298757929704,0.14797839432907264
7276,85.23392990164103,8.323625966957133
7277,83.56148017806512,8.160300798639172
7278,84.78056515329313,8.279352065751281
7279,84.78056515329313,8.279352065751281
7280,83.56148017806512,8.160300798639172
7281,85.04020020576866,8.304707051344595
7282,84.36131712533233,8.238409875520736
7283,1.515298757929704,0.14797839432907264
7284,85.39412370603368,8.339269893167351
7285,1.520057629385323,0.14844312786966044
7286,1.515298757929704,0.14797839432907264
7287,84.78056515329313,8.279352065751281
7288,1.4221627406752453,0.13888308014406692
7289,84.36131712533233,8.238409875520736
7290,85.19965697177103,8.320279001149515
7291,84.97307133777325,8.29815149782942
7292,85.18415934150133,8.318765560693489
7293,1.520057629385323,0.14844312786966044
7294,83.9567779083644,8.198904092613711
7295,84.1446629218648,8.21725223846336
7296,1.514590945738493,0.1479092720447747
7297,84.69742160456961,8.27123257857125
7298,84.56704356763748,8.258500348402098
7299,1.515298757929704,0.14797839432907264
7300,83.56148017806512,8.160300798639172
7301,83.9567779083644,8.198904092613711
7302,83.9567779083644,8.198904092613711
7303,84.8317095725281,8.284346637942196
7304,85.39412370603368,8.339269893167351
7305,84.76522525283005,8.277854028596684
7306,83.88470500402718,8.19186572304953
7307,84.56704356763748,8.258500348402098
7308,84.28355310890812,8.23081573329181
7309,85.23392990164103,8.323625966957133
7310,83.81911087563785,8.185460046449009
7311,84.36131712533233,8.238409875520736
7312,84.78056515329313,8.279352065751281
7313,85.18415934150133,8.318765560693489
7314,84.8317095725281,8.284346637942196
7315,83.56148017806512,8.160300798639172
7316,85.02476188194754,8.30319940253394
7317,83.56148017806512,8.160300798639172
7318,84.56704356763748,8.258500348402098
7319,1.520057629385323,0.14844312786966044
7320,85.19965697177103,8.320279001149515
7321,84.1446629218648,8.21725223846336
7322,85.19965697177103,8.320279001149515
7323,83.88470500402718,8.19186572304953
7324,84.56704356763748,8.258500348402098
7325,84.36131712533233,8.238409875520736
7326,84.56704356763748,8.258500348402098
7327,83.56148017806512,8.160300798639172
7328,83.9567779083644,8.198904092613711
7329,85.19965697177103,8.320279001149515
7330,84.1446629218648,8.21725223846336
7331,84.28355310890812,8.23081573329181
7332,1.5017345588662612,0.14665376551428333
7333,1.520057629385323,0.14844312786966044
7334,84.36131712533233,8.238409875520736
7335,84.28355310890812,8.23081573329181
7336,84.37649927238789,8.23989250706913
7337,1.5017345588662612,0.14665376551428333
7338,84.53992958897125,8.255852498922973
7339,84.1446629218648,8.21725223846336
7340,1.514590945738493,0.1479092720447747
7341,1.520057629385323,0.14844312786966044
7342,84.62459288585667,8.26412039900944
7343,85.19965697177103,8.320279001149515
7344,83.9567779083644,8.198904092613711
7345,83.56148017806512,8.160300798639172
7346,83.56148017806512,8.160300798639172
7347,1.520057629385323,0.14844312786966044
7348,1.5017345588662612,0.14665376551428333
7349,1.515298757929704,0.14797839432907264
7350,85.02476188194754,8.30319940253394
7351,1.4221627406752453,0.13888308014406692
7352,85.23392990164103,8.323625966957133
7353,85.02476188194754,8.30319940253394
7354,85.04020020576866,8.304707051344595
7355,85.18415934150133,8.318765560693489
7356,83.88470500402718,8.19186572304953
7357,83.81911087563785,8.185460046449009
7358,1.5017345588662612,0.14665376551428333
7359,83.88470500402718,8.19186572304953
7360,83.9567779083644,8.198904092613711
7361,84.62459288585667,8.26412039900944
7362,83.9567779083644,8.198904092613711
7363,84.69742160456961,8.27123257857125
7364,84.62459288585667,8.26412039900944
7365,84.36708519405525,8.238973163481958
7366,1.520057629385323,0.14844312786966044
7367,1.520057629385323,0.14844312786966044
7368,84.62459288585667,8.26412039900944
7369,84.37649927238789,8.23989250706913
7370,1.5017345588662612,0.14665376551428333
7371,83.9567779083644,8.198904092613711
7372,85.18415934150133,8.318765560693489
7373,85.02476188194754,8.30319940253394
7374,85.39412370603368,8.339269893167351
7375,83.88470500402718,8.19186572304953
7376,83.81911087563785,8.185460046449009
7377,1.514590945738493,0.1479092720447747
7378,84.53992958897125,8.255852498922973
7379,84.36708519405525,8.238973163481958
7380,85.02476188194754,8.30319940253394
7381,84.36131712533233,8.238409875520736
7382,1.5017345588662612,0.14665376551428333
7383,84.37649927238789,8.23989250706913
7384,83.56148017806512,8.160300798639172
7385,85.18415934150133,8.318765560693489
7386,85.19965697177103,8.320279001149515
7387,84.21093359522516,8.223723983908707
7388,1.4221627406752453,0.13888308014406692
7389,1.515298757929704,0.14797839432907264
7390,84.36131712533233,8.238409875520736
7391,1.520057629385323,0.14844312786966044
7392,1.514590945738493,0.1479092720447747
7393,84.63987849275809,8.265613134058407
7394,84.63987849275809,8.265613134058407
7395,85.04020020576866,8.304707051344595
7396,84.8317095725281,8.284346637942196
7397,85.18415934150133,8.318765560693489
7398,85.18415934150133,8.318765560693489
7399,83.88470500402718,8.19186572304953
7400,84.8317095725281,8.284346637942196
7401,84.56704356763748,8.258500348402098
7402,84.97307133777325,8.29815149782942
7403,85.39412370603368,8.339269893167351
7404,84.62459288585667,8.26412039900944
7405,1.515298757929704,0.14797839432907264
7406,84.63987849275809,8.265613134058407
7407,84.63987849275809,8.265613134058407
7408,84.62459288585667,8.26412039900944
7409,85.19965697177103,8.320279001149515
7410,85.39412370603368,8.339269893167351
7411,85.18415934150133,8.318765560693489
7412,84.97307133777325,8.29815149782942
7413,1.520057629385323,0.14844312786966044
7414,1.515298757929704,0.14797839432907264
7415,83.81911087563785,8.185460046449009
7416,83.81911087563785,8.185460046449009
7417,1.520057629385323,0.14844312786966044
7418,85.39412370603368,8.339269893167351
7419,83.56148017806512,8.160300798639172
7420,84.97307133777325,8.29815149782942
7421,85.04020020576866,8.304707051344595
7422,84.56704356763748,8.258500348402098
7423,84.28355310890812,8.23081573329181
7424,84.63987849275809,8.265613134058407
7425,85.39412370603368,8.339269893167351
7426,1.515298757929704,0.14797839432907264
7427,85.39412370603368,8.339269893167351
7428,84.37649927238789,8.23989250706913
7429,83.9567779083644,8.198904092613711
7430,84.56704356763748,8.258500348402098
7431,83.9567779083644,8.198904092613711
7432,1.5017345588662612,0.14665376551428333
7433,83.81911087563785,8.185460046449009
7434,84.37649927238789,8.23989250706913
7435,84.78056515329313,8.279352065751281
7436,84.69742160456961,8.27123257857125
7437,85.19965697177103,8.320279001149515
7438,84.63987849275809,8.265613134058407
7439,84.28355310890812,8.23081573329181
7440,85.18415934150133,8.318765560693489
7441,1.520057629385323,0.14844312786966044
7442,84.28355310890812,8.23081573329181
7443,85.02476188194754,8.30319940253394
7444,1.4221627406752453,0.13888308014406692
7445,85.39412370603368,8.339269893167351
7446,83.56148017806512,8.160300798639172
7447,84.69742160456961,8.27123257857125
7448,1.514590945738493,0.1479092720447747
7449,1.515298757929704,0.14797839432907264
7450,84.76522525283005,8.277854028596684
7451,1.4221627406752453,0.13888308014406692
7452,84.37649927238789,8.23989250706913
7453,83.81911087563785,8.185460046449009
7454,85.04020020576866,8.304707051344595
7455,85.19965697177103,8.320279001149515
7456,84.1446629218648,8.21725223846336
7457,84.63987849275809,8.265613134058407
7458,85.23392990164103,8.323625966957133
7459,84.78056515329313,8.279352065751281
7460,84.36708519405525,8.238973163481958
7461,85.02476188194754,8.30319940253394
7462,85.02476188194754,8.30319940253394
7463,84.37649927238789,8.23989250706913
7464,84.8317095725281,8.284346637942196
7465,84.69742160456961,8.27123257857125
7466,84.36131712533233,8.238409875520736
7467,85.04020020576866,8.304707051344595
7468,84.36708519405525,8.238973163481958
7469,1.514590945738493,0.1479092720447747
7470,84.36708519405525,8.238973163481958
7471,1.515298757929704,0.14797839432907264
7472,85.18415934150133,8.318765560693489
7473,84.62459288585667,8.26412039900944
7474,84.1446629218648,8.21725223846336
7475,84.28355310890812,8.23081573329181
7476,1.515298757929704,0.14797839432907264
7477,84.78056515329313,8.279352065751281
7478,84.8317095725281,8.284346637942196
7479,85.18415934150133,8.318765560693489
7480,84.62459288585667,8.26412039900944
7481,84.76522525283005,8.277854028596684
7482,83.56148017806512,8.160300798639172
7483,84.36708519405525,8.238973163481958
7484,83.81911087563785,8.185460046449009
7485,83.56148017806512,8.160300798639172
7486,84.1446629218648,8.21725223846336
7487,84.21093359522516,8.223723983908707
7488,1.514590945738493,0.1479092720447747
7489,84.62459288585667,8.26412039900944
7490,84.37649927238789,8.23989250706913
7491,83.88470500402718,8.19186572304953
7492,84.36131712533233,8.238409875520736
7493,84.97307133777325,8.29815149782942
7494,84.28355310890812,8.23081573329181
7495,84.37649927238789,8.23989250706913
7496,84.8317095725281,8.284346637942196
7497,1.5017345588662612,0.14665376551428333
7498,84.37649927238789,8.23989250706913
7499,1.520057629385323,0.14844312786966044
7500,85.23392990164103,8.323625966957133
7501,1.514590945738493,0.1479092720447747
7502,84.37649927238789,8.23989250706913
7503,1.515298757929704,0.14797839432907264
7504,84.53992958897125,8.255852498922973
7505,83.88470500402718,8.19186572304953
7506,85.02476188194754,8.30319940253394
7507,84.63987849275809,8.265613134058407
7508,83.88470500402718,8.19186572304953
7509,84.78056515329313,8.279352065751281
7510,85.02476188194754,8.30319940253394
7511,84.37649927238789,8.23989250706913
7512,1.4221627406752453,0.13888308014406692
7513,1.515298757929704,0.14797839432907264
7514,84.36131712533233,8.238409875520736
7515,84.8317095725281,8.284346637942196
7516,1.514590945738493,0.1479092720447747
7517,85.19965697177103,8.320279001149515
7518,1.520057629385323,0.14844312786966044
7519,84.69742160456961,8.27123257857125
7520,84.56704356763748,8.258500348402098
7521,84.53992958897125,8.255852498922973
7522,84.63987849275809,8.265613134058407
7523,84.21093359522516,8.223723983908707
7524,83.9567779083644,8.198904092613711
7525,83.56148017806512,8.160300798639172
7526,83.56148017806512,8.160300798639172
7527,1.4221627406752453,0.13888308014406692
7528,84.76522525283005,8.277854028596684
7529,84.1446629218648,8.21725223846336
7530,84.69742160456961,8.27123257857125
7531,84.62459288585667,8.26412039900944
7532,84.21093359522516,8.223723983908707
7533,83.56148017806512,8.160300798639172
7534,84.62459288585667,8.26412039900944
7535,84.76522525283005,8.277854028596684
7536,84.21093359522516,8.223723983908707
7537,84.53992958897125,8.255852498922973
7538,84.69742160456961,8.27123257857125
7539,84.8317095725281,8.284346637942196
7540,84.76522525283005,8.277854028596684
7541,1.514590945738493,0.1479092720447747
7542,85.39412370603368,8.339269893167351
7543,83.88470500402718,8.19186572304953
7544,85.04020020576866,8.304707051344595
7545,85.19965697177103,8.320279001149515
7546,1.515298757929704,0.14797839432907264
7547,85.23392990164103,8.323625966957133
7548,84.36131712533233,8.238409875520736
7549,83.9567779083644,8.198904092613711
7550,1.4221627406752453,0.13888308014406692
7551,84.76522525283005,8.277854028596684
7552,84.76522525283005,8.277854028596684
7553,1.520057629385323,0.14844312786966044
7554,85.02476188194754,8.30319940253394
7555,1.514590945738493,0.1479092720447747
7556,84.21093359522516,8.223723983908707
7557,85.02476188194754,8.30319940253394
7558,84.97307133777325,8.29815149782942
7559,84.21093359522516,8.223723983908707
7560,84.37649927238789,8.23989250706913
7561,84.76522525283005,8.277854028596684
7562,1.4221627406752453,0.13888308014406692
7563,1.514590945738493,0.1479092720447747
7564,84.8317095725281,8.284346637942196
7565,85.23392990164103,8.323625966957133
7566,1.514590945738493,0.1479092720447747
7567,84.8317095725281,8.284346637942196
7568,84.8317095725281,8.284346637942196
7569,83.88470500402718,8.19186572304953
7570,84.63987849275809,8.265613134058407
7571,84.78056515329313,8.279352065751281
7572,1.520057629385323,0.14844312786966044
7573,85.04020020576866,8.304707051344595
7574,1.514590945738493,0.1479092720447747
7575,84.1446629218648,8.21725223846336
7576,84.56704356763748,8.258500348402098
7577,84.8317095725281,8.284346637942196
7578,84.97307133777325,8.29815149782942
7579,84.36708519405525,8.238973163481958
7580,1.514590945738493,0.1479092720447747
7581,85.18415934150133,8.318765560693489
7582,83.81911087563785,8.185460046449009
7583,84.1446629218648,8.21725223846336
7584,83.81911087563785,8.185460046449009
7585,84.69742160456961,8.27123257857125
7586,84.8317095725281,8.284346637942196
7587,1.520057629385323,0.14844312786966044
7588,84.28355310890812,8.23081573329181
7589,84.56704356763748,8.258500348402098
7590,84.53992958897125,8.255852498922973
7591,84.97307133777325,8.29815149782942
7592,83.88470500402718,8.19186572304953
7593,84.21093359522516,8.223723983908707
7594,84.1446629218648,8.21725223846336
7595,85.39412370603368,8.339269893167351
7596,85.02476188194754,8.30319940253394
7597,85.19965697177103,8.320279001149515
7598,84.21093359522516,8.223723983908707
7599,1.520057629385323,0.14844312786966044
7600,84.69742160456961,8.27123257857125
7601,84.97307133777325,8.29815149782942
7602,84.37649927238789,8.23989250706913
7603,84.78056515329313,8.279352065751281
7604,84.36131712533233,8.238409875520736
7605,1.514590945738493,0.1479092720447747
7606,84.62459288585667,8.26412039900944
7607,83.9567779083644,8.198904092613711
7608,83.88470500402718,8.19186572304953
7609,1.4221627406752453,0.13888308014406692
7610,84.21093359522516,8.223723983908707
7611,1.4221627406752453,0.13888308014406692
7612,85.19965697177103,8.320279001149515
7613,84.56704356763748,8.258500348402098
7614,83.56148017806512,8.160300798639172
7615,85.02476188194754,8.30319940253394
7616,1.5017345588662612,0.14665376551428333
7617,83.56148017806512,8.160300798639172
7618,84.53992958897125,8.255852498922973
7619,84.97307133777325,8.29815149782942
7620,83.88470500402718,8.19186572304953
7621,84.1446629218648,8.21725223846336
7622,85.18415934150133,8.318765560693489
7623,84.62459288585667,8.26412039900944
7624,83.81911087563785,8.185460046449009
7625,84.21093359522516,8.223723983908707
7626,85.23392990164103,8.323625966957133
7627,84.56704356763748,8.258500348402098
7628,84.69742160456961,8.27123257857125
7629,84.8317095725281,8.284346637942196
7630,85.02476188194754,8.30319940253394
7631,84.63987849275809,8.265613134058407
7632,84.56704356763748,8.258500348402098
7633,85.39412370603368,8.339269893167351
7634,85.02476188194754,8.30319940253394
7635,1.515298757929704,0.14797839432907264
7636,84.8317095725281,8.284346637942196
7637,85.18415934150133,8.318765560693489
7638,84.63987849275809,8.265613134058407
7639,1.515298757929704,0.14797839432907264
7640,83.88470500402718,8.19186572304953
7641,1.5017345588662612,0.14665376551428333
7642,84.97307133777325,8.29815149782942
7643,85.19965697177103,8.320279001149515
7644,84.63987849275809,8.265613134058407
7645,85.23392990164103,8.323625966957133
7646,83.9567779083644,8.198904092613711
7647,1.4221627406752453,0.13888308014406692
7648,84.63987849275809,8.265613134058407
7649,85.04020020576866,8.304707051344595
7650,85.18415934150133,8.318765560693489
7651,1.520057629385323,0.14844312786966044
7652,83.81911087563785,8.185460046449009
7653,84.97307133777325,8.29815149782942
7654,84.37649927238789,8.23989250706913
7655,84.21093359522516,8.223723983908707
7656,84.78056515329313,8.279352065751281
7657,84.69742160456961,8.27123257857125
7658,84.8317095725281,8.284346637942196
7659,84.36708519405525,8.238973163481958
7660,1.514590945738493,0.1479092720447747
7661,84.1446629218648,8.21725223846336
7662,85.04020020576866,8.304707051344595
7663,84.78056515329313,8.279352065751281
7664,84.36708519405525,8.238973163481958
7665,83.9567779083644,8.198904092613711
7666,84.97307133777325,8.29815149782942
7667,85.02476188194754,8.30319940253394
7668,1.5017345588662612,0.14665376551428333
7669,84.97307133777325,8.29815149782942
7670,83.56148017806512,8.160300798639172
7671,1.520057629385323,0.14844312786966044
7672,84.78056515329313,8.279352065751281
7673,84.76522525283005,8.277854028596684
7674,84.1446629218648,8.21725223846336
7675,1.520057629385323,0.14844312786966044
7676,84.8317095725281,8.284346637942196
7677,85.19965697177103,8.320279001149515
7678,85.04020020576866,8.304707051344595
7679,84.28355310890812,8.23081573329181
7680,84.21093359522516,8.223723983908707
7681,85.19965697177103,8.320279001149515
7682,84.63987849275809,8.265613134058407
7683,84.8317095725281,8.284346637942196
7684,85.04020020576866,8.304707051344595
7685,84.56704356763748,8.258500348402098
7686,84.28355310890812,8.23081573329181
7687,84.21093359522516,8.223723983908707
7688,83.9567779083644,8.198904092613711
7689,85.19965697177103,8.320279001149515
7690,1.520057629385323,0.14844312786966044
7691,84.53992958897125,8.255852498922973
7692,1.4221627406752453,0.13888308014406692
7693,1.515298757929704,0.14797839432907264
7694,84.76522525283005,8.277854028596684
7695,84.62459288585667,8.26412039900944
7696,84.56704356763748,8.258500348402098
7697,84.76522525283005,8.277854028596684
7698,83.9567779083644,8.198904092613711
7699,85.02476188194754,8.30319940253394
7700,85.04020020576866,8.304707051344595
7701,84.76522525283005,8.277854028596684
7702,84.63987849275809,8.265613134058407
7703,84.8317095725281,8.284346637942196
7704,84.53992958897125,8.255852498922973
7705,83.81911087563785,8.185460046449009
7706,83.88470500402718,8.19186572304953
7707,84.56704356763748,8.258500348402098
7708,84.8317095725281,8.284346637942196
7709,84.69742160456961,8.27123257857125
7710,83.88470500402718,8.19186572304953
7711,84.1446629218648,8.21725223846336
7712,84.21093359522516,8.223723983908707
7713,1.515298757929704,0.14797839432907264
7714,84.69742160456961,8.27123257857125
7715,1.520057629385323,0.14844312786966044
7716,1.514590945738493,0.1479092720447747
7717,84.69742160456961,8.27123257857125
7718,1.520057629385323,0.14844312786966044
7719,84.53992958897125,8.255852498922973
7720,84.28355310890812,8.23081573329181
7721,85.18415934150133,8.318765560693489
7722,85.18415934150133,8.318765560693489
7723,84.69742160456961,8.27123257857125
7724,84.36131712533233,8.238409875520736
7725,84.36131712533233,8.238409875520736
7726,1.5017345588662612,0.14665376551428333
7727,84.8317095725281,8.284346637942196
7728,84.36708519405525,8.238973163481958
7729,1.5017345588662612,0.14665376551428333
7730,84.62459288585667,8.26412039900944
7731,85.23392990164103,8.323625966957133
7732,84.62459288585667,8.26412039900944
7733,84.78056515329313,8.279352065751281
7734,85.23392990164103,8.323625966957133
7735,84.97307133777325,8.29815149782942
7736,84.78056515329313,8.279352065751281
7737,84.62459288585667,8.26412039900944
7738,84.37649927238789,8.23989250706913
7739,83.88470500402718,8.19186572304953
7740,84.62459288585667,8.26412039900944
7741,83.81911087563785,8.185460046449009
7742,1.520057629385323,0.14844312786966044
7743,84.28355310890812,8.23081573329181
7744,83.81911087563785,8.185460046449009
7745,84.76522525283005,8.277854028596684
7746,84.62459288585667,8.26412039900944
7747,84.1446629218648,8.21725223846336
7748,85.39412370603368,8.339269893167351
7749,84.21093359522516,8.223723983908707
7750,84.53992958897125,8.255852498922973
7751,84.78056515329313,8.279352065751281
7752,85.04020020576866,8.304707051344595
7753,1.520057629385323,0.14844312786966044
7754,1.520057629385323,0.14844312786966044
7755,1.4221627406752453,0.13888308014406692
7756,83.88470500402718,8.19186572304953
7757,84.97307133777325,8.29815149782942
7758,1.515298757929704,0.14797839432907264
7759,85.18415934150133,8.318765560693489
7760,84.1446629218648,8.21725223846336
7761,83.56148017806512,8.160300798639172
7762,1.515298757929704,0.14797839432907264
7763,84.76522525283005,8.277854028596684
7764,85.39412370603368,8.339269893167351
7765,84.36131712533233,8.238409875520736
7766,84.1446629218648,8.21725223846336
7767,83.81911087563785,8.185460046449009
7768,84.69742160456961,8.27123257857125
7769,84.1446629218648,8.21725223846336
7770,1.514590945738493,0.1479092720447747
7771,84.97307133777325,8.29815149782942
7772,84.69742160456961,8.27123257857125
7773,85.23392990164103,8.323625966957133
7774,85.18415934150133,8.318765560693489
7775,1.520057629385323,0.14844312786966044
7776,84.28355310890812,8.23081573329181
7777,84.62459288585667,8.26412039900944
7778,85.19965697177103,8.320279001149515
7779,83.9567779083644,8.198904092613711
7780,1.515298757929704,0.14797839432907264
7781,85.23392990164103,8.323625966957133
7782,83.81911087563785,8.185460046449009
7783,85.19965697177103,8.320279001149515
7784,85.04020020576866,8.304707051344595
7785,84.56704356763748,8.258500348402098
7786,1.4221627406752453,0.13888308014406692
7787,83.81911087563785,8.185460046449009
7788,1.515298757929704,0.14797839432907264
7789,1.5017345588662612,0.14665376551428333
7790,84.53992958897125,8.255852498922973
7791,84.28355310890812,8.23081573329181
7792,83.81911087563785,8.185460046449009
7793,85.04020020576866,8.304707051344595
7794,1.5017345588662612,0.14665376551428333
7795,85.18415934150133,8.318765560693489
7796,85.18415934150133,8.318765560693489
7797,1.4221627406752453,0.13888308014406692
7798,83.81911087563785,8.185460046449009
7799,84.8317095725281,8.284346637942196
7800,1.514590945738493,0.1479092720447747
7801,84.8317095725281,8.284346637942196
7802,84.78056515329313,8.279352065751281
7803,1.515298757929704,0.14797839432907264
7804,84.36708519405525,8.238973163481958
7805,83.88470500402718,8.19186572304953
7806,1.5017345588662612,0.14665376551428333
7807,84.69742160456961,8.27123257857125
7808,85.19965697177103,8.320279001149515
7809,85.04020020576866,8.304707051344595
7810,84.78056515329313,8.279352065751281
7811,84.97307133777325,8.29815149782942
7812,84.37649927238789,8.23989250706913
7813,83.56148017806512,8.160300798639172
7814,84.97307133777325,8.29815149782942
7815,83.81911087563785,8.185460046449009
7816,84.1446629218648,8.21725223846336
7817,85.19965697177103,8.320279001149515
7818,84.62459288585667,8.26412039900944
7819,84.63987849275809,8.265613134058407
7820,84.28355310890812,8.23081573329181
7821,83.81911087563785,8.185460046449009
7822,85.19965697177103,8.320279001149515
7823,1.515298757929704,0.14797839432907264
7824,84.78056515329313,8.279352065751281
7825,84.97307133777325,8.29815149782942
7826,85.19965697177103,8.320279001149515
7827,85.02476188194754,8.30319940253394
7828,1.514590945738493,0.1479092720447747
7829,1.520057629385323,0.14844312786966044
7830,84.69742160456961,8.27123257857125
7831,85.39412370603368,8.339269893167351
7832,85.04020020576866,8.304707051344595
7833,1.5017345588662612,0.14665376551428333
7834,84.78056515329313,8.279352065751281
7835,84.36131712533233,8.238409875520736
7836,1.4221627406752453,0.13888308014406692
7837,1.514590945738493,0.1479092720447747
7838,1.4221627406752453,0.13888308014406692
7839,1.520057629385323,0.14844312786966044
7840,84.63987849275809,8.265613134058407
7841,84.8317095725281,8.284346637942196
7842,84.8317095725281,8.284346637942196
7843,83.81911087563785,8.185460046449009
7844,84.97307133777325,8.29815149782942
7845,1.515298757929704,0.14797839432907264
7846,84.69742160456961,8.27123257857125
7847,84.76522525283005,8.277854028596684
7848,84.56704356763748,8.258500348402098
7849,84.56704356763748,8.258500348402098
7850,83.56148017806512,8.160300798639172
7851,84.36708519405525,8.238973163481958
7852,1.4221627406752453,0.13888308014406692
7853,84.63987849275809,8.265613134058407
7854,84.36131712533233,8.238409875520736
7855,84.28355310890812,8.23081573329181
7856,85.23392990164103,8.323625966957133
7857,84.28355310890812,8.23081573329181
7858,1.514590945738493,0.1479092720447747
7859,83.81911087563785,8.185460046449009
7860,84.37649927238789,8.23989250706913
7861,83.9567779083644,8.198904092613711
7862,84.36708519405525,8.238973163481958
7863,1.515298757929704,0.14797839432907264
7864,83.9567779083644,8.198904092613711
7865,84.56704356763748,8.258500348402098
7866,84.76522525283005,8.277854028596684
7867,85.39412370603368,8.339269893167351
7868,84.62459288585667,8.26412039900944
7869,1.5017345588662612,0.14665376551428333
7870,85.39412370603368,8.339269893167351
7871,83.56148017806512,8.160300798639172
7872,84.36131712533233,8.238409875520736
7873,83.81911087563785,8.185460046449009
7874,1.4221627406752453,0.13888308014406692
7875,85.04020020576866,8.304707051344595
7876,85.23392990164103,8.323625966957133
7877,84.69742160456961,8.27123257857125
7878,84.21093359522516,8.223723983908707
7879,85.04020020576866,8.304707051344595
7880,84.62459288585667,8.26412039900944
7881,85.02476188194754,8.30319940253394
7882,84.36708519405525,8.238973163481958
7883,83.9567779083644,8.198904092613711
7884,1.520057629385323,0.14844312786966044
7885,1.4221627406752453,0.13888308014406692
7886,83.9567779083644,8.198904092613711
7887,85.02476188194754,8.30319940253394
7888,1.515298757929704,0.14797839432907264
7889,84.36131712533233,8.238409875520736
7890,84.97307133777325,8.29815149782942
7891,85.18415934150133,8.318765560693489
7892,84.56704356763748,8.258500348402098
7893,1.4221627406752453,0.13888308014406692
7894,84.36708519405525,8.238973163481958
7895,84.63987849275809,8.265613134058407
7896,84.8317095725281,8.284346637942196
7897,85.23392990164103,8.323625966957133
7898,84.1446629218648,8.21725223846336
7899,84.21093359522516,8.223723983908707
7900,85.02476188194754,8.30319940253394
7901,85.18415934150133,8.318765560693489
7902,84.36708519405525,8.238973163481958
7903,83.88470500402718,8.19186572304953
7904,1.4221627406752453,0.13888308014406692
7905,84.62459288585667,8.26412039900944
7906,85.04020020576866,8.304707051344595
7907,84.53992958897125,8.255852498922973
7908,85.39412370603368,8.339269893167351
7909,85.02476188194754,8.30319940253394
7910,84.28355310890812,8.23081573329181
7911,85.02476188194754,8.30319940253394
7912,83.56148017806512,8.160300798639172
7913,83.88470500402718,8.19186572304953
7914,1.5017345588662612,0.14665376551428333
7915,84.37649927238789,8.23989250706913
7916,1.4221627406752453,0.13888308014406692
7917,1.4221627406752453,0.13888308014406692
7918,84.1446629218648,8.21725223846336
7919,84.76522525283005,8.277854028596684
7920,83.9567779083644,8.198904092613711
7921,85.02476188194754,8.30319940253394
7922,84.53992958897125,8.255852498922973
7923,84.1446629218648,8.21725223846336
7924,84.56704356763748,8.258500348402098
7925,1.5017345588662612,0.14665376551428333
7926,84.62459288585667,8.26412039900944
7927,83.9567779083644,8.198904092613711
7928,84.76522525283005,8.277854028596684
7929,83.9567779083644,8.198904092613711
7930,84.37649927238789,8.23989250706913
7931,84.56704356763748,8.258500348402098
7932,1.514590945738493,0.1479092720447747
7933,84.76522525283005,8.277854028596684
7934,84.56704356763748,8.258500348402098
7935,84.28355310890812,8.23081573329181
7936,83.56148017806512,8.160300798639172
7937,85.39412370603368,8.339269893167351
7938,83.81911087563785,8.185460046449009
7939,84.56704356763748,8.258500348402098
7940,1.4221627406752453,0.13888308014406692
7941,85.04020020576866,8.304707051344595
7942,84.78056515329313,8.279352065751281
7943,84.62459288585667,8.26412039900944
7944,84.56704356763748,8.258500348402098
7945,1.515298757929704,0.14797839432907264
7946,1.515298757929704,0.14797839432907264
7947,83.88470500402718,8.19186572304953
7948,1.520057629385323,0.14844312786966044
7949,1.515298757929704,0.14797839432907264
7950,84.63987849275809,8.265613134058407
7951,84.37649927238789,8.23989250706913
7952,84.76522525283005,8.277854028596684
7953,1.514590945738493,0.1479092720447747
7954,84.76522525283005,8.277854028596684
7955,1.4221627406752453,0.13888308014406692
7956,85.39412370603368,8.339269893167351
7957,84.62459288585667,8.26412039900944
7958,84.78056515329313,8.279352065751281
7959,83.56148017806512,8.160300798639172
7960,1.514590945738493,0.1479092720447747
7961,85.18415934150133,8.318765560693489
7962,84.21093359522516,8.223723983908707
7963,84.97307133777325,8.29815149782942
7964,83.9567779083644,8.198904092613711
7965,84.56704356763748,8.258500348402098
7966,84.78056515329313,8.279352065751281
7967,84.36708519405525,8.238973163481958
7968,84.76522525283005,8.277854028596684
7969,84.78056515329313,8.279352065751281
7970,84.21093359522516,8.223723983908707
7971,84.21093359522516,8.223723983908707
7972,84.97307133777325,8.29815149782942
7973,83.88470500402718,8.19186572304953
7974,84.97307133777325,8.29815149782942
7975,1.520057629385323,0.14844312786966044
7976,1.5017345588662612,0.14665376551428333
7977,1.520057629385323,0.14844312786966044
7978,84.56704356763748,8.258500348402098
7979,85.18415934150133,8.318765560693489
7980,1.5017345588662612,0.14665376551428333
7981,84.97307133777325,8.29815149782942
7982,84.53992958897125,8.255852498922973
7983,83.9567779083644,8.198904092613711
7984,84.76522525283005,8.277854028596684
7985,85.02476188194754,8.30319940253394
7986,84.69742160456961,8.27123257857125
7987,1.515298757929704,0.14797839432907264
7988,84.21093359522516,8.223723983908707
7989,83.9567779083644,8.198904092613711
7990,1.514590945738493,0.1479092720447747
7991,84.36708519405525,8.238973163481958
7992,84.63987849275809,8.265613134058407
7993,1.5017345588662612,0.14665376551428333
7994,83.81911087563785,8.185460046449009
7995,85.39412370603368,8.339269893167351
7996,1.4221627406752453,0.13888308014406692
7997,84.37649927238789,8.23989250706913
7998,84.53992958897125,8.255852498922973
7999,85.23392990164103,8.323625966957133
8000,83.88470500402718,8.19186572304953
8001,85.39412370603368,8.339269893167351
8002,84.69742160456961,8.27123257857125
8003,83.81911087563785,8.185460046449009
8004,1.4221627406752453,0.13888308014406692
8005,1.5017345588662612,0.14665376551428333
8006,85.23392990164103,8.323625966957133
8007,85.02476188194754,8.30319940253394
8008,84.62459288585667,8.26412039900944
8009,84.97307133777325,8.29815149782942
8010,84.53992958897125,8.255852498922973
8011,85.02476188194754,8.30319940253394
8012,83.81911087563785,8.185460046449009
8013,1.4221627406752453,0.13888308014406692
8014,83.9567779083644,8.198904092613711
8015,84.36708519405525,8.238973163481958
8016,85.04020020576866,8.304707051344595
8017,85.02476188194754,8.30319940253394
8018,83.81911087563785,8.185460046449009
8019,1.515298757929704,0.14797839432907264
8020,84.78056515329313,8.279352065751281
8021,1.520057629385323,0.14844312786966044
8022,83.56148017806512,8.160300798639172
8023,84.28355310890812,8.23081573329181
8024,1.514590945738493,0.1479092720447747
8025,85.04020020576866,8.304707051344595
8026,84.1446629218648,8.21725223846336
8027,84.53992958897125,8.255852498922973
8028,84.76522525283005,8.277854028596684
8029,84.21093359522516,8.223723983908707
8030,1.4221627406752453,0.13888308014406692
8031,83.56148017806512,8.160300798639172
8032,1.520057629385323,0.14844312786966044
8033,85.02476188194754,8.30319940253394
8034,1.515298757929704,0.14797839432907264
8035,84.62459288585667,8.26412039900944
8036,84.62459288585667,8.26412039900944
8037,83.88470500402718,8.19186572304953
8038,83.56148017806512,8.160300798639172
8039,85.04020020576866,8.304707051344595
8040,85.04020020576866,8.304707051344595
8041,84.36131712533233,8.238409875520736
8042,1.515298757929704,0.14797839432907264
8043,1.514590945738493,0.1479092720447747
8044,84.1446629218648,8.21725223846336
8045,83.9567779083644,8.198904092613711
8046,1.5017345588662612,0.14665376551428333
8047,85.18415934150133,8.318765560693489
8048,84.21093359522516,8.223723983908707
8049,84.28355310890812,8.23081573329181
8050,85.39412370603368,8.339269893167351
8051,84.76522525283005,8.277854028596684
8052,1.514590945738493,0.1479092720447747
8053,85.19965697177103,8.320279001149515
8054,85.23392990164103,8.323625966957133
8055,1.515298757929704,0.14797839432907264
8056,84.36708519405525,8.238973163481958
8057,84.78056515329313,8.279352065751281
8058,85.19965697177103,8.320279001149515
8059,84.37649927238789,8.23989250706913
8060,1.520057629385323,0.14844312786966044
8061,1.520057629385323,0.14844312786966044
8062,1.514590945738493,0.1479092720447747
8063,84.8317095725281,8.284346637942196
8064,1.5017345588662612,0.14665376551428333
8065,84.76522525283005,8.277854028596684
8066,84.8317095725281,8.284346637942196
8067,85.18415934150133,8.318765560693489
8068,1.4221627406752453,0.13888308014406692
8069,84.21093359522516,8.223723983908707
8070,83.81911087563785,8.185460046449009
8071,84.62459288585667,8.26412039900944
8072,85.39412370603368,8.339269893167351
8073,85.39412370603368,8.339269893167351
8074,85.02476188194754,8.30319940253394
8075,85.18415934150133,8.318765560693489
8076,1.515298757929704,0.14797839432907264
8077,84.63987849275809,8.265613134058407
8078,84.69742160456961,8.27123257857125
8079,84.21093359522516,8.223723983908707
8080,84.36708519405525,8.238973163481958
8081,1.4221627406752453,0.13888308014406692
8082,83.9567779083644,8.198904092613711
8083,85.18415934150133,8.318765560693489
8084,1.4221627406752453,0.13888308014406692
8085,84.8317095725281,8.284346637942196
8086,1.5017345588662612,0.14665376551428333
8087,83.56148017806512,8.160300798639172
8088,84.97307133777325,8.29815149782942
8089,1.4221627406752453,0.13888308014406692
8090,1.514590945738493,0.1479092720447747
8091,85.04020020576866,8.304707051344595
8092,85.23392990164103,8.323625966957133
8093,85.19965697177103,8.320279001149515
8094,84.1446629218648,8.21725223846336
8095,83.81911087563785,8.185460046449009
8096,85.19965697177103,8.320279001149515
8097,84.63987849275809,8.265613134058407
8098,84.63987849275809,8.265613134058407
8099,85.18415934150133,8.318765560693489
8100,84.28355310890812,8.23081573329181
8101,84.69742160456961,8.27123257857125
8102,1.514590945738493,0.1479092720447747
8103,84.69742160456961,8.27123257857125
8104,84.8317095725281,8.284346637942196
8105,83.9567779083644,8.198904092613711
8106,83.81911087563785,8.185460046449009
8107,1.4221627406752453,0.13888308014406692
8108,84.21093359522516,8.223723983908707
8109,84.62459288585667,8.26412039900944
8110,83.56148017806512,8.160300798639172
8111,84.28355310890812,8.23081573329181
8112,83.81911087563785,8.185460046449009
8113,85.23392990164103,8.323625966957133
8114,83.88470500402718,8.19186572304953
8115,84.53992958897125,8.255852498922973
8116,83.9567779083644,8.198904092613711
8117,84.56704356763748,8.258500348402098
8118,84.97307133777325,8.29815149782942
8119,85.39412370603368,8.339269893167351
8120,1.4221627406752453,0.13888308014406692
8121,1.4221627406752453,0.13888308014406692
8122,85.04020020576866,8.304707051344595
8123,1.520057629385323,0.14844312786966044
8124,1.520057629385323,0.14844312786966044
8125,84.76522525283005,8.277854028596684
8126,84.28355310890812,8.23081573329181
8127,84.56704356763748,8.258500348402098
8128,83.81911087563785,8.185460046449009
8129,84.28355310890812,8.23081573329181
8130,84.1446629218648,8.21725223846336
8131,84.97307133777325,8.29815149782942
8132,83.88470500402718,8.19186572304953
8133,1.515298757929704,0.14797839432907264
8134,85.19965697177103,8.320279001149515
8135,85.23392990164103,8.323625966957133
8136,84.53992958897125,8.255852498922973
8137,85.19965697177103,8.320279001149515
8138,1.514590945738493,0.1479092720447747
8139,85.23392990164103,8.323625966957133
8140,84.63987849275809,8.265613134058407
8141,83.56148017806512,8.160300798639172
8142,85.18415934150133,8.318765560693489
8143,84.36131712533233,8.238409875520736
8144,84.78056515329313,8.279352065751281
8145,85.39412370603368,8.339269893167351
8146,83.56148017806512,8.160300798639172
8147,84.97307133777325,8.29815149782942
8148,85.23392990164103,8.323625966957133
8149,1.520057629385323,0.14844312786966044
8150,1.515298757929704,0.14797839432907264
8151,84.21093359522516,8.223723983908707
8152,85.23392990164103,8.323625966957133
8153,84.62459288585667,8.26412039900944
8154,84.8317095725281,8.284346637942196
8155,83.81911087563785,8.185460046449009
8156,85.39412370603368,8.339269893167351
8157,84.56704356763748,8.258500348402098
8158,84.53992958897125,8.255852498922973
8159,84.28355310890812,8.23081573329181
8160,84.69742160456961,8.27123257857125
8161,1.514590945738493,0.1479092720447747
8162,83.56148017806512,8.160300798639172
8163,84.62459288585667,8.26412039900944
8164,1.515298757929704,0.14797839432907264
8165,84.69742160456961,8.27123257857125
8166,84.36708519405525,8.238973163481958
8167,85.04020020576866,8.304707051344595
8168,85.04020020576866,8.304707051344595
8169,84.76522525283005,8.277854028596684
8170,83.9567779083644,8.198904092613711
8171,85.19965697177103,8.320279001149515
8172,1.520057629385323,0.14844312786966044
8173,83.81911087563785,8.185460046449009
8174,1.5017345588662612,0.14665376551428333
8175,84.78056515329313,8.279352065751281
8176,84.8317095725281,8.284346637942196
8177,84.37649927238789,8.23989250706913
8178,84.8317095725281,8.284346637942196
8179,84.37649927238789,8.23989250706913
8180,85.04020020576866,8.304707051344595
8181,85.18415934150133,8.318765560693489
8182,84.53992958897125,8.255852498922973
8183,85.23392990164103,8.323625966957133
8184,84.69742160456961,8.27123257857125
8185,84.62459288585667,8.26412039900944
8186,84.37649927238789,8.23989250706913
8187,84.78056515329313,8.279352065751281
8188,84.1446629218648,8.21725223846336
8189,84.69742160456961,8.27123257857125
8190,85.39412370603368,8.339269893167351
8191,84.36131712533233,8.238409875520736
8192,85.04020020576866,8.304707051344595
8193,85.04020020576866,8.304707051344595
8194,84.53992958897125,8.255852498922973
8195,84.63987849275809,8.265613134058407
8196,84.78056515329313,8.279352065751281
8197,83.88470500402718,8.19186572304953
8198,85.04020020576866,8.304707051344595
8199,84.53992958897125,8.255852498922973
8200,85.02476188194754,8.30319940253394
8201,84.36708519405525,8.238973163481958
8202,84.8317095725281,8.284346637942196
8203,84.21093359522516,8.223723983908707
8204,83.88470500402718,8.19186572304953
8205,84.76522525283005,8.277854028596684
8206,84.69742160456961,8.27123257857125
8207,85.18415934150133,8.318765560693489
8208,83.81911087563785,8.185460046449009
8209,1.515298757929704,0.14797839432907264
8210,84.69742160456961,8.27123257857125
8211,83.9567779083644,8.198904092613711
8212,84.37649927238789,8.23989250706913
8213,84.21093359522516,8.223723983908707
8214,84.69742160456961,8.27123257857125
8215,1.5017345588662612,0.14665376551428333
8216,1.4221627406752453,0.13888308014406692
8217,1.4221627406752453,0.13888308014406692
8218,83.81911087563785,8.185460046449009
8219,84.8317095725281,8.284346637942196
8220,84.53992958897125,8.255852498922973
8221,1.515298757929704,0.14797839432907264
8222,84.53992958897125,8.255852498922973
8223,83.56148017806512,8.160300798639172
8224,84.97307133777325,8.29815149782942
8225,84.62459288585667,8.26412039900944
8226,84.8317095725281,8.284346637942196
8227,84.63987849275809,8.265613134058407
8228,84.62459288585667,8.26412039900944
8229,85.39412370603368,8.339269893167351
8230,84.53992958897125,8.255852498922973
8231,85.23392990164103,8.323625966957133
8232,1.514590945738493,0.1479092720447747
8233,85.04020020576866,8.304707051344595
8234,1.514590945738493,0.1479092720447747
8235,84.36708519405525,8.238973163481958
8236,85.18415934150133,8.318765560693489
8237,84.78056515329313,8.279352065751281
8238,84.63987849275809,8.265613134058407
8239,84.8317095725281,8.284346637942196
8240,84.76522525283005,8.277854028596684
8241,1.4221627406752453,0.13888308014406692
8242,1.520057629385323,0.14844312786966044
8243,1.520057629385323,0.14844312786966044
8244,84.76522525283005,8.277854028596684
8245,83.88470500402718,8.19186572304953
8246,84.78056515329313,8.279352065751281
8247,83.9567779083644,8.198904092613711
8248,84.21093359522516,8.223723983908707
8249,84.78056515329313,8.279352065751281
8250,1.514590945738493,0.1479092720447747
8251,83.88470500402718,8.19186572304953
8252,84.21093359522516,8.223723983908707
8253,85.39412370603368,8.339269893167351
8254,84.78056515329313,8.279352065751281
8255,84.63987849275809,8.265613134058407
8256,85.23392990164103,8.323625966957133
8257,84.53992958897125,8.255852498922973
8258,1.515298757929704,0.14797839432907264
8259,84.78056515329313,8.279352065751281
8260,83.88470500402718,8.19186572304953
8261,85.02476188194754,8.30319940253394
8262,83.9567779083644,8.198904092613711
8263,84.62459288585667,8.26412039900944
8264,83.88470500402718,8.19186572304953
8265,1.520057629385323,0.14844312786966044
8266,84.36708519405525,8.238973163481958
8267,1.520057629385323,0.14844312786966044
8268,84.62459288585667,8.26412039900944
8269,84.21093359522516,8.223723983908707
8270,85.19965697177103,8.320279001149515
8271,84.1446629218648,8.21725223846336
8272,1.5017345588662612,0.14665376551428333
8273,84.76522525283005,8.277854028596684
8274,84.8317095725281,8.284346637942196
8275,85.23392990164103,8.323625966957133
8276,84.37649927238789,8.23989250706913
8277,84.53992958897125,8.255852498922973
8278,84.56704356763748,8.258500348402098
8279,84.53992958897125,8.255852498922973
8280,85.02476188194754,8.30319940253394
8281,84.36131712533233,8.238409875520736
8282,85.04020020576866,8.304707051344595
8283,84.1446629218648,8.21725223846336
8284,84.36708519405525,8.238973163481958
8285,84.76522525283005,8.277854028596684
8286,84.62459288585667,8.26412039900944
8287,84.97307133777325,8.29815149782942
8288,1.4221627406752453,0.13888308014406692
8289,84.1446629218648,8.21725223846336
8290,85.18415934150133,8.318765560693489
8291,85.23392990164103,8.323625966957133
8292,84.8317095725281,8.284346637942196
8293,83.81911087563785,8.185460046449009
8294,85.04020020576866,8.304707051344595
8295,1.514590945738493,0.1479092720447747
8296,85.23392990164103,8.323625966957133
8297,84.36131712533233,8.238409875520736
8298,84.78056515329313,8.279352065751281
8299,84.62459288585667,8.26412039900944
8300,84.36131712533233,8.238409875520736
8301,1.520057629385323,0.14844312786966044
8302,1.520057629385323,0.14844312786966044
8303,85.23392990164103,8.323625966957133
8304,84.76522525283005,8.277854028596684
8305,84.1446629218648,8.21725223846336
8306,83.56148017806512,8.160300798639172
8307,1.5017345588662612,0.14665376551428333
8308,84.76522525283005,8.277854028596684
8309,84.8317095725281,8.284346637942196
8310,1.514590945738493,0.1479092720447747
8311,84.36131712533233,8.238409875520736
8312,84.69742160456961,8.27123257857125
8313,1.520057629385323,0.14844312786966044
8314,1.4221627406752453,0.13888308014406692
8315,84.78056515329313,8.279352065751281
8316,84.62459288585667,8.26412039900944
8317,83.88470500402718,8.19186572304953
8318,85.02476188194754,8.30319940253394
8319,1.5017345588662612,0.14665376551428333
8320,1.520057629385323,0.14844312786966044
8321,85.39412370603368,8.339269893167351
8322,84.21093359522516,8.223723983908707
8323,85.18415934150133,8.318765560693489
8324,84.69742160456961,8.27123257857125
8325,83.81911087563785,8.185460046449009
8326,85.18415934150133,8.318765560693489
8327,85.19965697177103,8.320279001149515
8328,1.515298757929704,0.14797839432907264
8329,1.514590945738493,0.1479092720447747
8330,85.39412370603368,8.339269893167351
8331,85.23392990164103,8.323625966957133
8332,84.37649927238789,8.23989250706913
8333,85.02476188194754,8.30319940253394
8334,84.56704356763748,8.258500348402098
8335,83.81911087563785,8.185460046449009
8336,83.9567779083644,8.198904092613711
8337,85.18415934150133,8.318765560693489
8338,84.53992958897125,8.255852498922973
8339,85.02476188194754,8.30319940253394
8340,1.4221627406752453,0.13888308014406692
8341,84.8317095725281,8.284346637942196
8342,1.520057629385323,0.14844312786966044
8343,83.81911087563785,8.185460046449009
8344,1.514590945738493,0.1479092720447747
8345,1.514590945738493,0.1479092720447747
8346,84.36708519405525,8.238973163481958
8347,85.19965697177103,8.320279001149515
8348,83.56148017806512,8.160300798639172
8349,1.5017345588662612,0.14665376551428333
8350,83.9567779083644,8.198904092613711
8351,84.63987849275809,8.265613134058407
8352,83.9567779083644,8.198904092613711
8353,83.88470500402718,8.19186572304953
8354,84.63987849275809,8.265613134058407
8355,84.62459288585667,8.26412039900944
8356,85.23392990164103,8.323625966957133
8357,84.69742160456961,8.27123257857125
8358,83.56148017806512,8.160300798639172
8359,85.23392990164103,8.323625966957133
8360,1.515298757929704,0.14797839432907264
8361,1.514590945738493,0.1479092720447747
8362,83.81911087563785,8.185460046449009
8363,84.53992958897125,8.255852498922973
8364,85.19965697177103,8.320279001149515
8365,84.69742160456961,8.27123257857125
8366,85.23392990164103,8.323625966957133
8367,84.8317095725281,8.284346637942196
8368,1.514590945738493,0.1479092720447747
8369,1.4221627406752453,0.13888308014406692
8370,83.81911087563785,8.185460046449009
8371,84.21093359522516,8.223723983908707
8372,1.5017345588662612,0.14665376551428333
8373,1.515298757929704,0.14797839432907264
8374,83.88470500402718,8.19186572304953
8375,85.18415934150133,8.318765560693489
8376,84.21093359522516,8.223723983908707
8377,84.1446629218648,8.21725223846336
8378,83.56148017806512,8.160300798639172
8379,84.28355310890812,8.23081573329181
8380,84.37649927238789,8.23989250706913
8381,85.18415934150133,8.318765560693489
8382,84.28355310890812,8.23081573329181
8383,83.56148017806512,8.160300798639172
8384,84.8317095725281,8.284346637942196
8385,84.78056515329313,8.279352065751281
8386,84.78056515329313,8.279352065751281
8387,84.56704356763748,8.258500348402098
8388,84.53992958897125,8.255852498922973
8389,85.02476188194754,8.30319940253394
8390,84.28355310890812,8.23081573329181
8391,85.39412370603368,8.339269893167351
8392,83.9567779083644,8.198904092613711
8393,84.53992958897125,8.255852498922973
8394,84.36708519405525,8.238973163481958
8395,84.63987849275809,8.265613134058407
8396,1.515298757929704,0.14797839432907264
8397,84.21093359522516,8.223723983908707
8398,1.514590945738493,0.1479092720447747
8399,84.56704356763748,8.258500348402098
8400,84.97307133777325,8.29815149782942
8401,84.37649927238789,8.23989250706913
8402,1.515298757929704,0.14797839432907264
8403,1.5017345588662612,0.14665376551428333
8404,83.56148017806512,8.160300798639172
8405,1.520057629385323,0.14844312786966044
8406,85.18415934150133,8.318765560693489
8407,1.4221627406752453,0.13888308014406692
8408,1.5017345588662612,0.14665376551428333
8409,1.515298757929704,0.14797839432907264
8410,84.62459288585667,8.26412039900944
8411,84.78056515329313,8.279352065751281
8412,85.39412370603368,8.339269893167351
8413,83.88470500402718,8.19186572304953
8414,84.69742160456961,8.27123257857125
8415,83.88470500402718,8.19186572304953
8416,85.23392990164103,8.323625966957133
8417,84.1446629218648,8.21725223846336
8418,83.81911087563785,8.185460046449009
8419,84.76522525283005,8.277854028596684
8420,85.02476188194754,8.30319940253394
8421,84.63987849275809,8.265613134058407
8422,85.19965697177103,8.320279001149515
8423,85.19965697177103,8.320279001149515
8424,85.02476188194754,8.30319940253394
8425,84.8317095725281,8.284346637942196
8426,84.62459288585667,8.26412039900944
8427,83.56148017806512,8.160300798639172
8428,83.81911087563785,8.185460046449009
8429,84.69742160456961,8.27123257857125
8430,84.28355310890812,8.23081573329181
8431,84.8317095725281,8.284346637942196
8432,83.9567779083644,8.198904092613711
8433,84.76522525283005,8.277854028596684
8434,84.56704356763748,8.258500348402098
8435,1.4221627406752453,0.13888308014406692
8436,84.1446629218648,8.21725223846336
8437,84.1446629218648,8.21725223846336
8438,85.18415934150133,8.318765560693489
8439,84.8317095725281,8.284346637942196
8440,1.4221627406752453,0.13888308014406692
8441,83.9567779083644,8.198904092613711
8442,1.4221627406752453,0.13888308014406692
8443,85.02476188194754,8.30319940253394
8444,84.36708519405525,8.238973163481958
8445,1.520057629385323,0.14844312786966044
8446,84.36708519405525,8.238973163481958
8447,85.04020020576866,8.304707051344595
8448,1.4221627406752453,0.13888308014406692
8449,85.19965697177103,8.320279001149515
8450,83.56148017806512,8.160300798639172
8451,84.1446629218648,8.21725223846336
8452,85.18415934150133,8.318765560693489
8453,84.21093359522516,8.223723983908707
8454,85.04020020576866,8.304707051344595
8455,83.88470500402718,8.19186572304953
8456,1.4221627406752453,0.13888308014406692
8457,1.520057629385323,0.14844312786966044
8458,84.97307133777325,8.29815149782942
8459,84.36708519405525,8.238973163481958
8460,85.04020020576866,8.304707051344595
8461,85.39412370603368,8.339269893167351
8462,84.56704356763748,8.258500348402098
8463,84.53992958897125,8.255852498922973
8464,85.23392990164103,8.323625966957133
8465,85.23392990164103,8.323625966957133
8466,84.56704356763748,8.258500348402098
8467,83.56148017806512,8.160300798639172
8468,84.36708519405525,8.238973163481958
8469,85.02476188194754,8.30319940253394
8470,84.28355310890812,8.23081573329181
8471,84.78056515329313,8.279352065751281
8472,85.19965697177103,8.320279001149515
8473,84.28355310890812,8.23081573329181
8474,85.04020020576866,8.304707051344595
8475,1.520057629385323,0.14844312786966044
8476,85.04020020576866,8.304707051344595
8477,83.9567779083644,8.198904092613711
8478,83.81911087563785,8.185460046449009
8479,84.63987849275809,8.265613134058407
8480,83.81911087563785,8.185460046449009
8481,84.78056515329313,8.279352065751281
8482,85.19965697177103,8.320279001149515
8483,1.4221627406752453,0.13888308014406692
8484,84.1446629218648,8.21725223846336
8485,84.56704356763748,8.258500348402098
8486,84.1446629218648,8.21725223846336
8487,85.02476188194754,8.30319940253394
8488,84.1446629218648,8.21725223846336
8489,84.78056515329313,8.279352065751281
8490,1.4221627406752453,0.13888308014406692
8491,84.56704356763748,8.258500348402098
8492,85.18415934150133,8.318765560693489
8493,85.39412370603368,8.339269893167351
8494,84.37649927238789,8.23989250706913
8495,84.28355310890812,8.23081573329181
8496,84.28355310890812,8.23081573329181
8497,84.53992958897125,8.255852498922973
8498,85.18415934150133,8.318765560693489
8499,84.97307133777325,8.29815149782942
8500,1.4221627406752453,0.13888308014406692
8501,1.514590945738493,0.1479092720447747
8502,84.28355310890812,8.23081573329181
8503,85.23392990164103,8.323625966957133
8504,84.62459288585667,8.26412039900944
8505,1.514590945738493,0.1479092720447747
8506,1.515298757929704,0.14797839432907264
8507,85.04020020576866,8.304707051344595
8508,1.515298757929704,0.14797839432907264
8509,84.63987849275809,8.265613134058407
8510,83.9567779083644,8.198904092613711
8511,1.5017345588662612,0.14665376551428333
8512,84.56704356763748,8.258500348402098
8513,83.9567779083644,8.198904092613711
8514,83.81911087563785,8.185460046449009
8515,83.56148017806512,8.160300798639172
8516,84.76522525283005,8.277854028596684
8517,85.39412370603368,8.339269893167351
8518,1.515298757929704,0.14797839432907264
8519,84.1446629218648,8.21725223846336
8520,1.4221627406752453,0.13888308014406692
8521,84.36131712533233,8.238409875520736
8522,84.76522525283005,8.277854028596684
8523,84.8317095725281,8.284346637942196
8524,84.21093359522516,8.223723983908707
8525,84.37649927238789,8.23989250706913
8526,84.28355310890812,8.23081573329181
8527,84.78056515329313,8.279352065751281
8528,84.36708519405525,8.238973163481958
8529,84.62459288585667,8.26412039900944
8530,83.88470500402718,8.19186572304953
8531,83.56148017806512,8.160300798639172
8532,1.5017345588662612,0.14665376551428333
8533,1.5017345588662612,0.14665376551428333
8534,1.520057629385323,0.14844312786966044
8535,1.520057629385323,0.14844312786966044
8536,84.69742160456961,8.27123257857125
8537,85.23392990164103,8.323625966957133
8538,83.88470500402718,8.19186572304953
8539,84.36131712533233,8.238409875520736
8540,83.9567779083644,8.198904092613711
8541,84.76522525283005,8.277854028596684
8542,83.88470500402718,8.19186572304953
8543,84.36708519405525,8.238973163481958
8544,84.1446629218648,8.21725223846336
8545,84.1446629218648,8.21725223846336
8546,84.36131712533233,8.238409875520736
8547,84.53992958897125,8.255852498922973
8548,85.04020020576866,8.304707051344595
8549,84.28355310890812,8.23081573329181
8550,1.514590945738493,0.1479092720447747
8551,83.56148017806512,8.160300798639172
8552,83.88470500402718,8.19186572304953
8553,1.4221627406752453,0.13888308014406692
8554,84.69742160456961,8.27123257857125
8555,84.53992958897125,8.255852498922973
8556,84.63987849275809,8.265613134058407
8557,85.19965697177103,8.320279001149515
8558,83.9567779083644,8.198904092613711
8559,1.520057629385323,0.14844312786966044
8560,84.36131712533233,8.238409875520736
8561,84.8317095725281,8.284346637942196
8562,84.8317095725281,8.284346637942196
8563,84.78056515329313,8.279352065751281
8564,83.81911087563785,8.185460046449009
8565,1.515298757929704,0.14797839432907264
8566,83.56148017806512,8.160300798639172
8567,84.56704356763748,8.258500348402098
8568,84.76522525283005,8.277854028596684
8569,84.36708519405525,8.238973163481958
8570,85.39412370603368,8.339269893167351
8571,84.76522525283005,8.277854028596684
8572,84.97307133777325,8.29815149782942
8573,1.520057629385323,0.14844312786966044
8574,83.56148017806512,8.160300798639172
8575,84.78056515329313,8.279352065751281
8576,84.1446629218648,8.21725223846336
8577,84.56704356763748,8.258500348402098
8578,84.78056515329313,8.279352065751281
8579,84.37649927238789,8.23989250706913
8580,85.23392990164103,8.323625966957133
8581,85.19965697177103,8.320279001149515
8582,1.520057629385323,0.14844312786966044
8583,1.515298757929704,0.14797839432907264
8584,1.515298757929704,0.14797839432907264
8585,84.8317095725281,8.284346637942196
8586,84.37649927238789,8.23989250706913
8587,84.1446629218648,8.21725223846336
8588,83.56148017806512,8.160300798639172
8589,84.62459288585667,8.26412039900944
8590,85.19965697177103,8.320279001149515
8591,85.23392990164103,8.323625966957133
8592,83.81911087563785,8.185460046449009
8593,84.28355310890812,8.23081573329181
8594,85.23392990164103,8.323625966957133
8595,84.97307133777325,8.29815149782942
8596,84.28355310890812,8.23081573329181
8597,84.62459288585667,8.26412039900944
8598,85.23392990164103,8.323625966957133
8599,84.8317095725281,8.284346637942196
8600,84.97307133777325,8.29815149782942
8601,84.78056515329313,8.279352065751281
8602,1.520057629385323,0.14844312786966044
8603,84.37649927238789,8.23989250706913
8604,1.520057629385323,0.14844312786966044
8605,85.02476188194754,8.30319940253394
8606,83.88470500402718,8.19186572304953
8607,1.514590945738493,0.1479092720447747
8608,85.04020020576866,8.304707051344595
8609,85.39412370603368,8.339269893167351
8610,84.62459288585667,8.26412039900944
8611,85.18415934150133,8.318765560693489
8612,83.88470500402718,8.19186572304953
8613,84.69742160456961,8.27123257857125
8614,84.56704356763748,8.258500348402098
8615,85.19965697177103,8.320279001149515
8616,85.18415934150133,8.318765560693489
8617,85.04020020576866,8.304707051344595
8618,84.56704356763748,8.258500348402098
8619,84.76522525283005,8.277854028596684
8620,85.18415934150133,8.318765560693489
8621,1.520057629385323,0.14844312786966044
8622,85.23392990164103,8.323625966957133
8623,85.23392990164103,8.323625966957133
8624,84.1446629218648,8.21725223846336
8625,83.88470500402718,8.19186572304953
8626,84.28355310890812,8.23081573329181
8627,84.1446629218648,8.21725223846336
8628,84.36131712533233,8.238409875520736
8629,84.63987849275809,8.265613134058407
8630,84.63987849275809,8.265613134058407
8631,84.78056515329313,8.279352065751281
8632,84.62459288585667,8.26412039900944
8633,83.56148017806512,8.160300798639172
8634,1.4221627406752453,0.13888308014406692
8635,84.36131712533233,8.238409875520736
8636,83.9567779083644,8.198904092613711
8637,84.78056515329313,8.279352065751281
8638,1.514590945738493,0.1479092720447747
8639,84.53992958897125,8.255852498922973
8640,84.36131712533233,8.238409875520736
8641,85.19965697177103,8.320279001149515
8642,85.19965697177103,8.320279001149515
8643,1.4221627406752453,0.13888308014406692
8644,84.1446629218648,8.21725223846336
8645,83.56148017806512,8.160300798639172
8646,84.76522525283005,8.277854028596684
8647,1.515298757929704,0.14797839432907264
8648,85.39412370603368,8.339269893167351
8649,83.9567779083644,8.198904092613711
8650,85.18415934150133,8.318765560693489
8651,1.5017345588662612,0.14665376551428333
8652,1.5017345588662612,0.14665376551428333
8653,83.88470500402718,8.19186572304953
8654,84.76522525283005,8.277854028596684
8655,1.4221627406752453,0.13888308014406692
8656,1.520057629385323,0.14844312786966044
8657,1.520057629385323,0.14844312786966044
8658,1.520057629385323,0.14844312786966044
8659,84.62459288585667,8.26412039900944
8660,84.69742160456961,8.27123257857125
8661,1.4221627406752453,0.13888308014406692
8662,85.19965697177103,8.320279001149515
8663,84.53992958897125,8.255852498922973
8664,84.78056515329313,8.279352065751281
8665,1.520057629385323,0.14844312786966044
8666,85.39412370603368,8.339269893167351
8667,85.39412370603368,8.339269893167351
8668,1.514590945738493,0.1479092720447747
8669,1.520057629385323,0.14844312786966044
8670,84.8317095725281,8.284346637942196
8671,84.63987849275809,8.265613134058407
8672,1.520057629385323,0.14844312786966044
8673,84.76522525283005,8.277854028596684
8674,85.39412370603368,8.339269893167351
8675,85.18415934150133,8.318765560693489
8676,84.36131712533233,8.238409875520736
8677,1.515298757929704,0.14797839432907264
8678,84.76522525283005,8.277854028596684
8679,1.5017345588662612,0.14665376551428333
8680,84.21093359522516,8.223723983908707
8681,84.36131712533233,8.238409875520736
8682,84.1446629218648,8.21725223846336
8683,1.5017345588662612,0.14665376551428333
8684,84.62459288585667,8.26412039900944
8685,84.69742160456961,8.27123257857125
8686,83.56148017806512,8.160300798639172
8687,85.18415934150133,8.318765560693489
8688,85.19965697177103,8.320279001149515
8689,1.515298757929704,0.14797839432907264
8690,1.5017345588662612,0.14665376551428333
8691,84.56704356763748,8.258500348402098
8692,1.5017345588662612,0.14665376551428333
8693,84.97307133777325,8.29815149782942
8694,85.02476188194754,8.30319940253394
8695,83.9567779083644,8.198904092613711
8696,83.56148017806512,8.160300798639172
8697,84.97307133777325,8.29815149782942
8698,84.76522525283005,8.277854028596684
8699,1.514590945738493,0.1479092720447747
8700,84.8317095725281,8.284346637942196
8701,85.39412370603368,8.339269893167351
8702,84.37649927238789,8.23989250706913
8703,1.515298757929704,0.14797839432907264
8704,84.97307133777325,8.29815149782942
8705,1.520057629385323,0.14844312786966044
8706,85.02476188194754,8.30319940253394
8707,84.8317095725281,8.284346637942196
8708,84.97307133777325,8.29815149782942
8709,84.1446629218648,8.21725223846336
8710,84.78056515329313,8.279352065751281
8711,84.36708519405525,8.238973163481958
8712,1.515298757929704,0.14797839432907264
8713,85.23392990164103,8.323625966957133
8714,84.76522525283005,8.277854028596684
8715,84.36708519405525,8.238973163481958
8716,84.63987849275809,8.265613134058407
8717,83.56148017806512,8.160300798639172
8718,84.69742160456961,8.27123257857125
8719,84.78056515329313,8.279352065751281
8720,83.56148017806512,8.160300798639172
8721,84.69742160456961,8.27123257857125
8722,85.18415934150133,8.318765560693489
8723,83.88470500402718,8.19186572304953
8724,83.81911087563785,8.185460046449009
8725,84.21093359522516,8.223723983908707
8726,85.39412370603368,8.339269893167351
8727,1.5017345588662612,0.14665376551428333
8728,85.39412370603368,8.339269893167351
8729,84.37649927238789,8.23989250706913
8730,84.76522525283005,8.277854028596684
8731,84.21093359522516,8.223723983908707
8732,83.81911087563785,8.185460046449009
8733,1.514590945738493,0.1479092720447747
8734,84.97307133777325,8.29815149782942
8735,1.5017345588662612,0.14665376551428333
8736,84.1446629218648,8.21725223846336
8737,83.81911087563785,8.185460046449009
8738,84.37649927238789,8.23989250706913
8739,85.23392990164103,8.323625966957133
8740,84.21093359522516,8.223723983908707
8741,83.56148017806512,8.160300798639172
8742,84.69742160456961,8.27123257857125
8743,84.56704356763748,8.258500348402098
8744,85.18415934150133,8.318765560693489
8745,84.53992958897125,8.255852498922973
8746,84.36708519405525,8.238973163481958
8747,84.28355310890812,8.23081573329181
8748,84.63987849275809,8.265613134058407
8749,83.9567779083644,8.198904092613711
8750,1.514590945738493,0.1479092720447747
8751,85.02476188194754,8.30319940253394
8752,84.53992958897125,8.255852498922973
8753,84.63987849275809,8.265613134058407
8754,83.56148017806512,8.160300798639172
8755,1.4221627406752453,0.13888308014406692
8756,84.56704356763748,8.258500348402098
8757,84.37649927238789,8.23989250706913
8758,83.88470500402718,8.19186572304953
8759,85.02476188194754,8.30319940253394
8760,84.97307133777325,8.29815149782942
8761,85.19965697177103,8.320279001149515
8762,1.4221627406752453,0.13888308014406692
8763,84.1446629218648,8.21725223846336
8764,85.39412370603368,8.339269893167351
8765,83.9567779083644,8.198904092613711
8766,1.515298757929704,0.14797839432907264
8767,84.37649927238789,8.23989250706913
8768,84.1446629218648,8.21725223846336
8769,84.36708519405525,8.238973163481958
8770,85.19965697177103,8.320279001149515
8771,84.69742160456961,8.27123257857125
8772,84.28355310890812,8.23081573329181
8773,84.36131712533233,8.238409875520736
8774,83.56148017806512,8.160300798639172
8775,84.69742160456961,8.27123257857125
8776,84.97307133777325,8.29815149782942
8777,84.36131712533233,8.238409875520736
8778,85.19965697177103,8.320279001149515
8779,84.37649927238789,8.23989250706913
8780,1.5017345588662612,0.14665376551428333
8781,83.56148017806512,8.160300798639172
8782,85.18415934150133,8.318765560693489
8783,84.76522525283005,8.277854028596684
8784,1.515298757929704,0.14797839432907264
8785,84.62459288585667,8.26412039900944
8786,1.515298757929704,0.14797839432907264
8787,84.28355310890812,8.23081573329181
8788,85.19965697177103,8.320279001149515
8789,1.5017345588662612,0.14665376551428333
8790,84.97307133777325,8.29815149782942
8791,84.53992958897125,8.255852498922973
8792,85.02476188194754,8.30319940253394
8793,1.515298757929704,0.14797839432907264
8794,1.5017345588662612,0.14665376551428333
8795,84.37649927238789,8.23989250706913
8796,84.36708519405525,8.238973163481958
8797,84.62459288585667,8.26412039900944
8798,83.9567779083644,8.198904092613711
8799,84.53992958897125,8.255852498922973
8800,1.515298757929704,0.14797839432907264
8801,84.76522525283005,8.277854028596684
8802,85.39412370603368,8.339269893167351
8803,84.8317095725281,8.284346637942196
8804,84.62459288585667,8.26412039900944
8805,1.520057629385323,0.14844312786966044
8806,84.76522525283005,8.277854028596684
8807,84.78056515329313,8.279352065751281
8808,1.514590945738493,0.1479092720447747
8809,85.02476188194754,8.30319940253394
8810,84.97307133777325,8.29815149782942
8811,84.37649927238789,8.23989250706913
8812,84.1446629218648,8.21725223846336
8813,84.53992958897125,8.255852498922973
8814,84.21093359522516,8.223723983908707
8815,84.8317095725281,8.284346637942196
8816,85.02476188194754,8.30319940253394
8817,84.8317095725281,8.284346637942196
8818,84.8317095725281,8.284346637942196
8819,85.23392990164103,8.323625966957133
8820,84.78056515329313,8.279352065751281
8821,85.04020020576866,8.304707051344595
8822,84.37649927238789,8.23989250706913
8823,83.56148017806512,8.160300798639172
8824,85.39412370603368,8.339269893167351
8825,83.56148017806512,8.160300798639172
8826,83.56148017806512,8.160300798639172
8827,84.56704356763748,8.258500348402098
8828,85.04020020576866,8.304707051344595
8829,1.520057629385323,0.14844312786966044
8830,85.23392990164103,8.323625966957133
8831,85.02476188194754,8.30319940253394
8832,85.19965697177103,8.320279001149515
8833,83.56148017806512,8.160300798639172
8834,85.23392990164103,8.323625966957133
8835,84.21093359522516,8.223723983908707
8836,1.520057629385323,0.14844312786966044
8837,84.62459288585667,8.26412039900944
8838,85.39412370603368,8.339269893167351
8839,84.63987849275809,8.265613134058407
8840,1.5017345588662612,0.14665376551428333
8841,85.19965697177103,8.320279001149515
8842,85.23392990164103,8.323625966957133
8843,1.5017345588662612,0.14665376551428333
8844,84.56704356763748,8.258500348402098
8845,84.56704356763748,8.258500348402098
8846,85.02476188194754,8.30319940253394
8847,85.39412370603368,8.339269893167351
8848,84.36708519405525,8.238973163481958
8849,83.9567779083644,8.198904092613711
8850,84.63987849275809,8.265613134058407
8851,84.36708519405525,8.238973163481958
8852,85.18415934150133,8.318765560693489
8853,84.56704356763748,8.258500348402098
8854,85.19965697177103,8.320279001149515
8855,84.28355310890812,8.23081573329181
8856,84.97307133777325,8.29815149782942
8857,84.21093359522516,8.223723983908707
8858,1.514590945738493,0.1479092720447747
8859,84.63987849275809,8.265613134058407
8860,84.63987849275809,8.265613134058407
8861,1.514590945738493,0.1479092720447747
8862,83.56148017806512,8.160300798639172
8863,84.28355310890812,8.23081573329181
8864,85.23392990164103,8.323625966957133
8865,84.63987849275809,8.265613134058407
8866,84.36708519405525,8.238973163481958
8867,1.515298757929704,0.14797839432907264
8868,1.520057629385323,0.14844312786966044
8869,84.62459288585667,8.26412039900944
8870,84.8317095725281,8.284346637942196
8871,84.56704356763748,8.258500348402098
8872,83.81911087563785,8.185460046449009
8873,84.78056515329313,8.279352065751281
8874,1.5017345588662612,0.14665376551428333
8875,84.37649927238789,8.23989250706913
8876,84.56704356763748,8.258500348402098
8877,84.36131712533233,8.238409875520736
8878,84.97307133777325,8.29815149782942
8879,84.63987849275809,8.265613134058407
8880,85.02476188194754,8.30319940253394
8881,84.56704356763748,8.258500348402098
8882,83.81911087563785,8.185460046449009
8883,1.5017345588662612,0.14665376551428333
8884,84.28355310890812,8.23081573329181
8885,85.39412370603368,8.339269893167351
8886,83.88470500402718,8.19186572304953
8887,1.520057629385323,0.14844312786966044
8888,1.4221627406752453,0.13888308014406692
8889,85.39412370603368,8.339269893167351
8890,84.28355310890812,8.23081573329181
8891,83.9567779083644,8.198904092613711
8892,84.36131712533233,8.238409875520736
8893,84.78056515329313,8.279352065751281
8894,84.36131712533233,8.238409875520736
8895,85.02476188194754,8.30319940253394
8896,84.1446629218648,8.21725223846336
8897,84.36708519405525,8.238973163481958
8898,85.23392990164103,8.323625966957133
8899,83.56148017806512,8.160300798639172
8900,85.23392990164103,8.323625966957133
8901,84.56704356763748,8.258500348402098
8902,84.53992958897125,8.255852498922973
8903,84.1446629218648,8.21725223846336
8904,83.9567779083644,8.198904092613711
8905,84.1446629218648,8.21725223846336
8906,1.514590945738493,0.1479092720447747
8907,1.4221627406752453,0.13888308014406692
8908,84.36708519405525,8.238973163481958
8909,1.5017345588662612,0.14665376551428333
8910,1.514590945738493,0.1479092720447747
8911,85.18415934150133,8.318765560693489
8912,83.9567779083644,8.198904092613711
8913,83.9567779083644,8.198904092613711
8914,84.36131712533233,8.238409875520736
8915,85.18415934150133,8.318765560693489
8916,1.515298757929704,0.14797839432907264
8917,84.56704356763748,8.258500348402098
8918,84.21093359522516,8.223723983908707
8919,1.515298757929704,0.14797839432907264
8920,84.36131712533233,8.238409875520736
8921,84.78056515329313,8.279352065751281
8922,84.62459288585667,8.26412039900944
8923,84.37649927238789,8.23989250706913
8924,84.76522525283005,8.277854028596684
8925,85.04020020576866,8.304707051344595
8926,1.4221627406752453,0.13888308014406692
8927,83.56148017806512,8.160300798639172
8928,1.5017345588662612,0.14665376551428333
8929,85.19965697177103,8.320279001149515
8930,84.8317095725281,8.284346637942196
8931,1.5017345588662612,0.14665376551428333
8932,85.04020020576866,8.304707051344595
8933,84.78056515329313,8.279352065751281
8934,1.4221627406752453,0.13888308014406692
8935,84.28355310890812,8.23081573329181
8936,85.19965697177103,8.320279001149515
8937,84.69742160456961,8.27123257857125
8938,1.5017345588662612,0.14665376551428333
8939,84.62459288585667,8.26412039900944
8940,85.19965697177103,8.320279001149515
8941,84.28355310890812,8.23081573329181
8942,84.69742160456961,8.27123257857125
8943,84.21093359522516,8.223723983908707
8944,84.69742160456961,8.27123257857125
8945,1.520057629385323,0.14844312786966044
8946,85.39412370603368,8.339269893167351
8947,84.97307133777325,8.29815149782942
8948,84.1446629218648,8.21725223846336
8949,85.23392990164103,8.323625966957133
8950,85.39412370603368,8.339269893167351
8951,1.4221627406752453,0.13888308014406692
8952,84.69742160456961,8.27123257857125
8953,84.37649927238789,8.23989250706913
8954,84.62459288585667,8.26412039900944
8955,84.37649927238789,8.23989250706913
8956,84.78056515329313,8.279352065751281
8957,85.23392990164103,8.323625966957133
8958,84.97307133777325,8.29815149782942
8959,1.515298757929704,0.14797839432907264
8960,1.5017345588662612,0.14665376551428333
8961,1.520057629385323,0.14844312786966044
8962,85.04020020576866,8.304707051344595
8963,1.4221627406752453,0.13888308014406692
8964,83.9567779083644,8.198904092613711
8965,1.514590945738493,0.1479092720447747
8966,84.36708519405525,8.238973163481958
8967,84.37649927238789,8.23989250706913
8968,84.36131712533233,8.238409875520736
8969,84.37649927238789,8.23989250706913
8970,84.56704356763748,8.258500348402098
8971,84.1446629218648,8.21725223846336
8972,1.514590945738493,0.1479092720447747
8973,1.514590945738493,0.1479092720447747
8974,1.520057629385323,0.14844312786966044
8975,83.81911087563785,8.185460046449009
8976,85.23392990164103,8.323625966957133
8977,84.69742160456961,8.27123257857125
8978,83.81911087563785,8.185460046449009
8979,1.520057629385323,0.14844312786966044
8980,83.9567779083644,8.198904092613711
8981,84.69742160456961,8.27123257857125
8982,84.37649927238789,8.23989250706913
8983,84.97307133777325,8.29815149782942
8984,85.18415934150133,8.318765560693489
8985,1.514590945738493,0.1479092720447747
8986,1.514590945738493,0.1479092720447747
8987,84.1446629218648,8.21725223846336
8988,85.19965697177103,8.320279001149515
8989,84.28355310890812,8.23081573329181
8990,84.21093359522516,8.223723983908707
8991,84.69742160456961,8.27123257857125
8992,84.69742160456961,8.27123257857125
8993,84.76522525283005,8.277854028596684
8994,85.23392990164103,8.323625966957133
8995,85.39412370603368,8.339269893167351
8996,85.19965697177103,8.320279001149515
8997,84.62459288585667,8.26412039900944
8998,84.37649927238789,8.23989250706913
8999,1.515298757929704,0.14797839432907264
9000,84.69742160456961,8.27123257857125
9001,84.21093359522516,8.223723983908707
9002,84.1446629218648,8.21725223846336
9003,85.19965697177103,8.320279001149515
9004,84.21093359522516,8.223723983908707
9005,84.8317095725281,8.284346637942196
9006,85.02476188194754,8.30319940253394
9007,84.76522525283005,8.277854028596684
9008,84.63987849275809,8.265613134058407
9009,83.88470500402718,8.19186572304953
9010,1.515298757929704,0.14797839432907264
9011,1.515298757929704,0.14797839432907264
9012,83.81911087563785,8.185460046449009
9013,1.520057629385323,0.14844312786966044
9014,84.36131712533233,8.238409875520736
9015,84.76522525283005,8.277854028596684
9016,84.28355310890812,8.23081573329181
9017,83.81911087563785,8.185460046449009
9018,84.53992958897125,8.255852498922973
9019,84.56704356763748,8.258500348402098
9020,84.56704356763748,8.258500348402098
9021,1.514590945738493,0.1479092720447747
9022,84.8317095725281,8.284346637942196
9023,83.9567779083644,8.198904092613711
9024,1.515298757929704,0.14797839432907264
9025,1.5017345588662612,0.14665376551428333
9026,84.97307133777325,8.29815149782942
9027,85.04020020576866,8.304707051344595
9028,85.19965697177103,8.320279001149515
9029,85.02476188194754,8.30319940253394
9030,1.515298757929704,0.14797839432907264
9031,83.9567779083644,8.198904092613711
9032,83.56148017806512,8.160300798639172
9033,83.56148017806512,8.160300798639172
9034,1.514590945738493,0.1479092720447747
9035,84.62459288585667,8.26412039900944
9036,85.23392990164103,8.323625966957133
9037,85.39412370603368,8.339269893167351
9038,84.63987849275809,8.265613134058407
9039,83.81911087563785,8.185460046449009
9040,84.78056515329313,8.279352065751281
9041,84.36131712533233,8.238409875520736
9042,1.5017345588662612,0.14665376551428333
9043,84.78056515329313,8.279352065751281
9044,1.4221627406752453,0.13888308014406692
9045,84.37649927238789,8.23989250706913
9046,85.18415934150133,8.318765560693489
9047,84.36708519405525,8.238973163481958
9048,85.04020020576866,8.304707051344595
9049,84.56704356763748,8.258500348402098
9050,1.5017345588662612,0.14665376551428333
9051,84.76522525283005,8.277854028596684
9052,1.515298757929704,0.14797839432907264
9053,83.81911087563785,8.185460046449009
9054,83.9567779083644,8.198904092613711
9055,84.63987849275809,8.265613134058407
9056,85.02476188194754,8.30319940253394
9057,1.514590945738493,0.1479092720447747
9058,84.37649927238789,8.23989250706913
9059,85.23392990164103,8.323625966957133
9060,85.02476188194754,8.30319940253394
9061,85.19965697177103,8.320279001149515
9062,84.8317095725281,8.284346637942196
9063,1.4221627406752453,0.13888308014406692
9064,84.28355310890812,8.23081573329181
9065,84.8317095725281,8.284346637942196
9066,84.36708519405525,8.238973163481958
9067,83.88470500402718,8.19186572304953
9068,84.69742160456961,8.27123257857125
9069,1.4221627406752453,0.13888308014406692
9070,84.97307133777325,8.29815149782942
9071,84.36131712533233,8.238409875520736
9072,84.76522525283005,8.277854028596684
9073,84.37649927238789,8.23989250706913
9074,85.39412370603368,8.339269893167351
9075,84.63987849275809,8.265613134058407
9076,85.18415934150133,8.318765560693489
9077,84.28355310890812,8.23081573329181
9078,85.04020020576866,8.304707051344595
9079,85.02476188194754,8.30319940253394
9080,84.8317095725281,8.284346637942196
9081,84.37649927238789,8.23989250706913
9082,1.514590945738493,0.1479092720447747
9083,1.515298757929704,0.14797839432907264
9084,83.88470500402718,8.19186572304953
9085,84.63987849275809,8.265613134058407
9086,84.21093359522516,8.223723983908707
9087,1.4221627406752453,0.13888308014406692
9088,83.56148017806512,8.160300798639172
9089,84.36131712533233,8.238409875520736
9090,83.81911087563785,8.185460046449009
9091,1.515298757929704,0.14797839432907264
9092,84.8317095725281,8.284346637942196
9093,84.97307133777325,8.29815149782942
9094,1.5017345588662612,0.14665376551428333
9095,1.5017345588662612,0.14665376551428333
9096,83.81911087563785,8.185460046449009
9097,1.515298757929704,0.14797839432907264
9098,85.19965697177103,8.320279001149515
9099,84.97307133777325,8.29815149782942
9100,85.04020020576866,8.304707051344595
9101,85.04020020576866,8.304707051344595
9102,83.56148017806512,8.160300798639172
9103,1.4221627406752453,0.13888308014406692
9104,85.04020020576866,8.304707051344595
9105,85.19965697177103,8.320279001149515
9106,83.81911087563785,8.185460046449009
9107,85.02476188194754,8.30319940253394
9108,84.76522525283005,8.277854028596684
9109,84.76522525283005,8.277854028596684
9110,84.28355310890812,8.23081573329181
9111,84.53992958897125,8.255852498922973
9112,1.515298757929704,0.14797839432907264
9113,84.1446629218648,8.21725223846336
9114,1.515298757929704,0.14797839432907264
9115,1.514590945738493,0.1479092720447747
9116,84.28355310890812,8.23081573329181
9117,1.515298757929704,0.14797839432907264
9118,84.37649927238789,8.23989250706913
9119,84.69742160456961,8.27123257857125
9120,83.9567779083644,8.198904092613711
9121,84.53992958897125,8.255852498922973
9122,83.81911087563785,8.185460046449009
9123,84.76522525283005,8.277854028596684
9124,84.76522525283005,8.277854028596684
9125,83.88470500402718,8.19186572304953
9126,84.36708519405525,8.238973163481958
9127,84.21093359522516,8.223723983908707
9128,84.78056515329313,8.279352065751281
9129,84.63987849275809,8.265613134058407
9130,84.21093359522516,8.223723983908707
9131,85.04020020576866,8.304707051344595
9132,1.5017345588662612,0.14665376551428333
9133,84.21093359522516,8.223723983908707
9134,85.04020020576866,8.304707051344595
9135,84.36131712533233,8.238409875520736
9136,85.39412370603368,8.339269893167351
9137,84.36708519405525,8.238973163481958
9138,84.37649927238789,8.23989250706913
9139,85.23392990164103,8.323625966957133
9140,1.4221627406752453,0.13888308014406692
9141,1.4221627406752453,0.13888308014406692
9142,1.514590945738493,0.1479092720447747
9143,1.515298757929704,0.14797839432907264
9144,1.5017345588662612,0.14665376551428333
9145,85.04020020576866,8.304707051344595
9146,85.23392990164103,8.323625966957133
9147,85.18415934150133,8.318765560693489
9148,83.81911087563785,8.185460046449009
9149,85.23392990164103,8.323625966957133
9150,84.8317095725281,8.284346637942196
9151,1.514590945738493,0.1479092720447747
9152,85.18415934150133,8.318765560693489
9153,84.53992958897125,8.255852498922973
9154,84.36708519405525,8.238973163481958
9155,1.5017345588662612,0.14665376551428333
9156,84.97307133777325,8.29815149782942
9157,84.69742160456961,8.27123257857125
9158,84.28355310890812,8.23081573329181
9159,1.515298757929704,0.14797839432907264
9160,83.9567779083644,8.198904092613711
9161,84.56704356763748,8.258500348402098
9162,84.69742160456961,8.27123257857125
9163,84.53992958897125,8.255852498922973
9164,84.78056515329313,8.279352065751281
9165,84.97307133777325,8.29815149782942
9166,83.9567779083644,8.198904092613711
9167,1.520057629385323,0.14844312786966044
9168,83.56148017806512,8.160300798639172
9169,84.21093359522516,8.223723983908707
9170,83.88470500402718,8.19186572304953
9171,1.4221627406752453,0.13888308014406692
9172,85.18415934150133,8.318765560693489
9173,84.37649927238789,8.23989250706913
9174,85.18415934150133,8.318765560693489
9175,84.56704356763748,8.258500348402098
9176,84.37649927238789,8.23989250706913
9177,84.8317095725281,8.284346637942196
9178,1.515298757929704,0.14797839432907264
9179,84.97307133777325,8.29815149782942
9180,84.37649927238789,8.23989250706913
9181,85.23392990164103,8.323625966957133
9182,84.37649927238789,8.23989250706913
9183,84.36131712533233,8.238409875520736
9184,85.39412370603368,8.339269893167351
9185,1.520057629385323,0.14844312786966044
9186,84.53992958897125,8.255852498922973
9187,84.62459288585667,8.26412039900944
9188,83.88470500402718,8.19186572304953
9189,1.515298757929704,0.14797839432907264
9190,85.23392990164103,8.323625966957133
9191,84.36708519405525,8.238973163481958
9192,83.88470500402718,8.19186572304953
9193,84.63987849275809,8.265613134058407
9194,84.53992958897125,8.255852498922973
9195,84.53992958897125,8.255852498922973
9196,1.515298757929704,0.14797839432907264
9197,83.81911087563785,8.185460046449009
9198,84.63987849275809,8.265613134058407
9199,83.88470500402718,8.19186572304953
9200,84.28355310890812,8.23081573329181
9201,83.81911087563785,8.185460046449009
9202,83.88470500402718,8.19186572304953
9203,84.76522525283005,8.277854028596684
9204,84.69742160456961,8.27123257857125
9205,85.23392990164103,8.323625966957133
9206,84.36131712533233,8.238409875520736
9207,83.81911087563785,8.185460046449009
9208,84.56704356763748,8.258500348402098
9209,84.76522525283005,8.277854028596684
9210,84.36708519405525,8.238973163481958
9211,84.28355310890812,8.23081573329181
9212,84.63987849275809,8.265613134058407
9213,84.37649927238789,8.23989250706913
9214,83.56148017806512,8.160300798639172
9215,84.21093359522516,8.223723983908707
9216,84.28355310890812,8.23081573329181
9217,1.520057629385323,0.14844312786966044
9218,1.5017345588662612,0.14665376551428333
9219,85.04020020576866,8.304707051344595
9220,1.514590945738493,0.1479092720447747
9221,1.5017345588662612,0.14665376551428333
9222,84.28355310890812,8.23081573329181
9223,84.53992958897125,8.255852498922973
9224,84.76522525283005,8.277854028596684
9225,84.63987849275809,8.265613134058407
9226,85.23392990164103,8.323625966957133
9227,84.62459288585667,8.26412039900944
9228,84.36131712533233,8.238409875520736
9229,85.19965697177103,8.320279001149515
9230,85.18415934150133,8.318765560693489
9231,84.1446629218648,8.21725223846336
9232,1.4221627406752453,0.13888308014406692
9233,85.18415934150133,8.318765560693489
9234,84.53992958897125,8.255852498922973
9235,84.62459288585667,8.26412039900944
9236,84.36131712533233,8.238409875520736
9237,1.514590945738493,0.1479092720447747
9238,85.04020020576866,8.304707051344595
9239,83.9567779083644,8.198904092613711
9240,84.78056515329313,8.279352065751281
9241,84.1446629218648,8.21725223846336
9242,83.56148017806512,8.160300798639172
9243,84.21093359522516,8.223723983908707
9244,84.8317095725281,8.284346637942196
9245,84.36131712533233,8.238409875520736
9246,84.62459288585667,8.26412039900944
9247,85.04020020576866,8.304707051344595
9248,83.88470500402718,8.19186572304953
9249,83.56148017806512,8.160300798639172
9250,1.520057629385323,0.14844312786966044
9251,83.56148017806512,8.160300798639172
9252,1.514590945738493,0.1479092720447747
9253,1.5017345588662612,0.14665376551428333
9254,85.39412370603368,8.339269893167351
9255,84.56704356763748,8.258500348402098
9256,84.63987849275809,8.265613134058407
9257,85.23392990164103,8.323625966957133
9258,84.1446629218648,8.21725223846336
9259,83.81911087563785,8.185460046449009
9260,85.02476188194754,8.30319940253394
9261,1.5017345588662612,0.14665376551428333
9262,1.4221627406752453,0.13888308014406692
9263,85.18415934150133,8.318765560693489
9264,85.19965697177103,8.320279001149515
9265,85.39412370603368,8.339269893167351
9266,84.28355310890812,8.23081573329181
9267,84.78056515329313,8.279352065751281
9268,83.88470500402718,8.19186572304953
9269,84.69742160456961,8.27123257857125
9270,83.81911087563785,8.185460046449009
9271,1.520057629385323,0.14844312786966044
9272,84.36708519405525,8.238973163481958
9273,83.9567779083644,8.198904092613711
9274,84.8317095725281,8.284346637942196
9275,84.62459288585667,8.26412039900944
9276,84.37649927238789,8.23989250706913
9277,84.1446629218648,8.21725223846336
9278,83.81911087563785,8.185460046449009
9279,1.520057629385323,0.14844312786966044
9280,84.21093359522516,8.223723983908707
9281,84.69742160456961,8.27123257857125
9282,84.62459288585667,8.26412039900944
9283,1.4221627406752453,0.13888308014406692
9284,85.19965697177103,8.320279001149515
9285,84.37649927238789,8.23989250706913
9286,84.1446629218648,8.21725223846336
9287,84.69742160456961,8.27123257857125
9288,84.78056515329313,8.279352065751281
9289,83.81911087563785,8.185460046449009
9290,84.53992958897125,8.255852498922973
9291,1.515298757929704,0.14797839432907264
9292,1.515298757929704,0.14797839432907264
9293,84.53992958897125,8.255852498922973
9294,84.36131712533233,8.238409875520736
9295,85.04020020576866,8.304707051344595
9296,1.4221627406752453,0.13888308014406692
9297,83.9567779083644,8.198904092613711
9298,83.81911087563785,8.185460046449009
9299,84.62459288585667,8.26412039900944
9300,85.19965697177103,8.320279001149515
9301,84.56704356763748,8.258500348402098
9302,84.97307133777325,8.29815149782942
9303,84.56704356763748,8.258500348402098
9304,84.78056515329313,8.279352065751281
9305,84.78056515329313,8.279352065751281
9306,84.76522525283005,8.277854028596684
9307,85.04020020576866,8.304707051344595
9308,84.36131712533233,8.238409875520736
9309,85.02476188194754,8.30319940253394
9310,85.18415934150133,8.318765560693489
9311,85.39412370603368,8.339269893167351
9312,1.520057629385323,0.14844312786966044
9313,83.81911087563785,8.185460046449009
9314,83.56148017806512,8.160300798639172
9315,1.5017345588662612,0.14665376551428333
9316,1.4221627406752453,0.13888308014406692
9317,1.514590945738493,0.1479092720447747
9318,85.39412370603368,8.339269893167351
9319,84.76522525283005,8.277854028596684
9320,1.4221627406752453,0.13888308014406692
9321,84.62459288585667,8.26412039900944
9322,84.62459288585667,8.26412039900944
9323,84.78056515329313,8.279352065751281
9324,84.37649927238789,8.23989250706913
9325,83.9567779083644,8.198904092613711
9326,1.515298757929704,0.14797839432907264
9327,1.520057629385323,0.14844312786966044
9328,83.9567779083644,8.198904092613711
9329,1.515298757929704,0.14797839432907264
9330,84.56704356763748,8.258500348402098
9331,84.53992958897125,8.255852498922973
9332,1.514590945738493,0.1479092720447747
9333,84.37649927238789,8.23989250706913
9334,84.76522525283005,8.277854028596684
9335,83.56148017806512,8.160300798639172
9336,84.53992958897125,8.255852498922973
9337,84.1446629218648,8.21725223846336
9338,84.8317095725281,8.284346637942196
9339,1.5017345588662612,0.14665376551428333
9340,84.69742160456961,8.27123257857125
9341,85.19965697177103,8.320279001149515
9342,1.515298757929704,0.14797839432907264
9343,84.8317095725281,8.284346637942196
9344,84.36131712533233,8.238409875520736
9345,84.28355310890812,8.23081573329181
9346,85.04020020576866,8.304707051344595
9347,1.515298757929704,0.14797839432907264
9348,85.02476188194754,8.30319940253394
9349,83.56148017806512,8.160300798639172
9350,84.97307133777325,8.29815149782942
9351,1.520057629385323,0.14844312786966044
9352,1.520057629385323,0.14844312786966044
9353,84.37649927238789,8.23989250706913
9354,84.36131712533233,8.238409875520736
9355,85.04020020576866,8.304707051344595
9356,85.19965697177103,8.320279001149515
9357,83.56148017806512,8.160300798639172
9358,84.37649927238789,8.23989250706913
9359,1.520057629385323,0.14844312786966044
9360,1.514590945738493,0.1479092720447747
9361,85.39412370603368,8.339269893167351
9362,84.69742160456961,8.27123257857125
9363,85.02476188194754,8.30319940253394
9364,84.1446629218648,8.21725223846336
9365,84.69742160456961,8.27123257857125
9366,84.1446629218648,8.21725223846336
9367,83.56148017806512,8.160300798639172
9368,84.63987849275809,8.265613134058407
9369,83.88470500402718,8.19186572304953
9370,1.4221627406752453,0.13888308014406692
9371,1.520057629385323,0.14844312786966044
9372,84.56704356763748,8.258500348402098
9373,84.8317095725281,8.284346637942196
9374,83.81911087563785,8.185460046449009
9375,84.53992958897125,8.255852498922973
9376,1.520057629385323,0.14844312786966044
9377,85.19965697177103,8.320279001149515
9378,84.63987849275809,8.265613134058407
9379,84.8317095725281,8.284346637942196
9380,85.19965697177103,8.320279001149515
9381,84.21093359522516,8.223723983908707
9382,84.37649927238789,8.23989250706913
9383,84.8317095725281,8.284346637942196
9384,84.53992958897125,8.255852498922973
9385,84.76522525283005,8.277854028596684
9386,84.36708519405525,8.238973163481958
9387,1.5017345588662612,0.14665376551428333
9388,85.19965697177103,8.320279001149515
9389,85.19965697177103,8.320279001149515
9390,84.97307133777325,8.29815149782942
9391,85.39412370603368,8.339269893167351
9392,85.19965697177103,8.320279001149515
9393,84.78056515329313,8.279352065751281
9394,85.02476188194754,8.30319940253394
9395,84.1446629218648,8.21725223846336
9396,84.69742160456961,8.27123257857125
9397,85.18415934150133,8.318765560693489
9398,83.88470500402718,8.19186572304953
9399,1.4221627406752453,0.13888308014406692
9400,83.9567779083644,8.198904092613711
9401,84.8317095725281,8.284346637942196
9402,84.63987849275809,8.265613134058407
9403,83.56148017806512,8.160300798639172
9404,1.514590945738493,0.1479092720447747
9405,84.53992958897125,8.255852498922973
9406,1.514590945738493,0.1479092720447747
9407,1.515298757929704,0.14797839432907264
9408,84.8317095725281,8.284346637942196
9409,84.63987849275809,8.265613134058407
9410,1.5017345588662612,0.14665376551428333
9411,1.5017345588662612,0.14665376551428333
9412,84.37649927238789,8.23989250706913
9413,1.514590945738493,0.1479092720447747
9414,85.04020020576866,8.304707051344595
9415,84.1446629218648,8.21725223846336
9416,85.18415934150133,8.318765560693489
9417,84.21093359522516,8.223723983908707
9418,84.37649927238789,8.23989250706913
9419,83.81911087563785,8.185460046449009
9420,83.88470500402718,8.19186572304953
9421,85.18415934150133,8.318765560693489
9422,84.1446629218648,8.21725223846336
9423,85.39412370603368,8.339269893167351
9424,84.36131712533233,8.238409875520736
9425,85.18415934150133,8.318765560693489
9426,84.1446629218648,8.21725223846336
9427,85.23392990164103,8.323625966957133
9428,1.5017345588662612,0.14665376551428333
9429,84.76522525283005,8.277854028596684
9430,85.18415934150133,8.318765560693489
9431,84.62459288585667,8.26412039900944
9432,85.18415934150133,8.318765560693489
9433,1.514590945738493,0.1479092720447747
9434,84.36131712533233,8.238409875520736
9435,84.97307133777325,8.29815149782942
9436,85.04020020576866,8.304707051344595
9437,84.36708519405525,8.238973163481958
9438,1.5017345588662612,0.14665376551428333
9439,84.37649927238789,8.23989250706913
9440,84.63987849275809,8.265613134058407
9441,84.78056515329313,8.279352065751281
9442,83.88470500402718,8.19186572304953
9443,84.63987849275809,8.265613134058407
9444,85.19965697177103,8.320279001149515
9445,1.515298757929704,0.14797839432907264
9446,85.23392990164103,8.323625966957133
9447,84.36708519405525,8.238973163481958
9448,84.37649927238789,8.23989250706913
9449,84.69742160456961,8.27123257857125
9450,84.62459288585667,8.26412039900944
9451,1.4221627406752453,0.13888308014406692
9452,84.76522525283005,8.277854028596684
9453,84.97307133777325,8.29815149782942
9454,84.36708519405525,8.238973163481958
9455,84.37649927238789,8.23989250706913
9456,84.63987849275809,8.265613134058407
9457,85.19965697177103,8.320279001149515
9458,1.520057629385323,0.14844312786966044
9459,84.63987849275809,8.265613134058407
9460,84.36708519405525,8.238973163481958
9461,84.97307133777325,8.29815149782942
9462,84.56704356763748,8.258500348402098
9463,84.37649927238789,8.23989250706913
9464,84.53992958897125,8.255852498922973
9465,84.8317095725281,8.284346637942196
9466,84.1446629218648,8.21725223846336
9467,84.56704356763748,8.258500348402098
9468,83.56148017806512,8.160300798639172
9469,85.19965697177103,8.320279001149515
9470,1.514590945738493,0.1479092720447747
9471,84.63987849275809,8.265613134058407
9472,85.19965697177103,8.320279001149515
9473,84.76522525283005,8.277854028596684
9474,84.36708519405525,8.238973163481958
9475,1.514590945738493,0.1479092720447747
9476,1.514590945738493,0.1479092720447747
9477,1.5017345588662612,0.14665376551428333
9478,84.21093359522516,8.223723983908707
9479,84.56704356763748,8.258500348402098
9480,85.18415934150133,8.318765560693489
9481,84.78056515329313,8.279352065751281
9482,85.39412370603368,8.339269893167351
9483,83.9567779083644,8.198904092613711
9484,1.514590945738493,0.1479092720447747
9485,84.62459288585667,8.26412039900944
9486,85.19965697177103,8.320279001149515
9487,84.53992958897125,8.255852498922973
9488,84.36131712533233,8.238409875520736
9489,84.62459288585667,8.26412039900944
9490,84.1446629218648,8.21725223846336
9491,84.53992958897125,8.255852498922973
9492,84.69742160456961,8.27123257857125
9493,84.36708519405525,8.238973163481958
9494,84.78056515329313,8.279352065751281
9495,1.515298757929704,0.14797839432907264
9496,84.69742160456961,8.27123257857125
9497,83.81911087563785,8.185460046449009
9498,84.36708519405525,8.238973163481958
9499,84.76522525283005,8.277854028596684
9500,84.53992958897125,8.255852498922973
9501,1.514590945738493,0.1479092720447747
9502,84.36708519405525,8.238973163481958
9503,84.36131712533233,8.238409875520736
9504,84.1446629218648,8.21725223846336
9505,1.4221627406752453,0.13888308014406692
9506,1.5017345588662612,0.14665376551428333
9507,84.21093359522516,8.223723983908707
9508,84.69742160456961,8.27123257857125
9509,1.5017345588662612,0.14665376551428333
9510,84.1446629218648,8.21725223846336
9511,84.1446629218648,8.21725223846336
9512,83.9567779083644,8.198904092613711
9513,84.37649927238789,8.23989250706913
9514,1.520057629385323,0.14844312786966044
9515,84.37649927238789,8.23989250706913
9516,85.23392990164103,8.323625966957133
9517,84.62459288585667,8.26412039900944
9518,84.56704356763748,8.258500348402098
9519,1.4221627406752453,0.13888308014406692
9520,85.19965697177103,8.320279001149515
9521,85.02476188194754,8.30319940253394
9522,83.81911087563785,8.185460046449009
9523,1.515298757929704,0.14797839432907264
9524,84.21093359522516,8.223723983908707
9525,84.69742160456961,8.27123257857125
9526,84.21093359522516,8.223723983908707
9527,84.36708519405525,8.238973163481958
9528,84.37649927238789,8.23989250706913
9529,1.514590945738493,0.1479092720447747
9530,84.8317095725281,8.284346637942196
9531,84.78056515329313,8.279352065751281
9532,1.514590945738493,0.1479092720447747
9533,84.28355310890812,8.23081573329181
9534,84.62459288585667,8.26412039900944
9535,84.63987849275809,8.265613134058407
9536,84.8317095725281,8.284346637942196
9537,84.97307133777325,8.29815149782942
9538,84.53992958897125,8.255852498922973
9539,84.36708519405525,8.238973163481958
9540,84.69742160456961,8.27123257857125
9541,84.36708519405525,8.238973163481958
9542,1.515298757929704,0.14797839432907264
9543,1.520057629385323,0.14844312786966044
9544,84.37649927238789,8.23989250706913
9545,84.53992958897125,8.255852498922973
9546,1.520057629385323,0.14844312786966044
9547,84.37649927238789,8.23989250706913
9548,1.514590945738493,0.1479092720447747
9549,1.514590945738493,0.1479092720447747
9550,84.21093359522516,8.223723983908707
9551,85.19965697177103,8.320279001149515
9552,84.76522525283005,8.277854028596684
9553,85.39412370603368,8.339269893167351
9554,1.5017345588662612,0.14665376551428333
9555,84.63987849275809,8.265613134058407
9556,85.04020020576866,8.304707051344595
9557,83.9567779083644,8.198904092613711
9558,84.8317095725281,8.284346637942196
9559,83.9567779083644,8.198904092613711
9560,84.28355310890812,8.23081573329181
9561,84.63987849275809,8.265613134058407
9562,83.88470500402718,8.19186572304953
9563,85.02476188194754,8.30319940253394
9564,85.39412370603368,8.339269893167351
9565,84.63987849275809,8.265613134058407
9566,85.19965697177103,8.320279001149515
9567,83.56148017806512,8.160300798639172
9568,84.21093359522516,8.223723983908707
9569,1.514590945738493,0.1479092720447747
9570,83.9567779083644,8.198904092613711
9571,85.04020020576866,8.304707051344595
9572,85.18415934150133,8.318765560693489
9573,1.5017345588662612,0.14665376551428333
9574,84.36708519405525,8.238973163481958
9575,85.04020020576866,8.304707051344595
9576,84.62459288585667,8.26412039900944
9577,84.8317095725281,8.284346637942196
9578,84.78056515329313,8.279352065751281
9579,84.76522525283005,8.277854028596684
9580,83.88470500402718,8.19186572304953
9581,83.81911087563785,8.185460046449009
9582,84.63987849275809,8.265613134058407
9583,84.62459288585667,8.26412039900944
9584,84.69742160456961,8.27123257857125
9585,84.28355310890812,8.23081573329181
9586,1.5017345588662612,0.14665376551428333
9587,84.69742160456961,8.27123257857125
9588,1.5017345588662612,0.14665376551428333
9589,84.69742160456961,8.27123257857125
9590,85.39412370603368,8.339269893167351
9591,84.1446629218648,8.21725223846336
9592,84.53992958897125,8.255852498922973
9593,1.520057629385323,0.14844312786966044
9594,84.53992958897125,8.255852498922973
9595,84.53992958897125,8.255852498922973
9596,85.19965697177103,8.320279001149515
9597,84.56704356763748,8.258500348402098
9598,1.4221627406752453,0.13888308014406692
9599,84.78056515329313,8.279352065751281
9600,1.5017345588662612,0.14665376551428333
9601,84.21093359522516,8.223723983908707
9602,84.37649927238789,8.23989250706913
9603,85.23392990164103,8.323625966957133
9604,85.02476188194754,8.30319940253394
9605,84.8317095725281,8.284346637942196
9606,1.515298757929704,0.14797839432907264
9607,85.39412370603368,8.339269893167351
9608,85.04020020576866,8.304707051344595
9609,83.56148017806512,8.160300798639172
9610,1.520057629385323,0.14844312786966044
9611,84.56704356763748,8.258500348402098
9612,84.63987849275809,8.265613134058407
9613,1.5017345588662612,0.14665376551428333
9614,84.8317095725281,8.284346637942196
9615,84.97307133777325,8.29815149782942
9616,83.81911087563785,8.185460046449009
9617,84.53992958897125,8.255852498922973
9618,84.28355310890812,8.23081573329181
9619,84.56704356763748,8.258500348402098
9620,1.515298757929704,0.14797839432907264
9621,84.63987849275809,8.265613134058407
9622,84.36131712533233,8.238409875520736
9623,1.514590945738493,0.1479092720447747
9624,83.56148017806512,8.160300798639172
9625,1.515298757929704,0.14797839432907264
9626,84.56704356763748,8.258500348402098
9627,1.5017345588662612,0.14665376551428333
9628,83.81911087563785,8.185460046449009
9629,84.21093359522516,8.223723983908707
9630,83.56148017806512,8.160300798639172
9631,84.78056515329313,8.279352065751281
9632,85.19965697177103,8.320279001149515
9633,85.19965697177103,8.320279001149515
9634,1.514590945738493,0.1479092720447747
9635,84.37649927238789,8.23989250706913
9636,85.04020020576866,8.304707051344595
9637,1.514590945738493,0.1479092720447747
9638,1.5017345588662612,0.14665376551428333
9639,84.37649927238789,8.23989250706913
9640,83.88470500402718,8.19186572304953
9641,84.76522525283005,8.277854028596684
9642,83.81911087563785,8.185460046449009
9643,83.81911087563785,8.185460046449009
9644,85.04020020576866,8.304707051344595
9645,1.515298757929704,0.14797839432907264
9646,84.62459288585667,8.26412039900944
9647,83.56148017806512,8.160300798639172
9648,83.81911087563785,8.185460046449009
9649,85.39412370603368,8.339269893167351
9650,84.56704356763748,8.258500348402098
9651,83.88470500402718,8.19186572304953
9652,84.1446629218648,8.21725223846336
9653,1.4221627406752453,0.13888308014406692
9654,84.8317095725281,8.284346637942196
9655,1.514590945738493,0.1479092720447747
9656,83.81911087563785,8.185460046449009
9657,84.8317095725281,8.284346637942196
9658,1.520057629385323,0.14844312786966044
9659,84.62459288585667,8.26412039900944
9660,1.5017345588662612,0.14665376551428333
9661,83.56148017806512,8.160300798639172
9662,84.69742160456961,8.27123257857125
9663,1.4221627406752453,0.13888308014406692
9664,83.88470500402718,8.19186572304953
9665,84.28355310890812,8.23081573329181
9666,84.76522525283005,8.277854028596684
9667,84.69742160456961,8.27123257857125
9668,84.28355310890812,8.23081573329181
9669,85.23392990164103,8.323625966957133
9670,1.5017345588662612,0.14665376551428333
9671,84.36708519405525,8.238973163481958
9672,85.18415934150133,8.318765560693489
9673,1.514590945738493,0.1479092720447747
9674,85.04020020576866,8.304707051344595
9675,83.9567779083644,8.198904092613711
9676,85.19965697177103,8.320279001149515
9677,83.88470500402718,8.19186572304953
9678,83.56148017806512,8.160300798639172
9679,1.5017345588662612,0.14665376551428333
9680,84.53992958897125,8.255852498922973
9681,83.88470500402718,8.19186572304953
9682,84.53992958897125,8.255852498922973
9683,83.88470500402718,8.19186572304953
9684,84.56704356763748,8.258500348402098
9685,84.53992958897125,8.255852498922973
9686,85.23392990164103,8.323625966957133
9687,84.36131712533233,8.238409875520736
9688,1.514590945738493,0.1479092720447747
9689,84.28355310890812,8.23081573329181
9690,84.63987849275809,8.265613134058407
9691,84.56704356763748,8.258500348402098
9692,84.97307133777325,8.29815149782942
9693,83.56148017806512,8.160300798639172
9694,1.5017345588662612,0.14665376551428333
9695,84.62459288585667,8.26412039900944
9696,83.9567779083644,8.198904092613711
9697,85.04020020576866,8.304707051344595
9698,84.36708519405525,8.238973163481958
9699,85.39412370603368,8.339269893167351
9700,84.97307133777325,8.29815149782942
9701,85.18415934150133,8.318765560693489
9702,1.514590945738493,0.1479092720447747
9703,84.28355310890812,8.23081573329181
9704,85.39412370603368,8.339269893167351
9705,84.56704356763748,8.258500348402098
9706,83.81911087563785,8.185460046449009
9707,84.8317095725281,8.284346637942196
9708,84.36131712533233,8.238409875520736
9709,84.62459288585667,8.26412039900944
9710,84.36131712533233,8.238409875520736
9711,83.88470500402718,8.19186572304953
9712,1.514590945738493,0.1479092720447747
9713,83.56148017806512,8.160300798639172
9714,84.76522525283005,8.277854028596684
9715,83.88470500402718,8.19186572304953
9716,84.69742160456961,8.27123257857125
9717,1.514590945738493,0.1479092720447747
9718,85.19965697177103,8.320279001149515
9719,84.21093359522516,8.223723983908707
9720,85.02476188194754,8.30319940253394
9721,1.4221627406752453,0.13888308014406692
9722,83.81911087563785,8.185460046449009
9723,84.36708519405525,8.238973163481958
9724,1.5017345588662612,0.14665376551428333
9725,1.520057629385323,0.14844312786966044
9726,84.69742160456961,8.27123257857125
9727,83.81911087563785,8.185460046449009
9728,84.62459288585667,8.26412039900944
9729,83.81911087563785,8.185460046449009
9730,85.02476188194754,8.30319940253394
9731,83.81911087563785,8.185460046449009
9732,1.520057629385323,0.14844312786966044
9733,85.39412370603368,8.339269893167351
9734,1.4221627406752453,0.13888308014406692
9735,85.04020020576866,8.304707051344595
9736,1.514590945738493,0.1479092720447747
9737,83.9567779083644,8.198904092613711
9738,84.97307133777325,8.29815149782942
9739,84.36708519405525,8.238973163481958
9740,1.5017345588662612,0.14665376551428333
9741,84.21093359522516,8.223723983908707
9742,85.18415934150133,8.318765560693489
9743,85.18415934150133,8.318765560693489
9744,1.4221627406752453,0.13888308014406692
9745,1.4221627406752453,0.13888308014406692
9746,84.37649927238789,8.23989250706913
9747,85.39412370603368,8.339269893167351
9748,84.8317095725281,8.284346637942196
9749,84.69742160456961,8.27123257857125
9750,1.4221627406752453,0.13888308014406692
9751,84.97307133777325,8.29815149782942
9752,85.04020020576866,8.304707051344595
9753,84.8317095725281,8.284346637942196
9754,84.8317095725281,8.284346637942196
9755,83.9567779083644,8.198904092613711
9756,85.04020020576866,8.304707051344595
9757,84.53992958897125,8.255852498922973
9758,1.4221627406752453,0.13888308014406692
9759,1.515298757929704,0.14797839432907264
9760,84.36708519405525,8.238973163481958
9761,84.62459288585667,8.26412039900944
9762,1.514590945738493,0.1479092720447747
9763,1.514590945738493,0.1479092720447747
9764,84.63987849275809,8.265613134058407
9765,83.9567779083644,8.198904092613711
9766,85.19965697177103,8.320279001149515
9767,1.514590945738493,0.1479092720447747
9768,85.18415934150133,8.318765560693489
9769,1.515298757929704,0.14797839432907264
9770,84.62459288585667,8.26412039900944
9771,1.515298757929704,0.14797839432907264
9772,1.5017345588662612,0.14665376551428333
9773,83.9567779083644,8.198904092613711
9774,83.9567779083644,8.198904092613711
9775,1.515298757929704,0.14797839432907264
9776,84.76522525283005,8.277854028596684
9777,84.53992958897125,8.255852498922973
9778,1.515298757929704,0.14797839432907264
9779,84.1446629218648,8.21725223846336
9780,84.63987849275809,8.265613134058407
9781,85.19965697177103,8.320279001149515
9782,84.69742160456961,8.27123257857125
9783,84.1446629218648,8.21725223846336
9784,85.04020020576866,8.304707051344595
9785,84.8317095725281,8.284346637942196
9786,84.62459288585667,8.26412039900944
9787,84.28355310890812,8.23081573329181
9788,84.97307133777325,8.29815149782942
9789,84.63987849275809,8.265613134058407
9790,85.02476188194754,8.30319940253394
9791,1.515298757929704,0.14797839432907264
9792,1.520057629385323,0.14844312786966044
9793,84.36708519405525,8.238973163481958
9794,84.36131712533233,8.238409875520736
9795,84.97307133777325,8.29815149782942
9796,84.36708519405525,8.238973163481958
9797,84.97307133777325,8.29815149782942
9798,1.520057629385323,0.14844312786966044
9799,84.78056515329313,8.279352065751281
9800,1.520057629385323,0.14844312786966044
9801,85.18415934150133,8.318765560693489
9802,84.36708519405525,8.238973163481958
9803,84.37649927238789,8.23989250706913
9804,1.514590945738493,0.1479092720447747
9805,1.520057629385323,0.14844312786966044
9806,84.63987849275809,8.265613134058407
9807,84.63987849275809,8.265613134058407
9808,83.88470500402718,8.19186572304953
9809,1.520057629385323,0.14844312786966044
9810,84.62459288585667,8.26412039900944
9811,84.28355310890812,8.23081573329181
9812,83.56148017806512,8.160300798639172
9813,84.76522525283005,8.277854028596684
9814,1.515298757929704,0.14797839432907264
9815,84.56704356763748,8.258500348402098
9816,84.37649927238789,8.23989250706913
9817,85.23392990164103,8.323625966957133
9818,85.04020020576866,8.304707051344595
9819,84.63987849275809,8.265613134058407
9820,84.36708519405525,8.238973163481958
9821,1.515298757929704,0.14797839432907264
9822,85.19965697177103,8.320279001149515
9823,83.9567779083644,8.198904092613711
9824,85.18415934150133,8.318765560693489
9825,83.88470500402718,8.19186572304953
9826,84.36708519405525,8.238973163481958
9827,84.76522525283005,8.277854028596684
9828,84.36708519405525,8.238973163481958
9829,1.515298757929704,0.14797839432907264
9830,84.1446629218648,8.21725223846336
9831,83.81911087563785,8.185460046449009
9832,84.63987849275809,8.265613134058407
9833,83.9567779083644,8.198904092613711
9834,85.39412370603368,8.339269893167351
9835,1.520057629385323,0.14844312786966044
9836,83.9567779083644,8.198904092613711
9837,85.04020020576866,8.304707051344595
9838,1.515298757929704,0.14797839432907264
9839,84.76522525283005,8.277854028596684
9840,85.23392990164103,8.323625966957133
9841,85.02476188194754,8.30319940253394
9842,84.97307133777325,8.29815149782942
9843,85.19965697177103,8.320279001149515
9844,84.36131712533233,8.238409875520736
9845,1.515298757929704,0.14797839432907264
9846,1.4221627406752453,0.13888308014406692
9847,84.62459288585667,8.26412039900944
9848,83.56148017806512,8.160300798639172
9849,84.53992958897125,8.255852498922973
9850,85.23392990164103,8.323625966957133
9851,84.53992958897125,8.255852498922973
9852,85.02476188194754,8.30319940253394
9853,84.76522525283005,8.277854028596684
9854,85.19965697177103,8.320279001149515
9855,1.515298757929704,0.14797839432907264
9856,84.8317095725281,8.284346637942196
9857,85.18415934150133,8.318765560693489
9858,83.9567779083644,8.198904092613711
9859,85.02476188194754,8.30319940253394
9860,84.28355310890812,8.23081573329181
9861,84.21093359522516,8.223723983908707
9862,83.56148017806512,8.160300798639172
9863,85.39412370603368,8.339269893167351
9864,83.81911087563785,8.185460046449009
9865,83.88470500402718,8.19186572304953
9866,85.19965697177103,8.320279001149515
9867,84.69742160456961,8.27123257857125
9868,85.18415934150133,8.318765560693489
9869,84.1446629218648,8.21725223846336
9870,83.88470500402718,8.19186572304953
9871,85.23392990164103,8.323625966957133
9872,84.37649927238789,8.23989250706913
9873,84.63987849275809,8.265613134058407
9874,84.1446629218648,8.21725223846336
9875,1.4221627406752453,0.13888308014406692
9876,85.18415934150133,8.318765560693489
9877,84.36131712533233,8.238409875520736
9878,84.69742160456961,8.27123257857125
9879,84.62459288585667,8.26412039900944
9880,1.515298757929704,0.14797839432907264
9881,85.02476188194754,8.30319940253394
9882,84.63987849275809,8.265613134058407
9883,1.5017345588662612,0.14665376551428333
9884,85.39412370603368,8.339269893167351
9885,1.514590945738493,0.1479092720447747
9886,1.514590945738493,0.1479092720447747
9887,84.69742160456961,8.27123257857125
9888,84.8317095725281,8.284346637942196
9889,84.8317095725281,8.284346637942196
9890,84.69742160456961,8.27123257857125
9891,84.63987849275809,8.265613134058407
9892,84.37649927238789,8.23989250706913
9893,84.36708519405525,8.238973163481958
9894,84.76522525283005,8.277854028596684
9895,1.514590945738493,0.1479092720447747
9896,84.8317095725281,8.284346637942196
9897,85.04020020576866,8.304707051344595
9898,84.76522525283005,8.277854028596684
9899,84.97307133777325,8.29815149782942
9900,84.62459288585667,8.26412039900944
9901,85.18415934150133,8.318765560693489
9902,83.81911087563785,8.185460046449009
9903,83.9567779083644,8.198904092613711
9904,83.88470500402718,8.19186572304953
9905,84.36708519405525,8.238973163481958
9906,84.62459288585667,8.26412039900944
9907,1.514590945738493,0.1479092720447747
9908,84.56704356763748,8.258500348402098
9909,84.56704356763748,8.258500348402098
9910,85.19965697177103,8.320279001149515
9911,84.37649927238789,8.23989250706913
9912,1.515298757929704,0.14797839432907264
9913,85.04020020576866,8.304707051344595
9914,83.88470500402718,8.19186572304953
9915,85.39412370603368,8.339269893167351
9916,84.76522525283005,8.277854028596684
9917,83.9567779083644,8.198904092613711
9918,84.97307133777325,8.29815149782942
9919,85.04020020576866,8.304707051344595
9920,84.36131712533233,8.238409875520736
9921,85.19965697177103,8.320279001149515
9922,84.28355310890812,8.23081573329181
9923,85.39412370603368,8.339269893167351
9924,84.56704356763748,8.258500348402098
9925,84.53992958897125,8.255852498922973
9926,85.39412370603368,8.339269893167351
9927,1.514590945738493,0.1479092720447747
9928,85.18415934150133,8.318765560693489
9929,84.63987849275809,8.265613134058407
9930,84.97307133777325,8.29815149782942
9931,84.21093359522516,8.223723983908707
9932,84.53992958897125,8.255852498922973
9933,85.19965697177103,8.320279001149515
9934,84.78056515329313,8.279352065751281
9935,85.02476188194754,8.30319940253394
9936,85.18415934150133,8.318765560693489
9937,84.21093359522516,8.223723983908707
9938,85.39412370603368,8.339269893167351
9939,84.37649927238789,8.23989250706913
9940,83.88470500402718,8.19186572304953
9941,85.04020020576866,8.304707051344595
9942,84.76522525283005,8.277854028596684
9943,84.97307133777325,8.29815149782942
9944,84.1446629218648,8.21725223846336
9945,84.21093359522516,8.223723983908707
9946,83.9567779083644,8.198904092613711
9947,84.36708519405525,8.238973163481958
9948,1.5017345588662612,0.14665376551428333
9949,85.23392990164103,8.323625966957133
9950,84.1446629218648,8.21725223846336
9951,83.81911087563785,8.185460046449009
9952,84.37649927238789,8.23989250706913
9953,84.21093359522516,8.223723983908707
9954,84.97307133777325,8.29815149782942
9955,83.81911087563785,8.185460046449009
9956,1.515298757929704,0.14797839432907264
9957,1.520057629385323,0.14844312786966044
9958,84.36131712533233,8.238409875520736
9959,84.76522525283005,8.277854028596684
9960,84.62459288585667,8.26412039900944
9961,84.36708519405525,8.238973163481958
9962,84.36131712533233,8.238409875520736
9963,84.62459288585667,8.26412039900944
9964,1.515298757929704,0.14797839432907264
9965,1.514590945738493,0.1479092720447747
9966,84.36708519405525,8.238973163481958
9967,84.36708519405525,8.238973163481958
9968,1.520057629385323,0.14844312786966044
9969,1.515298757929704,0.14797839432907264
9970,84.8317095725281,8.284346637942196
9971,84.8317095725281,8.284346637942196
9972,84.69742160456961,8.27123257857125
9973,83.88470500402718,8.19186572304953
9974,1.514590945738493,0.1479092720447747
9975,85.04020020576866,8.304707051344595
9976,85.39412370603368,8.339269893167351
9977,85.04020020576866,8.304707051344595
9978,84.63987849275809,8.265613134058407
9979,84.63987849275809,8.265613134058407
9980,84.62459288585667,8.26412039900944
9981,83.9567779083644,8.198904092613711
9982,1.520057629385323,0.14844312786966044
9983,84.36708519405525,8.238973163481958
9984,83.81911087563785,8.185460046449009
9985,84.37649927238789,8.23989250706913
9986,84.78056515329313,8.279352065751281
9987,84.37649927238789,8.23989250706913
9988,85.18415934150133,8.318765560693489
9989,85.39412370603368,8.339269893167351
9990,1.515298757929704,0.14797839432907264
9991,1.520057629385323,0.14844312786966044
9992,1.520057629385323,0.14844312786966044
9993,85.02476188194754,8.30319940253394
9994,83.88470500402718,8.19186572304953
9995,85.39412370603368,8.339269893167351
9996,85.19965697177103,8.320279001149515
9997,84.53992958897125,8.255852498922973
9998,83.81911087563785,8.185460046449009
9999,83.9567779083644,8.198904092613711
10000,84.36708519405525,8.238973163481958
